Activity Date,Activity Name,Distance,Moving Time,Average Speed,Elevation Gain,Average Grade,Max Grade,Average Heart Rate,Max Heart Rate,Relative Effort,Average Cadence,Calories,Average Temperature,Dirt Distance,Moving Time Minutes,Pace Min Per KM,Run Type,Year,Month,Efficiency
2026-04-17 14:19:24,Afternoon Trail Run,5.09,2291.0,2.222,187.0,-0.1,48.9,131.0,158.0,22.0,79.0,328.0,24.0,456.1,38.18,7.5,Trail,2026,4,0.982
2026-04-16 14:44:10,Afternoon Trail Run,7.05,3498.0,2.016,300.0,0.0,47.7,131.0,164.0,31.0,74.0,464.0,23.0,6165.7,58.3,8.27,Trail,2026,4,1.083
2026-04-15 07:57:15,Morning Run,8.2,3175.0,2.583,79.0,0.0,25.5,150.0,169.0,86.0,82.0,479.0,22.0,7489.0,52.92,6.45,Road,2026,4,0.968
2026-04-14 09:04:17,Lunch Run,7.13,2455.0,2.907,6.0,0.0,15.4,147.0,158.0,61.0,83.0,406.0,23.0,7063.6,40.92,5.74,Road,2026,4,0.844
2026-04-11 14:32:40,Afternoon Run,9.04,4453.0,2.03,273.0,-0.5,49.6,143.0,170.0,84.0,78.0,606.0,22.0,6762.5,74.22,8.21,Road,2026,4,1.174
2026-04-10 14:34:57,Afternoon Run,6.75,2630.0,2.569,127.0,0.0,22.5,137.0,152.0,34.0,82.0,384.0,25.0,0.0,43.83,6.49,Road,2026,4,0.889
2026-04-09 10:45:45,Afternoon Run,7.5,2429.0,3.088,55.0,-0.1,14.3,154.0,165.0,79.0,84.0,402.0,25.0,0.0,40.48,5.4,Road,2026,4,0.832
2026-04-08 10:00:50,Afternoon Run,5.11,1826.0,2.802,4.0,-0.1,2.3,138.0,161.0,29.0,84.0,287.0,31.0,0.0,30.43,5.95,Road,2026,4,0.821
2026-04-07 10:25:28,Afternoon Run,2.47,1001.0,2.473,26.0,0.1,11.0,138.0,155.0,14.0,83.0,158.0,29.0,0.0,16.68,6.75,Road,2026,4,0.932
2026-04-06 16:45:14,Evening Run,3.03,1275.0,2.378,32.0,-0.1,12.1,144.0,157.0,30.0,83.0,193.0,19.0,0.0,21.25,7.01,Road,2026,4,1.009
2026-03-29 06:34:17,Krokodeilos trail 21km,20.74,11372.0,1.824,1326.0,0.0,50.0,161.0,189.0,479.0,70.0,1633.0,21.0,13437.7,189.53,9.14,Trail,2026,3,1.472
2026-03-27 11:30:30,Afternoon Trail Run,3.69,1697.0,2.178,170.0,-0.1,50.0,134.0,159.0,23.0,69.0,220.0,20.0,2508.6,28.28,7.66,Trail,2026,3,1.026
2026-03-26 11:31:54,Afternoon Trail Run,6.0,2764.0,2.171,255.0,0.0,46.9,134.0,167.0,33.0,74.0,375.0,25.0,4863.4,46.07,7.68,Trail,2026,3,1.029
2026-03-25 10:41:18,Lunch Run,8.04,3286.0,2.447,40.0,0.1,19.4,144.0,160.0,71.0,83.0,475.0,22.0,1316.3,54.77,6.81,Road,2026,3,0.981
2026-03-22 10:02:02,Half marathon Warsow,21.31,6221.0,3.426,81.0,0.0,5.6,158.0,175.0,230.0,89.0,1155.0,20.0,0.0,103.68,4.87,Road,2026,3,0.769
2026-03-21 07:14:55,Morning Run,5.98,2263.0,2.646,49.0,0.0,42.2,140.0,156.0,38.0,85.0,363.0,17.0,1397.0,37.72,6.31,Road,2026,3,0.883
2026-03-19 11:32:42,Afternoon Trail Run,8.2,3388.0,2.421,264.0,-0.1,49.5,153.0,185.0,107.0,75.0,533.0,18.0,6972.9,56.47,6.89,Trail,2026,3,1.054
2026-03-17 11:36:35,Afternoon Trail Run,8.43,4006.0,2.105,511.0,0.0,49.6,151.0,180.0,115.0,72.0,590.0,19.0,5799.6,66.77,7.92,Trail,2026,3,1.196
2026-03-16 11:45:41,Afternoon Run,8.31,2864.0,2.905,69.0,0.0,15.9,149.0,172.0,76.0,84.0,470.0,18.0,7534.5,47.73,5.74,Road,2026,3,0.855
2026-03-14 08:09:56,Morning Trail Run,17.1,9969.0,1.716,1324.0,3.4,49.5,147.0,173.0,246.0,69.0,1259.0,16.0,16390.6,166.15,9.72,Trail,2026,3,1.429
2026-03-13 15:21:25,Afternoon Run,9.6,3369.0,2.85,59.0,0.0,16.4,139.0,168.0,55.0,84.0,539.0,19.0,8826.8,56.15,5.85,Road,2026,3,0.813
2026-03-11 12:37:06,Afternoon Trail Run,11.68,4548.0,2.568,351.0,-0.1,17.2,143.0,173.0,87.0,82.0,664.0,22.0,7947.9,75.8,6.49,Trail,2026,3,0.928
2026-03-10 11:49:11,Afternoon Trail Run,8.57,3861.0,2.22,424.0,-0.1,49.5,150.0,187.0,104.0,74.0,561.0,22.0,5820.8,64.35,7.51,Trail,2026,3,1.126
2026-03-09 11:50:40,Afternoon Trail Run,6.0,2643.0,2.274,261.0,0.0,26.7,141.0,161.0,50.0,80.0,376.0,21.0,4385.4,44.05,7.34,Trail,2026,3,1.035
2026-03-08 14:36:24,Afternoon Trail Run,11.3,5727.0,1.973,258.0,0.0,23.0,120.0,140.0,21.0,79.0,618.0,20.0,10395.0,95.45,8.45,Trail,2026,3,1.014
2026-03-07 10:00:03,Lunch Trail Run,8.0,7471.0,1.072,1068.0,0.0,50.0,142.0,166.0,121.0,62.0,898.0,24.0,4267.1,124.52,15.56,Trail,2026,3,2.21
2026-03-06 15:44:15,Afternoon Run,10.51,3465.0,3.034,70.0,0.0,18.6,144.0,173.0,72.0,84.0,583.0,18.0,9724.2,57.75,5.49,Road,2026,3,0.791
2026-03-04 11:33:11,Afternoon Trail Run,15.06,5953.0,2.53,418.0,0.0,25.2,145.0,158.0,136.0,82.0,850.0,25.0,13159.6,99.22,6.59,Trail,2026,3,0.956
2026-03-03 11:30:30,Afternoon Run,9.06,3002.0,3.02,12.0,0.0,40.0,144.0,169.0,61.0,84.0,521.0,24.0,0.0,50.03,5.52,Road,2026,3,0.795
2026-03-02 11:27:02,Afternoon Run,6.6,2392.0,2.762,38.0,0.0,8.4,138.0,153.0,35.0,83.0,361.0,22.0,6582.7,39.87,6.04,Road,2026,3,0.834
2026-03-01 08:35:57,Morning Trail Run,20.0,9655.0,2.072,1025.0,0.0,49.6,147.0,180.0,240.0,75.0,1305.0,21.0,11125.4,160.92,8.05,Trail,2026,3,1.183
2026-02-28 09:34:24,Lunch Trail Run,4.13,3434.0,1.203,614.0,13.9,49.5,136.0,167.0,47.0,63.0,464.0,18.0,2059.1,57.23,13.86,Trail,2026,2,1.885
2026-02-27 16:53:14,Evening Run,7.8,2951.0,2.643,80.0,-0.1,18.9,141.0,168.0,53.0,81.0,465.0,13.0,7139.7,49.18,6.31,Road,2026,2,0.89
2026-02-25 11:04:44,Afternoon Trail Run,12.17,4698.0,2.591,299.0,0.0,30.8,144.0,171.0,101.0,81.0,722.0,22.0,10337.4,78.3,6.43,Trail,2026,2,0.926
2026-02-24 11:35:56,Afternoon Trail Run,8.0,3870.0,2.067,375.0,0.0,49.4,133.0,154.0,42.0,72.0,501.0,24.0,5760.7,64.5,8.06,Trail,2026,2,1.072
2026-02-23 09:58:33,Lunch Trail Run,7.5,3248.0,2.31,340.0,0.0,43.2,150.0,170.0,89.0,81.0,495.0,20.0,7344.3,54.13,7.22,Trail,2026,2,1.083
2026-02-22 09:23:12,Lunch Trail Run,5.29,2857.0,1.853,267.0,0.0,48.7,134.0,154.0,33.0,68.0,336.0,20.0,3190.8,47.62,9.0,Trail,2026,2,1.206
2026-02-21 09:15:08,Lunch Trail Run,16.0,7982.0,2.006,713.0,0.0,49.5,139.0,159.0,124.0,75.0,1016.0,24.0,10956.1,133.03,8.31,Trail,2026,2,1.155
2026-02-20 15:30:11,Afternoon Run,10.37,3774.0,2.749,93.0,0.1,44.4,139.0,163.0,62.0,83.0,584.0,17.0,9602.3,62.9,6.07,Road,2026,2,0.844
2026-02-18 13:51:24,Afternoon Trail Run,16.03,6373.0,2.516,401.0,0.0,28.6,149.0,171.0,160.0,82.0,948.0,19.0,12270.8,106.22,6.63,Trail,2026,2,0.988
2026-02-17 06:26:30,Morning Run,9.11,3084.0,2.956,61.0,0.0,22.2,146.0,165.0,70.0,85.0,536.0,17.0,8327.8,51.4,5.64,Road,2026,2,0.823
2026-02-14 08:34:24,Morning Trail Run,5.04,3874.0,1.303,608.0,11.2,50.0,148.0,174.0,91.0,67.0,568.0,22.0,3945.5,64.57,12.81,Trail,2026,2,1.896
2026-02-13 11:58:35,Afternoon Run,10.0,3708.0,2.698,25.0,0.0,25.9,147.0,172.0,85.0,85.0,559.0,21.0,0.0,61.8,6.18,Road,2026,2,0.908
2026-02-12 11:48:28,Afternoon Run,6.05,2222.0,2.723,52.0,0.1,10.1,146.0,160.0,52.0,85.0,347.0,23.0,0.0,37.03,6.12,Road,2026,2,0.894
2026-02-10 12:56:01,Afternoon Trail Run,15.83,6921.0,2.288,516.0,-0.1,45.8,144.0,164.0,135.0,78.0,1026.0,21.0,12893.2,115.35,7.29,Trail,2026,2,1.05
2026-02-09 11:49:08,Afternoon Trail Run,8.11,2964.0,2.738,155.0,0.0,14.5,152.0,188.0,89.0,83.0,476.0,22.0,4729.5,49.4,6.09,Trail,2026,2,0.926
2026-02-08 09:59:43,Lunch Trail Run,5.09,3891.0,1.308,618.0,11.5,50.0,136.0,154.0,59.0,60.0,493.0,22.0,4816.3,64.85,12.74,Trail,2026,2,1.733
2026-02-07 11:08:34,Afternoon Trail Run,13.67,5648.0,2.422,345.0,0.0,37.7,150.0,184.0,154.0,76.0,831.0,25.0,12158.8,94.13,6.89,Trail,2026,2,1.034
2026-02-04 15:13:24,Afternoon Run,3.08,1461.0,2.11,21.0,-0.4,17.6,142.0,157.0,25.0,84.0,215.0,20.0,2792.1,24.35,7.91,Road,2026,2,1.123
2026-02-03 09:59:46,Lunch Trail Run,15.0,6145.0,2.441,388.0,0.0,29.6,142.0,154.0,114.0,81.0,859.0,22.0,12762.6,102.42,6.83,Trail,2026,2,0.97
2026-02-02 11:33:22,Afternoon Run,8.01,2843.0,2.817,15.0,0.0,11.0,142.0,169.0,50.0,83.0,459.0,23.0,0.0,47.38,5.92,Road,2026,2,0.841
2026-02-01 10:01:11,Lunch Trail Run,6.38,3274.0,1.949,352.0,0.0,40.0,138.0,156.0,46.0,74.0,433.0,23.0,3133.0,54.57,8.55,Trail,2026,2,1.18
2026-01-31 10:49:07,Lunch Trail Run,17.0,6731.0,2.526,414.0,0.0,44.1,142.0,156.0,119.0,82.0,989.0,23.0,15680.8,112.18,6.6,Trail,2026,1,0.937
2026-01-30 15:25:15,Afternoon Run,7.05,2515.0,2.803,59.0,0.0,21.6,145.0,158.0,55.0,84.0,401.0,21.0,6247.5,41.92,5.95,Road,2026,1,0.863
2026-01-29 17:07:04,Evening Run,5.2,1943.0,2.678,116.0,0.0,47.5,154.0,176.0,60.0,81.0,313.0,21.0,0.0,32.38,6.23,Road,2026,1,0.959
2026-01-28 14:12:30,Afternoon Trail Run,13.44,5677.0,2.369,453.0,0.0,46.3,142.0,165.0,103.0,78.0,775.0,20.0,10297.0,94.62,7.04,Trail,2026,1,1.0
2026-01-26 11:35:47,Afternoon Run,7.29,2017.0,3.614,0.0,0.0,0.0,152.0,168.0,58.0,83.0,320.0,24.0,0.0,33.62,4.61,Road,2026,1,0.701
2026-01-25 12:17:10,Afternoon Trail Run,9.8,3959.0,2.476,278.0,0.0,48.9,149.0,168.0,100.0,76.0,585.0,20.0,3030.5,65.98,6.73,Trail,2026,1,1.003
2026-01-24 08:19:59,Morning Trail Run,7.16,3664.0,1.954,289.0,-0.1,48.7,140.0,161.0,55.0,72.0,490.0,23.0,5732.5,61.07,8.53,Trail,2026,1,1.194
2026-01-23 11:54:51,Afternoon Run,5.01,1736.0,2.888,3.0,0.0,6.3,131.0,153.0,18.0,86.0,280.0,21.0,0.0,28.93,5.77,Road,2026,1,0.756
2026-01-22 17:43:41,Evening Run,7.0,2268.0,3.09,0.0,0.0,0.0,140.0,169.0,42.0,78.0,304.0,24.0,0.0,37.8,5.4,Road,2026,1,0.756
2026-01-20 17:49:13,Evening Run,5.45,1809.0,3.014,0.0,0.0,0.0,138.0,169.0,32.0,80.0,243.0,23.0,0.0,30.15,5.53,Road,2026,1,0.763
2026-01-18 09:13:30,Lunch Trail Run,11.0,7149.0,1.539,669.0,0.0,49.2,113.0,159.0,28.0,61.0,865.0,13.0,10082.9,119.15,10.83,Trail,2026,1,1.224
2026-01-16 14:28:32,Afternoon Run,10.35,3763.0,2.751,32.0,0.0,10.3,139.0,161.0,59.0,84.0,608.0,19.0,4091.9,62.72,6.06,Road,2026,1,0.842
2026-01-12 11:03:06,Afternoon Run,6.75,1874.0,3.605,0.0,0.0,0.0,136.0,156.0,29.0,84.0,256.0,22.0,0.0,31.23,4.63,Road,2026,1,0.63
2026-01-11 09:03:51,Lunch Trail Run,9.0,5143.0,1.751,531.0,0.0,50.0,134.0,168.0,60.0,68.0,583.0,20.0,5508.2,85.72,9.52,Trail,2026,1,1.276
2026-01-10 10:54:06,Lunch Trail Run,13.75,6060.0,2.27,416.0,0.0,47.7,151.0,167.0,164.0,77.0,881.0,26.0,11395.1,101.0,7.35,Trail,2026,1,1.11
2026-01-09 06:53:59,Morning Run,3.16,1139.0,2.779,38.0,0.0,15.0,141.0,157.0,20.0,84.0,178.0,16.0,2215.2,18.98,6.01,Road,2026,1,0.847
2026-01-07 14:06:46,Afternoon Trail Run,10.19,4193.0,2.432,252.0,-0.1,32.1,137.0,153.0,53.0,81.0,596.0,21.0,9369.2,69.88,6.86,Trail,2026,1,0.94
2026-01-06 10:37:15,Lunch Trail Run,8.0,5070.0,1.579,624.0,0.0,49.6,140.0,161.0,79.0,70.0,646.0,20.0,6243.2,84.5,10.56,Trail,2026,1,1.478
2026-01-05 09:14:30,Lunch Run,7.06,2612.0,2.705,98.0,0.1,23.4,151.0,166.0,73.0,84.0,414.0,21.0,6390.3,43.53,6.17,Road,2026,1,0.932
2026-01-01 09:28:37,Lunch Run,6.01,1959.0,3.067,2.0,0.0,1.2,151.0,161.0,54.0,85.0,335.0,16.0,0.0,32.65,5.43,Road,2026,1,0.82
2025-12-28 09:51:55,Lunch Trail Run,7.19,3320.0,2.166,348.0,0.0,24.0,150.0,180.0,89.0,79.0,515.0,20.0,0.0,55.33,7.7,Trail,2025,12,1.155
2025-12-25 09:44:28,Lunch Trail Run,8.82,4194.0,2.103,260.0,-0.1,35.4,133.0,156.0,43.0,80.0,509.0,23.0,8115.1,69.9,7.93,Trail,2025,12,1.055
2025-12-24 06:53:34,Morning Trail Run,8.8,4292.0,2.051,405.0,0.0,50.0,149.0,171.0,109.0,74.0,618.0,20.0,5022.1,71.53,8.13,Trail,2025,12,1.211
2025-12-23 14:11:26,Afternoon Trail Run,7.46,3155.0,2.366,330.0,-0.2,48.5,159.0,189.0,124.0,79.0,500.0,18.0,5296.6,52.58,7.05,Trail,2025,12,1.121
2025-12-22 07:01:15,Morning Trail Run,6.01,2130.0,2.823,62.0,0.1,17.0,150.0,162.0,57.0,83.0,338.0,19.0,5157.8,35.5,5.91,Trail,2025,12,0.886
2025-12-21 09:53:03,Lunch Trail Run,2.72,2868.0,0.948,592.0,21.3,50.0,132.0,164.0,38.0,52.0,418.0,19.0,1545.1,47.8,17.57,Trail,2025,12,2.319
2025-12-18 12:08:20,Afternoon Trail Run,9.35,4133.0,2.263,370.0,-0.1,42.7,147.0,176.0,93.0,76.0,595.0,22.0,6864.0,68.88,7.37,Trail,2025,12,1.083
2025-12-17 11:32:57,Afternoon Trail Run,5.04,2557.0,1.971,287.0,-0.1,47.1,142.0,168.0,43.0,69.0,340.0,24.0,3501.4,42.62,8.46,Trail,2025,12,1.201
2025-12-16 08:12:49,Morning Run,6.01,2278.0,2.64,42.0,-0.1,34.9,140.0,154.0,39.0,82.0,340.0,19.0,5455.8,37.97,6.32,Road,2025,12,0.885
2025-12-07 07:46:09,Morning Trail Run,20.94,13848.0,1.512,1804.0,3.1,49.6,152.0,182.0,410.0,64.0,1740.0,18.0,4886.5,230.8,11.02,Trail,2025,12,1.675
2025-12-04 11:48:52,Afternoon Trail Run,4.99,2051.0,2.437,200.0,0.0,47.2,143.0,162.0,37.0,79.0,298.0,22.0,3821.0,34.18,6.85,Trail,2025,12,0.98
2025-12-03 11:38:51,Afternoon Run,4.41,1695.0,2.603,35.0,0.2,19.8,141.0,152.0,30.0,81.0,250.0,21.0,3658.0,28.25,6.41,Road,2025,12,0.904
2025-11-30 07:04:39,Dirfys 32 km,31.48,13860.0,2.272,1677.0,0.0,50.0,155.0,175.0,436.0,76.0,2002.0,14.0,16175.6,231.0,7.34,Road,2025,11,1.138
2025-11-30 06:38:06,Morning Trail Run,2.28,832.0,2.751,12.0,-3.1,19.9,138.0,156.0,12.0,82.0,145.0,16.0,0.0,13.87,6.08,Trail,2025,11,0.839
2025-11-29 09:14:18,Lunch Run,2.11,940.0,2.245,34.0,0.3,24.8,133.0,147.0,8.0,81.0,120.0,22.0,1608.1,15.67,7.43,Road,2025,11,0.988
2025-11-28 15:11:07,Afternoon Trail Run,6.17,2311.0,2.672,36.0,-0.1,18.8,134.0,151.0,25.0,82.0,314.0,20.0,5993.0,38.52,6.24,Trail,2025,11,0.836
2025-11-27 11:17:20,Afternoon Trail Run,5.69,2252.0,2.53,157.0,0.0,24.8,137.0,151.0,29.0,81.0,323.0,24.0,4809.1,37.53,6.6,Trail,2025,11,0.904
2025-11-26 11:28:44,Afternoon Trail Run,6.48,2781.0,2.332,247.0,-0.1,48.1,141.0,164.0,43.0,77.0,397.0,24.0,4918.3,46.35,7.15,Trail,2025,11,1.008
2025-11-25 11:01:52,Afternoon Run,10.01,3428.0,2.922,18.0,0.0,30.1,141.0,179.0,59.0,82.0,566.0,26.0,0.0,57.13,5.71,Road,2025,11,0.805
2025-11-23 09:46:18,Lunch Trail Run,14.01,5231.0,2.679,448.0,0.9,27.2,160.0,191.0,210.0,83.0,873.0,23.0,9190.9,87.18,6.22,Trail,2025,11,0.995
2025-11-22 08:47:14,Morning Trail Run,6.64,4059.0,1.637,668.0,8.8,50.0,152.0,167.0,110.0,70.0,653.0,20.0,3790.5,67.65,10.19,Trail,2025,11,1.549
2025-11-21 06:31:42,Morning Run,6.62,2696.0,2.457,136.0,0.0,30.0,142.0,160.0,49.0,82.0,392.0,24.0,5274.6,44.93,6.79,Road,2025,11,0.964
2025-11-19 14:06:43,Afternoon Trail Run,11.0,5137.0,2.141,428.0,-0.1,48.7,137.0,166.0,69.0,74.0,705.0,22.0,7046.8,85.62,7.78,Trail,2025,11,1.066
2025-11-18 11:33:52,Afternoon Trail Run,11.15,4130.0,2.7,230.0,-0.1,34.3,140.0,161.0,69.0,82.0,627.0,25.0,10105.5,68.83,6.17,Trail,2025,11,0.864
2025-11-17 06:46:37,Morning Run,4.2,1743.0,2.41,28.0,-0.2,34.1,134.0,150.0,15.0,83.0,224.0,22.0,3470.9,29.05,6.92,Road,2025,11,0.927
2025-11-16 09:50:43,Lunch Trail Run,16.01,5782.0,2.769,187.0,0.0,23.9,139.0,160.0,82.0,84.0,888.0,25.0,15335.1,96.37,6.02,Trail,2025,11,0.837
2025-11-15 08:16:07,Morning Trail Run,12.21,5733.0,2.131,659.0,0.0,50.0,146.0,193.0,130.0,69.0,768.0,25.0,8265.2,95.55,7.83,Trail,2025,11,1.143
2025-11-14 16:12:13,Evening Run,10.12,3513.0,2.883,180.0,0.0,27.5,142.0,170.0,60.0,84.0,575.0,19.0,9306.0,58.55,5.79,Road,2025,11,0.822
2025-11-11 08:02:54,Morning Trail Run,12.2,7211.0,1.692,798.0,0.0,49.6,146.0,182.0,157.0,69.0,924.0,22.0,6997.9,120.18,9.85,Trail,2025,11,1.438
2025-11-10 17:56:29,Evening Run,9.72,3565.0,2.726,7.0,0.1,7.2,143.0,177.0,65.0,84.0,543.0,19.0,0.0,59.42,6.11,Road,2025,11,0.874
2025-11-09 07:23:06,Morning Trail Run,4.85,2949.0,1.646,411.0,0.1,45.9,136.0,156.0,39.0,70.0,353.0,26.0,941.8,49.15,10.13,Trail,2025,11,1.378
2025-11-08 07:52:24,Morning Trail Run,16.3,6792.0,2.4,526.0,0.1,50.0,146.0,171.0,155.0,77.0,951.0,23.0,12223.6,113.2,6.94,Trail,2025,11,1.013
2025-11-07 07:11:36,Morning Trail Run,15.08,6033.0,2.499,661.0,3.9,17.8,157.0,186.0,211.0,87.0,989.0,19.0,750.1,100.55,6.67,Trail,2025,11,1.047
2025-11-06 11:07:39,Afternoon Run,8.72,2987.0,2.92,15.0,0.0,7.3,142.0,162.0,54.0,86.0,461.0,25.0,0.0,49.78,5.71,Road,2025,11,0.811
2025-11-05 11:05:05,Afternoon Trail Run,9.27,3598.0,2.578,201.0,-0.1,24.1,141.0,156.0,60.0,83.0,515.0,22.0,8542.0,59.97,6.47,Trail,2025,11,0.912
2025-11-03 11:08:15,Afternoon Run,9.59,3261.0,2.942,2.0,0.0,5.8,143.0,172.0,57.0,83.0,537.0,29.0,0.0,54.35,5.67,Road,2025,11,0.811
2025-11-02 12:09:35,Afternoon Trail Run,6.75,3126.0,2.161,316.0,0.0,33.1,143.0,170.0,57.0,76.0,431.0,30.0,5612.4,52.1,7.72,Trail,2025,11,1.104
2025-11-01 12:38:02,Afternoon Trail Run,19.0,8620.0,2.205,951.0,0.0,49.6,149.0,177.0,233.0,77.0,1218.0,24.0,9953.7,143.67,7.56,Trail,2025,11,1.126
2025-10-31 16:23:30,Evening Run,11.02,3539.0,3.114,6.0,0.0,32.6,152.0,173.0,103.0,86.0,606.0,23.0,0.0,58.98,5.35,Road,2025,10,0.813
2025-10-29 11:34:59,Afternoon Run,8.2,2832.0,2.896,122.0,0.0,22.8,138.0,168.0,43.0,84.0,474.0,24.0,8202.8,47.2,5.76,Road,2025,10,0.795
2025-10-28 07:53:40,Morning Trail Run,15.02,6005.0,2.502,359.0,0.1,45.3,147.0,163.0,142.0,82.0,881.0,28.0,12867.4,100.08,6.66,Trail,2025,10,0.979
2025-10-26 08:19:11,Morning Trail Run,21.12,10489.0,2.013,974.0,0.0,49.1,147.0,167.0,245.0,75.0,1382.0,26.0,15715.0,174.82,8.28,Trail,2025,10,1.217
2025-10-25 10:41:30,Afternoon Trail Run,13.01,4921.0,2.644,219.0,0.0,29.0,146.0,175.0,111.0,83.0,750.0,28.0,12524.5,82.02,6.3,Trail,2025,10,0.92
2025-10-24 14:44:34,Afternoon Trail Run,8.11,3623.0,2.238,284.0,0.0,25.0,137.0,163.0,53.0,81.0,502.0,24.0,5822.8,60.38,7.45,Trail,2025,10,1.021
2025-10-23 10:50:07,Afternoon Trail Run,9.1,3344.0,2.722,201.0,0.0,22.7,146.0,168.0,76.0,83.0,519.0,28.0,8404.2,55.73,6.12,Trail,2025,10,0.894
2025-10-22 10:50:46,Afternoon Run,9.8,3312.0,2.962,4.0,0.0,13.1,146.0,170.0,72.0,84.0,546.0,26.0,0.0,55.2,5.63,Road,2025,10,0.822
2025-10-19 15:02:43,Evening Run,7.83,3655.0,2.142,205.0,0.0,26.4,128.0,149.0,21.0,81.0,455.0,22.0,5950.9,60.92,7.78,Road,2025,10,0.996
2025-10-18 07:35:24,Morning Trail Run,16.62,7072.0,2.35,639.0,0.0,49.6,147.0,169.0,166.0,76.0,1032.0,23.0,14029.0,117.87,7.09,Trail,2025,10,1.042
2025-10-16 09:35:06,Lunch Run,7.1,2648.0,2.684,67.0,0.0,23.5,142.0,169.0,48.0,82.0,398.0,25.0,1994.3,44.13,6.22,Road,2025,10,0.883
2025-10-15 10:12:37,Afternoon Trail Run,15.0,5626.0,2.667,345.0,0.0,21.1,145.0,165.0,124.0,84.0,862.0,26.0,12250.5,93.77,6.25,Trail,2025,10,0.906
2025-10-14 08:35:42,Lunch Trail Run,10.26,6365.0,1.612,679.0,0.0,49.6,138.0,163.0,84.0,71.0,753.0,21.0,9656.7,106.08,10.34,Trail,2025,10,1.427
2025-10-13 10:07:44,Afternoon Run,8.25,2914.0,2.833,6.0,0.0,11.3,142.0,174.0,49.0,84.0,448.0,28.0,0.0,48.57,5.89,Road,2025,10,0.836
2025-10-12 15:17:30,Evening Trail Run,6.73,3219.0,2.093,236.0,0.0,43.0,119.0,140.0,12.0,77.0,382.0,23.0,6001.1,53.65,7.97,Trail,2025,10,0.948
2025-10-11 15:49:56,Evening Run,6.01,2585.0,2.328,50.0,-0.1,45.7,127.0,143.0,14.0,83.0,343.0,23.0,5431.5,43.08,7.17,Road,2025,10,0.911
2025-10-05 06:00:07,Morning Trail Run,25.11,14110.0,1.78,1969.0,0.0,50.0,148.0,174.0,349.0,69.0,1652.0,16.0,3456.6,235.17,9.37,Trail,2025,10,1.387
2025-10-03 10:34:30,Afternoon Run,4.17,1413.0,2.952,3.0,-0.1,11.8,141.0,167.0,22.0,86.0,237.0,27.0,0.0,23.55,5.65,Road,2025,10,0.797
2025-10-01 14:27:46,Afternoon Trail Run,6.45,2531.0,2.549,255.0,0.1,49.6,140.0,182.0,40.0,81.0,385.0,23.0,4148.0,42.18,6.54,Trail,2025,10,0.916
2025-09-30 10:32:52,Afternoon Run,6.5,2084.0,3.121,4.0,0.0,4.4,138.0,172.0,31.0,85.0,351.0,26.0,0.0,34.73,5.34,Road,2025,9,0.737
2025-09-29 10:36:42,Afternoon Trail Run,8.73,3455.0,2.527,258.0,0.0,25.0,137.0,158.0,44.0,83.0,492.0,23.0,7864.4,57.58,6.6,Trail,2025,9,0.904
2025-09-28 09:35:02,Lunch Trail Run,13.0,4826.0,2.696,307.0,0.0,50.0,144.0,164.0,99.0,83.0,749.0,26.0,9991.7,80.43,6.19,Trail,2025,9,0.891
2025-09-27 08:25:16,Lunch Trail Run,18.75,8583.0,2.185,1078.0,3.1,50.0,152.0,177.0,255.0,79.0,1206.0,25.0,15245.6,143.05,7.63,Trail,2025,9,1.16
2025-09-25 10:46:02,Afternoon Run,8.7,2819.0,3.088,93.0,0.0,18.8,147.0,164.0,68.0,86.0,455.0,31.0,8706.4,46.98,5.4,Road,2025,9,0.794
2025-09-24 10:37:09,Afternoon Trail Run,6.03,2434.0,2.479,238.0,0.0,35.4,148.0,174.0,59.0,81.0,354.0,31.0,4215.3,40.57,6.73,Trail,2025,9,0.996
2025-09-23 10:28:43,Afternoon Run,7.23,2446.0,2.957,19.0,0.1,30.8,139.0,171.0,38.0,82.0,432.0,30.0,0.0,40.77,5.64,Road,2025,9,0.784
2025-09-22 10:30:02,Afternoon Trail Run,8.74,3444.0,2.539,207.0,0.0,31.7,149.0,165.0,89.0,82.0,508.0,32.0,7188.4,57.4,6.57,Trail,2025,9,0.979
2025-09-21 09:02:55,Lunch Trail Run,16.5,6223.0,2.653,535.0,0.0,46.6,148.0,173.0,155.0,84.0,945.0,27.0,13249.9,103.72,6.29,Trail,2025,9,0.931
2025-09-20 08:36:16,Lunch Trail Run,10.09,7691.0,1.312,1239.0,5.8,50.0,138.0,167.0,122.0,65.0,968.0,26.0,7658.8,128.18,12.7,Trail,2025,9,1.753
2025-09-19 15:56:21,Evening Run,10.7,3385.0,3.162,17.0,0.0,8.3,145.0,173.0,70.0,87.0,591.0,22.0,0.0,56.42,5.27,Road,2025,9,0.764
2025-09-18 10:27:59,Afternoon Trail Run,11.24,4004.0,2.808,278.0,0.0,30.5,147.0,163.0,96.0,84.0,636.0,26.0,10432.7,66.73,5.94,Trail,2025,9,0.873
2025-09-17 10:32:50,Afternoon Trail Run,9.0,4153.0,2.169,424.0,0.0,45.7,145.0,166.0,83.0,79.0,566.0,33.0,6252.5,69.22,7.69,Trail,2025,9,1.115
2025-09-16 16:02:14,Evening Run,7.4,2503.0,2.958,8.0,0.0,5.7,144.0,168.0,45.0,86.0,420.0,26.0,7404.9,41.72,5.64,Road,2025,9,0.812
2025-09-15 17:05:25,Evening Run,6.09,2096.0,2.906,59.0,-0.2,13.2,134.0,155.0,24.0,84.0,325.0,26.0,5944.6,34.93,5.74,Road,2025,9,0.769
2025-09-15 10:32:42,Afternoon Run,2.16,798.0,2.711,2.0,0.1,6.9,131.0,139.0,5.0,86.0,115.0,35.0,0.0,13.3,6.16,Road,2025,9,0.807
2025-09-13 07:56:38,Morning Trail Run,12.04,9916.0,1.214,1569.0,4.8,50.0,145.0,165.0,198.0,63.0,1257.0,29.0,11321.8,165.27,13.73,Trail,2025,9,1.991
2025-09-12 15:48:30,Evening Run,15.0,4922.0,3.049,4.0,0.0,39.3,152.0,171.0,143.0,87.0,815.0,29.0,14953.4,82.03,5.47,Road,2025,9,0.831
2025-09-10 10:42:09,Afternoon Run,7.05,2344.0,3.01,12.0,0.0,12.2,156.0,166.0,78.0,87.0,399.0,34.0,0.0,39.07,5.54,Road,2025,9,0.864
2025-09-09 11:24:21,Afternoon Trail Run,6.01,4819.0,1.247,733.0,0.0,50.0,139.0,164.0,85.0,62.0,650.0,32.0,3719.0,80.32,13.36,Trail,2025,9,1.857
2025-09-08 10:40:05,Afternoon Trail Run,7.12,3045.0,2.34,267.0,0.0,50.0,146.0,174.0,70.0,75.0,441.0,31.0,4618.9,50.75,7.13,Trail,2025,9,1.041
2025-09-07 07:59:35,Morning Trail Run,16.09,9702.0,1.659,1071.0,0.0,49.5,140.0,167.0,146.0,70.0,1102.0,28.0,13124.8,161.7,10.05,Trail,2025,9,1.407
2025-09-06 09:06:37,Lunch Trail Run,8.5,4129.0,2.059,380.0,0.0,48.7,143.0,170.0,76.0,68.0,577.0,33.0,6100.7,68.82,8.1,Trail,2025,9,1.158
2025-09-05 15:38:06,Evening Run,5.71,1931.0,2.957,13.0,0.0,5.6,131.0,154.0,16.0,83.0,298.0,28.0,2779.8,32.18,5.64,Road,2025,9,0.739
2025-09-04 10:09:19,Afternoon Trail Run,12.64,5974.0,2.117,628.0,-0.1,48.7,157.0,188.0,212.0,73.0,873.0,33.0,6740.2,99.57,7.88,Trail,2025,9,1.237
2025-09-03 16:42:21,Evening Trail Run,5.22,2653.0,1.967,243.0,0.0,49.5,134.0,155.0,29.0,72.0,319.0,29.0,3749.9,44.22,8.47,Trail,2025,9,1.135
2025-09-02 10:37:49,Afternoon Trail Run,5.6,3300.0,1.698,403.0,0.1,49.1,149.0,170.0,80.0,68.0,468.0,34.0,2087.1,55.0,9.82,Trail,2025,9,1.463
2025-09-01 05:59:44,Morning Run,6.08,2140.0,2.843,41.0,0.0,40.0,144.0,160.0,43.0,84.0,326.0,29.0,5240.8,35.67,5.87,Road,2025,9,0.845
2025-08-31 16:11:45,Evening Run,7.28,2703.0,2.695,72.0,0.0,20.8,137.0,155.0,36.0,82.0,409.0,30.0,6618.5,45.05,6.19,Road,2025,8,0.848
2025-08-30 06:55:28,Parnonas 1935,16.14,10284.0,1.57,1154.0,0.0,50.0,134.0,167.0,122.0,68.0,1210.0,27.0,0.0,171.4,10.62,Road,2025,8,1.423
2025-08-29 15:47:30,Evening Trail Run,5.0,2799.0,1.788,268.0,0.0,46.7,125.0,161.0,20.0,74.0,359.0,26.0,0.0,46.65,9.33,Trail,2025,8,1.166
2025-08-28 13:38:28,Afternoon Trail Run,5.53,3553.0,1.557,658.0,10.6,49.1,150.0,187.0,98.0,65.0,521.0,28.0,4619.2,59.22,10.71,Trail,2025,8,1.607
2025-08-27 15:46:31,Evening Run,12.02,3839.0,3.131,23.0,0.0,5.6,148.0,160.0,98.0,86.0,650.0,28.0,12019.8,63.98,5.32,Road,2025,8,0.787
2025-08-25 15:12:36,Evening Run,8.0,2971.0,2.693,132.0,-0.1,34.0,143.0,167.0,51.0,82.0,446.0,30.0,3951.7,49.52,6.19,Road,2025,8,0.885
2025-08-24 08:35:07,Lunch Trail Run,8.32,5673.0,1.467,821.0,7.0,49.6,141.0,172.0,101.0,67.0,781.0,29.0,6577.5,94.55,11.36,Trail,2025,8,1.602
2025-08-22 15:01:36,Evening Trail Run,12.19,4658.0,2.619,267.0,0.0,33.3,159.0,184.0,182.0,79.0,742.0,31.0,9760.8,77.63,6.37,Trail,2025,8,1.013
2025-08-19 16:17:37,Evening Trail Run,8.07,3263.0,2.476,87.0,0.0,19.3,123.0,155.0,25.0,80.0,434.0,28.0,7176.5,54.38,6.74,Trail,2025,8,0.829
2025-08-18 06:19:42,Morning Trail Run,7.31,3755.0,1.948,351.0,0.0,25.0,126.0,149.0,23.0,67.0,495.0,27.0,0.0,62.58,8.56,Trail,2025,8,1.079
2025-08-17 06:51:07,Morning Trail Run,20.03,8154.0,2.458,502.0,0.0,44.4,148.0,167.0,194.0,81.0,1179.0,28.0,19996.6,135.9,6.78,Trail,2025,8,1.003
2025-08-16 08:14:25,Lunch Trail Run,9.6,4904.0,1.958,599.0,-0.1,49.6,142.0,166.0,87.0,77.0,655.0,33.0,0.0,81.73,8.51,Trail,2025,8,1.208
2025-08-15 06:26:38,Morning Trail Run,15.0,6213.0,2.415,508.0,0.1,42.0,149.0,177.0,151.0,81.0,896.0,29.0,14627.5,103.55,6.9,Trail,2025,8,1.028
2025-08-13 16:21:24,Evening Trail Run,7.04,3646.0,1.931,421.0,0.1,47.7,142.0,164.0,65.0,77.0,528.0,32.0,0.0,60.77,8.63,Trail,2025,8,1.225
2025-08-12 16:38:41,Evening Run,10.34,3744.0,2.763,86.0,0.0,19.6,152.0,172.0,112.0,83.0,601.0,32.0,0.0,62.4,6.03,Road,2025,8,0.917
2025-08-11 17:07:15,Evening Trail Run,9.0,3233.0,2.786,23.0,0.0,9.5,139.0,152.0,52.0,84.0,497.0,30.0,0.0,53.88,5.99,Trail,2025,8,0.833
2025-08-10 07:36:57,Morning Trail Run,18.0,8388.0,2.146,601.0,0.0,41.9,157.0,191.0,291.0,76.0,1249.0,33.0,17247.1,139.8,7.77,Trail,2025,8,1.22
2025-08-08 13:26:34,Afternoon Hike,2.26,1595.0,1.42,91.0,0.9,45.3,113.0,141.0,5.0,54.0,151.0,31.0,2035.7,26.58,11.76,Road,2025,8,1.329
2025-08-08 10:34:53,Afternoon Trail Run,5.21,2580.0,2.021,211.0,0.0,43.9,152.0,187.0,72.0,78.0,366.0,35.0,196.5,43.0,8.25,Trail,2025,8,1.254
2025-08-07 16:48:41,Evening Run,6.69,2310.0,2.9,94.0,-0.1,11.8,144.0,183.0,49.0,83.0,414.0,30.0,0.0,38.5,5.75,Road,2025,8,0.828
2025-08-06 13:31:30,Afternoon Trail Run,7.35,3067.0,2.399,203.0,-0.1,45.4,150.0,186.0,85.0,80.0,572.0,31.0,6603.5,51.12,6.96,Trail,2025,8,1.044
2025-08-05 11:25:14,Afternoon Trail Run,5.05,2880.0,1.755,221.6,0.0,48.6,129.0,172.0,25.0,65.0,343.0,28.0,3787.2,48.0,9.5,Trail,2025,8,1.226
2025-08-05 10:01:44,Afternoon Trail Run,6.55,3230.0,2.028,304.0,0.0,39.2,148.0,176.0,82.0,77.0,463.0,31.0,2747.6,53.83,8.22,Trail,2025,8,1.217
2025-08-04 16:09:14,Evening Trail Run,7.23,3445.0,2.099,355.0,0.0,23.5,147.0,171.0,79.0,79.0,473.0,28.0,0.0,57.42,7.94,Trail,2025,8,1.167
2025-08-03 16:05:53,Evening Run,15.01,5596.0,2.683,195.0,0.0,12.6,146.0,163.0,129.0,83.0,853.0,29.0,0.0,93.27,6.21,Road,2025,8,0.907
2025-08-02 14:44:38,Afternoon Trail Run,10.0,4668.0,2.142,416.0,0.0,42.6,151.0,177.0,128.0,78.0,736.0,30.0,4606.6,77.8,7.78,Trail,2025,8,1.175
2025-08-01 07:51:36,Morning Trail Run,9.01,4350.0,2.071,390.0,-0.1,47.6,163.0,182.0,191.0,74.0,689.0,30.0,8798.0,72.5,8.05,Trail,2025,8,1.312
2025-07-31 16:43:55,Evening Trail Run,7.0,3220.0,2.176,352.0,-0.1,21.8,142.0,165.0,54.0,80.0,426.0,28.0,0.0,53.67,7.67,Trail,2025,7,1.089
2025-07-30 16:15:53,Evening Trail Run,4.0,5258.0,0.762,215.0,0.0,48.9,135.0,163.0,26.0,77.0,418.0,29.0,0.0,87.63,21.91,Trail,2025,7,2.958
2025-07-29 08:17:26,Day 2 free road,7.0,2743.0,2.554,108.0,0.0,12.7,144.0,171.0,55.0,82.0,402.0,31.0,0.0,45.72,6.53,Road,2025,7,0.94
2025-07-28 16:16:18,Day 1 summer 2025 Free up and down,8.05,3520.0,2.288,401.0,0.0,21.2,150.0,173.0,93.0,75.0,492.0,29.0,2082.2,58.67,7.29,Road,2025,7,1.094
2025-07-27 16:09:46,Evening Trail Run,13.33,6357.0,2.098,411.0,0.0,42.0,130.0,159.0,63.0,64.0,797.0,32.0,8748.5,105.95,7.95,Trail,2025,7,1.034
2025-07-25 15:14:33,Evening Trail Run,7.72,3734.0,2.068,228.0,0.2,49.6,147.0,168.0,84.0,66.0,522.0,35.0,6724.4,62.23,8.06,Trail,2025,7,1.185
2025-07-22 10:00:20,Afternoon Run,5.2,1568.0,3.322,0.0,0.0,0.0,149.0,178.0,42.0,81.0,240.0,34.0,0.0,26.13,5.02,Road,2025,7,0.748
2025-07-19 16:51:07,Evening Trail Run,9.43,4128.0,2.285,361.0,0.0,49.1,134.0,167.0,45.0,73.0,550.0,29.0,8016.3,68.8,7.3,Trail,2025,7,0.978
2025-07-18 15:53:46,Evening Trail Run,5.07,2128.0,2.386,33.0,-0.1,12.8,147.0,162.0,51.0,82.0,304.0,31.0,4579.0,35.47,7.0,Trail,2025,7,1.029
2025-07-13 15:31:02,Evening Trail Run,11.06,5821.0,1.9,478.0,0.1,45.7,144.0,176.0,93.0,68.0,752.0,31.0,8411.8,97.02,8.77,Trail,2025,7,1.263
2025-07-11 16:19:30,Evening Trail Run,8.0,4228.0,1.894,369.0,-0.1,48.9,129.0,160.0,23.0,72.0,496.0,29.0,6029.6,70.47,8.81,Trail,2025,7,1.136
2025-07-09 16:53:20,Evening Trail Run,8.93,4673.0,1.912,489.0,0.0,49.0,136.0,160.0,40.0,69.0,580.0,31.0,5360.3,77.88,8.72,Trail,2025,7,1.186
2025-07-08 15:17:02,Evening Run,7.49,3094.0,2.421,66.0,0.1,23.5,143.0,171.0,45.0,81.0,428.0,33.0,6803.7,51.57,6.89,Road,2025,7,0.985
2025-07-07 17:30:56,Evening Run,5.01,2124.0,2.36,104.0,-0.1,23.4,133.0,151.0,14.0,81.0,290.0,30.0,2415.5,35.4,7.07,Road,2025,7,0.94
2025-07-04 15:30:31,Evening Trail Run,5.26,4164.0,1.265,310.0,-0.1,47.5,111.0,141.0,12.0,56.0,341.0,30.0,2786.9,69.4,13.19,Trail,2025,7,1.464
2025-06-29 10:00:05,Afternoon Hike,2.65,1600.0,1.658,95.0,0.2,44.1,95.0,120.0,3.0,56.0,147.0,24.0,0.0,26.67,10.06,Road,2025,6,0.956
2025-06-26 16:57:22,Evening Run,7.38,2191.0,3.369,151.0,0.0,18.0,142.0,168.0,32.0,83.0,346.0,32.0,1538.3,36.52,4.95,Road,2025,6,0.703
2025-06-24 15:52:18,Evening Trail Run,10.5,4491.0,2.339,356.0,0.1,46.3,137.0,158.0,42.0,78.0,619.0,32.0,9101.4,74.85,7.13,Trail,2025,6,0.977
2025-06-23 09:56:36,Lunch Run,5.02,1824.0,2.753,34.0,0.1,16.1,141.0,159.0,24.0,83.0,283.0,32.0,5012.9,30.4,6.06,Road,2025,6,0.854
2025-06-21 07:14:30,Morning Trail Run,9.73,4889.0,1.991,505.0,0.1,47.4,148.0,166.0,90.0,69.0,661.0,32.0,5366.5,81.48,8.37,Trail,2025,6,1.239
2025-06-19 09:58:30,Lunch Run,4.51,1798.0,2.509,32.0,0.0,27.2,132.0,155.0,10.0,80.0,255.0,33.0,4511.5,29.97,6.65,Road,2025,6,0.878
2025-06-18 07:35:33,Morning Trail Run,8.52,3933.0,2.168,320.0,0.1,40.7,143.0,157.0,56.0,75.0,541.0,33.0,6312.0,65.55,7.69,Trail,2025,6,1.1
2025-06-17 17:12:34,Evening Run,5.42,1803.0,3.008,0.0,0.0,0.0,139.0,162.0,24.0,78.0,246.0,32.0,0.0,30.05,5.54,Road,2025,6,0.77
2025-06-16 17:09:15,Evening Run,5.2,2004.0,2.595,34.0,-0.1,20.5,120.0,134.0,7.0,82.0,261.0,28.0,4719.8,33.4,6.42,Road,2025,6,0.77
2025-06-14 09:46:57,Lunch Run,5.0,1466.0,3.412,23.0,0.0,11.7,157.0,177.0,42.0,82.0,269.0,32.0,5003.1,24.43,4.89,Road,2025,6,0.768
2025-06-08 04:05:05,1st ultra evritania trail races,58.86,31138.0,1.89,3224.0,0.0,49.1,149.0,187.0,680.0,71.0,3616.0,27.0,4413.1,518.97,8.82,Trail,2025,6,1.314
2025-06-07 13:08:50,Afternoon Trail Run,2.15,1026.0,2.095,71.0,0.0,33.3,136.0,155.0,8.0,81.0,139.0,28.0,0.0,17.1,7.95,Trail,2025,6,1.081
2025-06-05 16:50:39,Evening Trail Run,7.24,3069.0,2.36,252.0,0.2,50.0,131.0,151.0,21.0,77.0,412.0,29.0,4805.4,51.15,7.06,Trail,2025,6,0.925
2025-06-04 10:24:13,Afternoon Trail Run,4.18,1831.0,2.287,147.0,0.0,32.7,134.0,147.0,12.0,79.0,242.0,35.0,3536.3,30.52,7.3,Trail,2025,6,0.978
2025-06-03 10:25:36,Afternoon Run,6.0,2229.0,2.695,25.0,-0.1,14.7,142.0,172.0,29.0,84.0,363.0,32.0,6009.2,37.15,6.19,Road,2025,6,0.879
2025-06-02 10:26:43,Afternoon Run,4.67,1863.0,2.509,19.0,-0.2,13.2,126.0,142.0,8.0,83.0,255.0,29.0,4675.2,31.05,6.65,Road,2025,6,0.838
2025-06-01 05:55:34,Morning Trail Run,3.07,2543.0,1.208,583.0,-0.2,50.0,151.0,173.0,62.0,61.0,393.0,24.0,1485.5,42.38,13.8,Trail,2025,6,2.084
2025-06-01 04:57:55,Morning Trail Run,2.72,2506.0,1.088,584.0,21.3,50.0,142.0,163.0,39.0,61.0,370.0,23.0,1488.9,41.77,15.36,Trail,2025,6,2.181
2025-05-31 08:10:57,Lunch Trail Run,16.79,6022.0,2.788,446.0,0.0,39.3,151.0,167.0,143.0,86.0,950.0,22.0,588.4,100.37,5.98,Trail,2025,5,0.903
2025-05-30 13:59:03,Afternoon Trail Run,9.45,4099.0,2.306,384.0,0.1,41.9,139.0,168.0,46.0,80.0,569.0,26.0,7394.0,68.32,7.23,Trail,2025,5,1.005
2025-05-29 09:57:05,Lunch Run,9.03,2864.0,3.153,43.0,0.0,9.2,145.0,169.0,50.0,85.0,479.0,28.0,9029.7,47.73,5.29,Road,2025,5,0.767
2025-05-27 09:55:55,Lunch Run,10.04,3534.0,2.843,112.0,0.0,14.2,145.0,173.0,57.0,84.0,549.0,28.0,8649.4,58.9,5.87,Road,2025,5,0.851
2025-05-26 15:23:43,Evening Trail Run,14.02,5448.0,2.575,387.0,0.0,18.3,145.0,165.0,92.0,84.0,786.0,25.0,11476.3,90.8,6.48,Trail,2025,5,0.94
2025-05-25 07:44:00,Morning Trail Run,15.0,8322.0,1.803,963.0,3.8,48.3,144.0,188.0,131.0,70.0,1045.0,25.0,6510.8,138.7,9.25,Trail,2025,5,1.332
2025-05-24 08:02:26,Lunch Trail Run,18.03,8112.0,2.223,787.0,3.2,30.4,150.0,169.0,181.0,83.0,1175.0,29.0,12849.0,135.2,7.5,Trail,2025,5,1.125
2025-05-23 05:49:42,Morning Run,5.15,2036.0,2.53,53.0,0.1,29.9,141.0,152.0,24.0,83.0,288.0,27.0,4255.7,33.93,6.59,Road,2025,5,0.929
2025-05-22 13:58:53,Afternoon Trail Run,12.0,4939.0,2.431,339.0,0.1,30.8,143.0,164.0,72.0,81.0,681.0,30.0,10893.5,82.32,6.86,Trail,2025,5,0.981
2025-05-21 14:51:00,Afternoon Trail Run,10.2,3559.0,2.868,62.0,0.1,14.9,138.0,153.0,34.0,83.0,551.0,28.0,9429.3,59.32,5.82,Trail,2025,5,0.803
2025-05-18 05:33:04,Goulinas 30,29.29,14114.0,2.076,1900.0,0.0,50.0,160.0,184.0,472.0,71.0,1888.0,21.0,2708.8,235.23,8.03,Road,2025,5,1.285
2025-05-17 09:59:15,Lunch Trail Run,3.64,2217.0,1.646,214.0,0.3,48.9,114.0,150.0,8.0,71.0,299.0,27.0,2141.2,36.95,10.15,Trail,2025,5,1.157
2025-05-15 16:43:57,Evening Trail Run,6.63,2821.0,2.351,180.0,0.0,28.3,133.0,158.0,20.0,81.0,388.0,22.0,5949.6,47.02,7.09,Trail,2025,5,0.943
2025-05-14 14:35:37,Afternoon Trail Run,7.41,3654.0,2.03,265.0,-0.1,35.0,124.0,145.0,16.0,79.0,419.0,24.0,5017.9,60.9,8.22,Trail,2025,5,1.019
2025-05-13 10:10:09,Afternoon Run,5.15,1847.0,2.789,33.0,-0.1,8.5,130.0,142.0,9.0,84.0,265.0,25.0,5151.4,30.78,5.98,Road,2025,5,0.777
2025-05-12 16:49:37,Evening Run,8.99,3341.0,2.692,72.0,0.1,16.9,140.0,162.0,42.0,82.0,483.0,21.0,8304.4,55.68,6.19,Road,2025,5,0.867
2025-05-11 07:13:00,Morning Trail Run,10.94,6079.0,1.801,699.0,0.0,50.0,142.0,167.0,92.0,74.0,772.0,26.0,7885.7,101.32,9.26,Trail,2025,5,1.315
2025-05-10 06:11:02,Morning Trail Run,13.43,8687.0,1.547,970.0,0.0,49.5,140.0,177.0,122.0,70.0,1024.0,26.0,12424.5,144.78,10.78,Trail,2025,5,1.509
2025-05-09 16:17:36,Evening Trail Run,10.01,3895.0,2.57,320.0,0.0,17.7,144.0,172.0,74.0,84.0,569.0,26.0,6070.9,64.92,6.49,Trail,2025,5,0.935
2025-05-07 09:59:03,Lunch Trail Run,14.32,7008.0,2.044,769.0,0.0,49.1,152.0,192.0,177.0,71.0,986.0,30.0,10119.5,116.8,8.16,Trail,2025,5,1.24
2025-05-06 11:09:27,Afternoon Run,5.58,1990.0,2.805,28.0,-0.1,15.7,138.0,152.0,20.0,85.0,303.0,31.0,5555.9,33.17,5.94,Road,2025,5,0.82
2025-05-05 17:30:27,Evening Run,5.0,2003.0,2.498,66.0,-0.1,22.5,127.0,148.0,10.0,83.0,272.0,25.0,4280.7,33.38,6.68,Road,2025,5,0.848
2025-05-05 09:52:52,Lunch Trail Run,9.51,3980.0,2.391,351.0,0.1,21.2,135.0,155.0,32.0,82.0,529.0,29.0,7475.8,66.33,6.97,Trail,2025,5,0.941
2025-05-04 07:53:17,Morning Trail Run,20.15,9130.0,2.208,733.0,2.9,49.4,146.0,191.0,168.0,77.0,1309.0,27.0,15108.4,152.17,7.55,Trail,2025,5,1.102
2025-05-03 09:13:08,Lunch Trail Run,10.73,7028.0,1.528,775.0,0.1,49.2,132.0,154.0,57.0,71.0,749.0,27.0,10737.2,117.13,10.92,Trail,2025,5,1.441
2025-05-02 12:52:46,Afternoon Run,8.04,3030.0,2.655,57.0,-0.1,15.3,137.0,154.0,37.0,85.0,446.0,27.0,8044.2,50.5,6.28,Road,2025,5,0.86
2025-05-02 05:42:11,Morning Trail Run,4.78,3440.0,1.39,511.0,-0.3,49.6,146.0,168.0,57.0,66.0,458.0,25.0,508.3,57.33,11.99,Trail,2025,5,1.751
2025-05-01 08:49:11,Lunch Trail Run,17.19,6333.0,2.714,443.0,0.0,38.0,152.0,173.0,159.0,84.0,985.0,26.0,16361.0,105.55,6.14,Trail,2025,5,0.933
2025-04-27 09:38:05,Lunch Trail Run,19.2,7473.0,2.57,594.5,0.0,47.1,154.0,176.0,195.0,79.0,1124.0,26.0,15142.1,124.55,6.49,Trail,2025,4,0.999
2025-04-26 15:39:50,Evening Run,10.16,3427.0,2.966,114.0,0.0,16.5,142.0,157.0,54.0,86.0,541.0,23.0,9379.8,57.12,5.62,Road,2025,4,0.798
2025-04-25 09:17:03,Lunch Trail Run,8.18,3085.0,2.651,200.0,0.1,29.6,153.0,168.0,77.0,82.0,476.0,28.0,7458.1,51.42,6.29,Trail,2025,4,0.962
2025-04-23 08:36:04,Lunch Trail Run,9.88,3678.0,2.686,225.0,0.0,17.8,149.0,178.0,77.0,83.0,622.0,29.0,0.0,61.3,6.2,Trail,2025,4,0.924
2025-04-22 07:36:26,Morning Trail Run,10.6,4564.0,2.323,489.0,0.0,47.7,145.0,173.0,78.0,82.0,722.0,26.0,0.0,76.07,7.18,Trail,2025,4,1.041
2025-04-21 07:46:31,Morning Trail Run,12.0,5427.0,2.212,522.0,0.0,24.8,144.0,174.0,91.0,80.0,790.0,29.0,0.0,90.45,7.54,Trail,2025,4,1.086
2025-04-19 16:26:41,Evening Run,10.2,3730.0,2.735,215.0,0.0,8.5,147.0,174.0,67.0,84.0,570.0,22.0,0.0,62.17,6.1,Road,2025,4,0.897
2025-04-18 08:08:21,Lunch Trail Run,15.0,6948.0,2.159,807.0,0.0,49.6,150.0,173.0,147.0,80.0,1044.0,26.0,0.0,115.8,7.72,Trail,2025,4,1.158
2025-04-17 15:14:33,Evening Trail Run,8.0,3756.0,2.13,361.0,0.0,29.6,139.0,161.0,43.0,80.0,507.0,25.0,0.0,62.6,7.82,Trail,2025,4,1.087
2025-04-15 09:52:17,Lunch Trail Run,7.2,2462.0,2.925,105.0,0.0,13.7,153.0,174.0,63.0,85.0,409.0,22.0,5129.5,41.03,5.7,Trail,2025,4,0.872
2025-04-14 09:47:30,Lunch Run,6.65,2246.0,2.961,33.0,0.0,36.6,144.0,164.0,38.0,85.0,376.0,23.0,6650.2,37.43,5.63,Road,2025,4,0.811
2025-04-13 15:11:09,Evening Trail Run,11.0,4480.0,2.455,303.0,-0.1,32.8,148.0,173.0,90.0,81.0,659.0,20.0,9809.9,74.67,6.79,Trail,2025,4,1.005
2025-04-12 10:11:04,Afternoon Trail Run,8.9,4162.0,2.138,236.0,0.0,31.6,130.0,156.0,24.0,80.0,510.0,26.0,8535.5,69.37,7.79,Trail,2025,4,1.013
2025-04-06 07:27:23,Morning Trail Run,5.8,3956.0,1.467,333.0,0.4,48.4,130.0,169.0,30.0,66.0,540.0,23.0,3534.5,65.93,11.37,Trail,2025,4,1.478
2025-04-02 05:19:25,Day 37,9.29,4249.0,2.187,373.0,0.0,47.2,131.0,160.0,25.0,81.0,551.0,20.0,7753.2,70.82,7.62,Road,2025,4,0.998
2025-04-01 05:33:19,Day 36,10.45,3533.0,2.959,62.0,-0.1,14.6,148.0,169.0,69.0,87.0,576.0,18.0,9800.0,58.88,5.63,Road,2025,4,0.833
2025-03-30 08:03:09,Day 35,9.86,6734.0,1.464,1194.0,-0.1,50.0,126.0,152.0,52.0,60.0,888.0,23.0,6017.3,112.23,11.38,Road,2025,3,1.434
2025-03-29 08:27:39,Day 34,20.3,9178.0,2.212,957.0,0.0,49.5,155.0,174.0,254.0,78.0,1331.0,25.0,10538.5,152.97,7.54,Road,2025,3,1.169
2025-03-28 16:01:23,Day 33,10.25,3328.0,3.082,14.0,0.1,4.9,137.0,166.0,44.0,87.0,569.0,18.0,0.0,55.47,5.41,Road,2025,3,0.741
2025-03-26 11:02:55,Day 32,10.0,4057.0,2.466,348.0,0.1,17.0,143.0,166.0,65.0,83.0,582.0,27.0,8483.7,67.62,6.76,Road,2025,3,0.967
2025-03-25 10:35:28,Day 31,17.0,6737.0,2.524,612.0,0.0,48.0,148.0,189.0,137.0,79.0,973.0,22.0,4431.1,112.28,6.6,Road,2025,3,0.977
2025-03-24 10:54:00,Day 30,8.0,2910.0,2.75,116.0,0.0,18.8,144.0,157.0,46.0,84.0,449.0,21.0,5440.3,48.5,6.06,Road,2025,3,0.873
2025-03-23 11:11:44,Afternoon Trail Run,2.07,1581.0,1.311,93.0,-0.4,21.4,110.0,132.0,2.0,78.0,143.0,23.0,63.9,26.35,12.73,Trail,2025,3,1.4
2025-03-22 09:34:01,Day 29,26.5,16938.0,1.565,2001.0,0.0,49.5,142.0,180.0,251.0,71.0,1959.0,21.0,25368.9,282.3,10.65,Road,2025,3,1.512
2025-03-21 08:41:02,Day 28,10.0,3983.0,2.511,337.0,0.0,20.2,154.0,180.0,106.0,85.0,631.0,22.0,6152.1,66.38,6.64,Road,2025,3,1.023
2025-03-20 10:56:43,Day 27,10.14,3005.0,3.376,48.0,0.0,7.0,149.0,165.0,65.0,88.0,542.0,17.0,10147.2,50.08,4.94,Road,2025,3,0.736
2025-03-19 11:10:46,Day 26,16.01,6800.0,2.355,482.0,0.0,45.6,146.0,181.0,122.0,80.0,966.0,17.0,12001.0,113.33,7.08,Road,2025,3,1.034
2025-03-17 11:03:19,Day 25,7.15,2597.0,2.754,59.0,0.0,26.3,130.0,153.0,12.0,85.0,377.0,24.0,6374.0,43.28,6.05,Road,2025,3,0.786
2025-03-16 10:00:00,Day 24,21.3,7603.0,2.802,424.0,0.0,30.1,154.0,180.0,208.0,86.0,1241.0,26.0,20627.6,126.72,5.95,Road,2025,3,0.916
2025-03-14 15:02:27,Day 22,11.07,3476.0,3.186,7.0,0.0,8.9,135.0,161.0,39.0,88.0,618.0,21.0,11075.8,57.93,5.23,Road,2025,3,0.706
2025-03-13 06:23:54,Day 21,9.29,4238.0,2.193,426.0,0.0,33.3,116.0,147.0,15.0,60.0,542.0,23.0,7471.4,70.63,7.6,Road,2025,3,0.882
2025-03-12 06:07:28,Day 20,14.53,5658.0,2.569,465.0,-0.1,46.6,147.0,168.0,102.0,82.0,847.0,21.0,12375.2,94.3,6.49,Road,2025,3,0.954
2025-03-10 06:29:58,Day 19,12.62,4464.0,2.827,72.0,0.0,14.2,152.0,168.0,107.0,87.0,737.0,18.0,12025.7,74.4,5.9,Road,2025,3,0.897
2025-03-09 11:09:57,Day 18,18.5,7105.0,2.604,421.0,0.0,48.1,152.0,174.0,170.0,83.0,1102.0,26.0,17420.5,118.42,6.4,Road,2025,3,0.973
2025-03-08 10:51:04,Day 17,15.76,9967.0,1.581,1172.0,0.1,50.0,145.0,178.0,171.0,70.0,1205.0,21.0,14542.9,166.12,10.54,Road,2025,3,1.528
2025-03-07 18:05:02,Day 16,8.64,2905.0,2.975,3.0,0.0,6.1,150.0,169.0,65.0,86.0,495.0,17.0,0.0,48.42,5.6,Road,2025,3,0.84
2025-03-05 12:09:05,Day 15,17.6,7372.0,2.388,660.0,0.0,49.5,157.0,187.0,225.0,76.0,1098.0,18.0,4395.2,122.87,6.98,Road,2025,3,1.096
2025-03-04 14:36:41,Day 14,12.29,5411.0,2.273,561.0,0.0,49.2,143.0,179.0,85.0,79.0,771.0,15.0,6970.4,90.18,7.34,Road,2025,3,1.05
2025-03-03 16:37:02,Day 13,10.36,3110.0,3.331,28.0,0.0,5.9,146.0,166.0,57.0,89.0,571.0,16.0,0.0,51.83,5.0,Road,2025,3,0.73
2025-03-02 09:41:33,Day 12,20.01,10047.0,1.992,953.0,0.0,50.0,152.0,180.0,244.0,78.0,1327.0,21.0,10834.9,167.45,8.37,Road,2025,3,1.272
2025-03-01 10:29:12,Day 11,9.02,7177.0,1.258,1120.0,0.0,50.0,135.0,180.0,77.0,65.0,863.0,19.0,9027.0,119.62,13.26,Road,2025,3,1.79
2025-02-28 07:01:39,Day 10,7.17,2580.0,2.779,37.0,-0.1,10.2,147.0,165.0,51.0,86.0,378.0,17.0,0.0,43.0,6.0,Road,2025,2,0.882
2025-02-26 12:28:47,Day 9,17.01,7093.0,2.399,615.0,0.0,47.7,155.0,178.0,199.0,78.0,1052.0,17.0,4939.0,118.22,6.95,Road,2025,2,1.077
2025-02-25 10:56:56,Day 8,7.13,3115.0,2.29,263.0,0.0,49.5,141.0,159.0,40.0,78.0,429.0,22.0,5240.9,51.92,7.28,Road,2025,2,1.026
2025-02-24 10:52:52,Day 7,9.86,3484.0,2.831,45.0,-0.1,15.3,147.0,169.0,70.0,85.0,549.0,15.0,9861.9,58.07,5.89,Road,2025,2,0.866
2025-02-23 14:55:38,Day 6,16.06,6394.0,2.513,561.0,0.0,44.2,158.0,191.0,210.0,81.0,1013.0,13.0,11178.6,106.57,6.64,Road,2025,2,1.049
2025-02-22 07:14:29,Day 5,11.4,4817.0,2.368,473.0,0.0,25.0,153.0,184.0,119.0,84.0,712.0,11.0,8706.9,80.28,7.04,Road,2025,2,1.077
2025-02-21 15:02:10,Day 4,6.99,3117.0,2.244,244.0,0.0,38.0,143.0,164.0,45.0,82.0,424.0,11.0,4010.9,51.95,7.43,Road,2025,2,1.062
2025-02-20 06:41:05,Day 3,7.23,2764.0,2.617,134.0,-0.1,21.8,152.0,177.0,68.0,85.0,437.0,13.0,4218.2,46.07,6.37,Road,2025,2,0.968
2025-02-19 06:29:39,Day 2 First fartlek,10.62,4043.0,2.629,203.0,0.0,38.9,156.0,182.0,121.0,85.0,662.0,14.0,9439.8,67.38,6.34,Road,2025,2,0.989
2025-02-17 10:54:20,Day 1,7.13,2504.0,2.847,33.0,-0.1,9.0,148.0,159.0,52.0,86.0,400.0,20.0,7130.0,41.73,5.85,Road,2025,2,0.866
2025-02-16 11:20:02, views ,16.0,6699.0,2.39,531.0,0.0,49.5,145.0,168.0,112.0,82.0,1006.0,23.0,7470.6,111.65,6.98,Road,2025,2,1.012
2025-02-15 10:26:35,Lunch Trail Run,16.38,6962.0,2.354,639.0,0.0,49.4,156.0,179.0,194.0,80.0,1022.0,18.0,13682.6,116.03,7.08,Trail,2025,2,1.104
2025-02-14 15:11:58,Free poi,6.94,3563.0,1.949,342.0,0.0,48.7,127.0,155.0,25.0,76.0,442.0,20.0,4384.4,59.38,8.56,Road,2025,2,1.087
2025-02-12 11:03:19,Afternoon Trail Run,2.89,2195.0,1.32,300.0,0.0,50.0,103.0,147.0,6.0,57.0,231.0,20.0,703.1,36.58,12.66,Trail,2025,2,1.304
2025-02-07 11:16:48,Afternoon Trail Run,20.11,7546.0,2.665,526.0,0.0,37.6,155.0,181.0,215.0,86.0,1223.0,12.0,14380.9,125.77,6.25,Trail,2025,2,0.969
2025-02-06 11:07:59,Afternoon Run,6.72,2227.0,3.019,39.0,0.0,13.5,149.0,163.0,49.0,87.0,376.0,19.0,6723.2,37.12,5.52,Road,2025,2,0.822
2025-02-05 12:20:40,Afternoon Trail Run,14.6,9564.0,1.527,920.0,0.0,49.1,136.0,170.0,89.0,73.0,1027.0,15.0,13092.6,159.4,10.92,Trail,2025,2,1.485
2025-02-04 17:51:12,Evening Run,7.07,2421.0,2.924,0.0,0.0,0.0,127.0,150.0,17.0,81.0,277.0,25.0,0.0,40.35,5.71,Road,2025,2,0.725
2025-02-02 09:00:59,Ypsilantis pista     ,21.69,12360.0,1.755,1316.0,0.0,50.0,148.0,175.0,240.0,72.0,1568.0,20.0,3451.7,206.0,9.5,Road,2025,2,1.406
2025-02-01 12:20:27,Afternoon Trail Run,4.71,3817.0,1.235,581.0,0.0,50.0,140.0,174.0,64.0,66.0,537.0,23.0,3548.8,63.62,13.51,Trail,2025,2,1.891
2025-01-31 06:51:59,Morning Run,6.98,2612.0,2.675,48.0,-0.1,29.6,167.0,181.0,112.0,86.0,418.0,17.0,6599.7,43.53,6.24,Road,2025,1,1.042
2025-01-30 06:53:44,Morning Run,5.23,2129.0,2.459,37.0,-0.1,16.5,141.0,156.0,28.0,83.0,291.0,19.0,4645.0,35.48,6.78,Road,2025,1,0.956
2025-01-29 13:56:32,   ,17.22,7163.0,2.404,493.0,0.0,39.2,156.0,184.0,210.0,81.0,1084.0,20.0,13487.4,119.38,6.93,Road,2025,1,1.081
2025-01-26 14:00:49,Afternoon Trail Run,3.95,2689.0,1.47,98.0,0.0,46.2,100.0,129.0,6.0,59.0,264.0,19.0,3747.2,44.82,11.35,Trail,2025,1,1.135
2025-01-22 14:36:17,Afternoon Trail Run,15.12,5916.0,2.556,370.9,0.0,45.5,149.0,172.0,123.0,82.0,877.0,19.0,13746.5,98.6,6.52,Trail,2025,1,0.971
2025-01-21 11:29:32,Afternoon Trail Run,7.43,3960.0,1.878,447.0,0.0,49.3,145.0,178.0,67.0,72.0,573.0,21.0,4170.1,66.0,8.88,Trail,2025,1,1.288
2025-01-20 11:29:28,Afternoon Run,9.83,3608.0,2.725,62.0,-0.1,18.2,152.0,167.0,92.0,85.0,580.0,21.0,9833.3,60.13,6.12,Road,2025,1,0.93
2025-01-18 10:01:48,Lunch Trail Run,7.0,4467.0,1.568,602.0,0.1,50.0,129.0,176.0,37.0,69.0,550.0,21.0,1882.7,74.45,10.64,Trail,2025,1,1.373
2025-01-17 14:15:57,Afternoon Trail Run,10.01,3896.0,2.572,254.0,-0.1,34.3,148.0,160.0,84.0,83.0,594.0,17.0,9211.3,64.93,6.49,Trail,2025,1,0.961
2025-01-15 10:56:53,Lunch Run,5.01,1813.0,2.767,38.0,-0.2,14.0,137.0,163.0,21.0,84.0,271.0,19.0,5016.5,30.22,6.03,Road,2025,1,0.826
2025-01-13 17:52:14,Evening Run,5.18,2024.0,2.56,0.0,0.0,0.0,134.0,152.0,21.0,79.0,255.0,24.0,0.0,33.73,6.51,Road,2025,1,0.872
2025-01-12 10:34:10,Lunch Trail Run,11.54,6111.0,1.889,731.0,0.1,48.8,132.0,157.0,52.0,72.0,807.0,20.0,2640.8,101.85,8.83,Trail,2025,1,1.166
2025-01-11 14:11:23,Afternoon Run,5.01,1699.0,2.949,31.0,-0.1,16.2,152.0,171.0,41.0,84.0,279.0,19.0,4719.2,28.32,5.65,Road,2025,1,0.859
2025-01-08 18:19:45,Evening Run,3.2,1025.0,3.124,0.0,0.0,0.0,146.0,171.0,22.0,78.0,156.0,25.0,0.0,17.08,5.34,Road,2025,1,0.78
2025-01-05 13:02:19,Afternoon Trail Run,6.64,4646.0,1.429,429.0,0.1,50.0,114.0,170.0,19.0,61.0,489.0,18.0,6641.3,77.43,11.66,Trail,2025,1,1.329
2025-01-02 14:31:57,Afternoon Trail Run,2.86,2096.0,1.367,188.0,-0.2,44.0,124.0,157.0,14.0,61.0,219.0,23.0,1658.2,34.93,12.21,Trail,2025,1,1.514
2024-12-31 21:31:41,Night Trail Run,2.76,2987.0,0.924,196.0,-0.1,47.7,98.0,144.0,5.0,55.0,206.0,22.0,1418.6,49.78,18.04,Trail,2024,12,1.768
2024-12-28 09:00:16,Lunch Trail Run,3.47,2330.0,1.492,161.0,-0.1,48.4,106.0,145.0,6.0,58.0,327.0,18.0,0.0,38.83,11.19,Trail,2024,12,1.186
2024-12-17 06:45:12,Morning Trail Run,9.1,3645.0,2.497,206.0,-0.3,28.8,145.0,164.0,70.0,83.0,547.0,17.0,7575.9,60.75,6.68,Trail,2024,12,0.969
2024-12-15 14:33:59,Afternoon Trail Run,8.31,3395.0,2.448,236.0,0.0,48.1,144.0,167.0,58.0,80.0,490.0,20.0,7472.3,56.58,6.81,Trail,2024,12,0.981
2024-12-14 10:59:32,Lunch Trail Run,7.7,3658.0,2.106,395.0,-0.1,48.8,138.0,178.0,43.0,75.0,503.0,20.0,4037.4,60.97,7.92,Trail,2024,12,1.093
2024-12-12 07:27:31,Morning Trail Run,15.02,5337.0,2.814,306.0,0.0,39.2,149.0,164.0,119.0,84.0,857.0,21.0,13478.0,88.95,5.92,Trail,2024,12,0.882
2024-12-11 12:18:46,Afternoon Trail Run,10.4,4824.0,2.157,527.0,-0.2,44.2,138.0,168.0,54.0,77.0,671.0,22.0,4102.9,80.4,7.73,Trail,2024,12,1.067
2024-12-10 16:30:37,Evening Run,8.23,3115.0,2.642,113.0,-0.2,20.4,139.0,153.0,35.0,85.0,476.0,21.0,7765.3,51.92,6.31,Road,2024,12,0.877
2024-12-09 17:37:14,Evening Run,4.87,1634.0,2.982,0.0,0.0,0.0,127.0,157.0,14.0,79.0,200.0,27.0,0.0,27.23,5.59,Road,2024,12,0.71
2024-12-08 09:39:06,Lunch Trail Run,14.01,5134.0,2.731,355.0,0.0,29.6,150.0,169.0,120.0,84.0,834.0,21.0,12502.9,85.57,6.11,Trail,2024,12,0.916
2024-12-06 14:12:47,Afternoon Trail Run,9.4,4529.0,2.075,473.0,0.0,48.7,142.0,164.0,67.0,73.0,609.0,21.0,5410.8,75.48,8.03,Trail,2024,12,1.14
2024-12-05 17:13:31,Evening Run,5.29,2454.0,2.157,92.0,0.0,20.2,120.0,142.0,9.0,82.0,291.0,21.0,5042.3,40.9,7.73,Road,2024,12,0.928
2024-12-04 10:55:21,Lunch Trail Run,4.49,3105.0,1.447,473.0,0.0,49.5,135.0,164.0,32.0,68.0,397.0,22.0,861.0,51.75,11.53,Trail,2024,12,1.557
2024-12-03 10:58:01,Lunch Run,12.01,3885.0,3.092,58.0,0.0,8.8,150.0,171.0,89.0,85.0,670.0,21.0,12013.9,64.75,5.39,Road,2024,12,0.808
2024-11-29 10:51:12,Lunch Trail Run,10.1,3911.0,2.583,267.0,0.0,30.0,139.0,153.0,42.0,83.0,569.0,24.0,9896.2,65.18,6.45,Trail,2024,11,0.897
2024-11-28 07:02:15,Morning Trail Run,5.15,2261.0,2.281,201.0,0.0,45.6,142.0,158.0,34.0,82.0,339.0,22.0,3822.5,37.68,7.32,Trail,2024,11,1.039
2024-11-24 07:05:34,Dirfys trail race,31.83,13540.0,2.351,1618.0,0.0,49.1,155.0,175.0,375.0,78.0,1984.0,12.0,16429.2,225.67,7.09,Trail,2024,11,1.099
2024-11-22 14:23:08,Afternoon Trail Run,5.16,2180.0,2.368,155.0,0.1,28.0,122.0,145.0,8.0,82.0,296.0,25.0,4237.2,36.33,7.04,Trail,2024,11,0.859
2024-11-20 09:51:51,Lunch Trail Run,6.58,3433.0,1.916,380.0,0.1,48.7,138.0,167.0,38.0,74.0,443.0,26.0,3001.4,57.22,8.7,Trail,2024,11,1.201
2024-11-19 11:30:51,Afternoon Run,7.93,2703.0,2.936,52.0,-0.1,23.3,137.0,174.0,30.0,83.0,442.0,23.0,7174.6,45.05,5.68,Road,2024,11,0.778
2024-11-18 11:29:34,Afternoon Run,10.1,3452.0,2.927,49.0,0.1,7.0,137.0,159.0,35.0,85.0,541.0,24.0,10104.6,57.53,5.7,Road,2024,11,0.781
2024-11-17 09:33:33,Lunch Trail Run,17.01,6640.0,2.562,645.0,0.0,49.4,155.0,175.0,184.0,80.0,1024.0,13.0,13752.6,110.67,6.51,Trail,2024,11,1.009
2024-11-16 10:51:00,Lunch Trail Run,7.75,5545.0,1.399,875.0,0.1,50.0,131.0,155.0,44.0,68.0,664.0,18.0,7758.2,92.42,11.93,Trail,2024,11,1.563
2024-11-14 10:26:36,Lunch Trail Run,12.01,3949.0,3.043,258.0,-0.1,22.9,149.0,168.0,89.0,85.0,673.0,25.0,11674.5,65.82,5.48,Trail,2024,11,0.817
2024-11-13 11:13:46,Afternoon Trail Run,11.17,4449.0,2.511,429.0,0.0,27.8,151.0,193.0,102.0,83.0,691.0,22.0,8676.8,74.15,6.64,Trail,2024,11,1.003
2024-11-12 11:37:39,Afternoon Run,8.12,2757.0,2.947,48.0,0.0,10.3,141.0,158.0,41.0,86.0,454.0,20.0,8124.1,45.95,5.66,Road,2024,11,0.798
2024-11-11 10:54:59,Lunch Run,11.01,3539.0,3.111,131.0,0.0,15.1,148.0,189.0,74.0,86.0,627.0,20.0,10978.1,58.98,5.36,Road,2024,11,0.793
2024-11-10 11:33:23,Afternoon Trail Run,8.92,5195.0,1.718,755.0,-0.1,50.0,154.0,176.0,132.0,71.0,775.0,20.0,6919.1,86.58,9.71,Trail,2024,11,1.495
2024-11-09 09:08:58,Lunch Trail Run,21.43,10488.0,2.044,1214.0,0.0,49.5,145.0,179.0,188.0,76.0,1397.0,16.0,20602.5,174.8,8.16,Trail,2024,11,1.183
2024-11-08 06:38:56,Morning Run,10.02,3044.0,3.293,17.0,0.0,19.4,151.0,170.0,71.0,88.0,561.0,21.0,0.0,50.73,5.06,Road,2024,11,0.764
2024-11-06 06:35:37,Morning Trail Run,8.9,4169.0,2.135,489.0,0.0,49.5,147.0,181.0,82.0,73.0,593.0,21.0,5762.0,69.48,7.81,Trail,2024,11,1.148
2024-11-05 06:38:31,Morning Run,12.07,4353.0,2.774,88.0,-0.1,18.5,147.0,174.0,74.0,86.0,691.0,20.0,11512.5,72.55,6.01,Road,2024,11,0.883
2024-11-04 06:39:39,Morning Trail Run,8.42,3933.0,2.142,406.0,0.0,49.6,134.0,155.0,30.0,74.0,519.0,22.0,6316.1,65.55,7.79,Trail,2024,11,1.044
2024-11-03 07:57:45,Ladies run,5.04,1414.0,3.565,65.0,0.0,11.3,168.0,178.0,65.0,88.0,268.0,27.0,0.0,23.57,4.68,Road,2024,11,0.786
2024-11-02 09:10:01,Lunch Trail Run,21.74,7156.0,3.039,544.0,0.0,22.0,158.0,172.0,221.0,87.0,1163.0,26.0,138.7,119.27,5.49,Trail,2024,11,0.867
2024-11-01 14:31:21,Afternoon Trail Run,9.71,3842.0,2.529,309.0,-0.1,48.5,134.0,156.0,25.0,81.0,538.0,22.0,7409.3,64.03,6.59,Trail,2024,11,0.883
2024-10-31 11:33:40,Afternoon Run,7.54,2823.0,2.674,63.0,-0.1,25.7,135.0,155.0,28.0,85.0,434.0,24.0,6819.3,47.05,6.24,Road,2024,10,0.842
2024-10-28 08:20:17,Morning Trail Run,10.54,5982.0,1.763,476.0,0.0,49.2,129.0,159.0,38.0,68.0,663.0,26.0,2078.1,99.7,9.46,Trail,2024,10,1.22
2024-10-27 09:00:02,Lunch Trail Run,4.75,3166.0,1.501,668.0,12.1,50.0,156.0,186.0,93.0,61.0,473.0,28.0,1878.1,52.77,11.11,Trail,2024,10,1.733
2024-10-26 05:10:20,Sfakia sky marathon ,43.05,24590.0,1.751,3064.0,1.3,50.0,152.0,174.0,617.0,68.0,2849.0,22.0,15414.5,409.83,9.52,Road,2024,10,1.447
2024-10-24 09:53:33,Lunch Trail Run,5.44,2087.0,2.609,169.0,0.0,38.4,141.0,163.0,29.0,82.0,315.0,28.0,4304.4,34.78,6.39,Trail,2024,10,0.901
2024-10-22 14:21:43,Afternoon Trail Run,6.81,2631.0,2.588,250.0,0.0,48.3,142.0,176.0,36.0,81.0,399.0,23.0,4646.8,43.85,6.44,Trail,2024,10,0.914
2024-10-21 10:00:19,Afternoon Run,7.15,2772.0,2.58,38.0,-0.1,14.5,131.0,163.0,28.0,84.0,405.0,24.0,7151.8,46.2,6.46,Road,2024,10,0.846
2024-10-20 11:16:02,Afternoon Trail Run,11.01,4495.0,2.449,333.0,0.1,48.3,140.0,163.0,57.0,80.0,664.0,25.0,9361.2,74.92,6.8,Trail,2024,10,0.952
2024-10-19 08:01:40,Lunch Trail Run,17.15,7917.0,2.166,887.0,0.0,49.6,152.0,190.0,204.0,75.0,1125.0,20.0,13524.6,131.95,7.69,Trail,2024,10,1.169
2024-10-17 17:25:19,Evening Run,10.32,3147.0,3.281,3.0,0.0,8.2,138.0,164.0,39.0,88.0,533.0,21.0,0.0,52.45,5.08,Road,2024,10,0.701
2024-10-16 13:51:06,Afternoon Trail Run,14.26,7469.0,1.91,967.0,0.1,49.7,146.0,186.0,147.0,76.0,990.0,20.0,12353.1,124.48,8.73,Trail,2024,10,1.275
2024-10-15 05:33:13,Morning Trail Run,10.06,3857.0,2.609,268.0,0.1,34.4,148.0,165.0,78.0,83.0,573.0,24.0,9216.6,64.28,6.39,Trail,2024,10,0.946
2024-10-13 09:34:38,Lunch Trail Run,23.11,11138.0,2.075,1274.0,0.0,49.8,147.0,185.0,206.0,76.0,1464.0,25.0,3905.9,185.63,8.03,Trail,2024,10,1.18
2024-10-12 09:16:54,Lunch Trail Run,15.01,9213.0,1.63,1186.0,0.1,49.9,143.0,169.0,140.0,70.0,1190.0,28.0,14983.8,153.55,10.23,Trail,2024,10,1.463
2024-10-10 10:37:04,Afternoon Run,11.01,3939.0,2.796,51.0,0.0,19.8,144.0,169.0,61.0,85.0,620.0,30.0,11014.0,65.65,5.96,Road,2024,10,0.858
2024-10-09 14:09:42,Afternoon Trail Run,12.44,6755.0,1.843,825.0,0.0,49.0,146.0,172.0,124.0,76.0,868.0,23.0,12173.4,112.58,9.05,Trail,2024,10,1.321
2024-10-08 17:28:44,Evening Run,9.98,4102.0,2.433,143.0,0.0,44.4,118.0,153.0,15.0,82.0,529.0,24.0,9595.6,68.37,6.85,Road,2024,10,0.808
2024-10-06 07:26:25,Morning Trail Run,32.1,17075.0,1.88,1563.0,0.1,50.0,139.0,174.0,186.0,73.0,2019.0,26.0,28353.6,284.58,8.87,Trail,2024,10,1.233
2024-10-05 14:38:41,Afternoon Trail Run,10.4,4475.0,2.325,464.0,0.1,48.1,141.0,182.0,65.0,77.0,621.0,24.0,6509.1,74.58,7.17,Trail,2024,10,1.011
2024-10-03 09:53:22,Lunch Run,7.03,2680.0,2.623,48.0,-0.1,23.8,136.0,149.0,22.0,86.0,402.0,29.0,7019.0,44.67,6.35,Road,2024,10,0.864
2024-10-02 13:18:22,Afternoon Trail Run,14.16,9073.0,1.561,1241.0,0.1,49.9,135.0,168.0,87.0,67.0,1082.0,24.0,13120.8,151.22,10.68,Trail,2024,10,1.442
2024-10-01 16:33:58,Evening Run,11.1,3451.0,3.216,72.0,0.0,12.3,139.0,173.0,47.0,87.0,585.0,22.0,11100.8,57.52,5.18,Road,2024,10,0.72
2024-09-30 09:55:07,Lunch Run,9.08,2980.0,3.047,45.0,-0.1,29.9,137.0,155.0,30.0,87.0,485.0,26.0,9065.1,49.67,5.47,Road,2024,9,0.749
2024-09-29 10:15:19,Afternoon Trail Run,20.71,11275.0,1.837,1265.0,0.0,49.9,155.0,177.0,311.0,70.0,1523.0,29.0,1573.9,187.92,9.07,Trail,2024,9,1.406
2024-09-28 12:58:40,Afternoon Trail Run,6.8,2975.0,2.288,272.0,-0.2,31.0,147.0,175.0,55.0,76.0,487.0,31.0,3764.6,49.58,7.29,Trail,2024,9,1.072
2024-09-27 14:17:15,Afternoon Run,5.23,1814.0,2.888,32.0,0.1,15.1,141.0,155.0,25.0,84.0,286.0,29.0,4504.4,30.23,5.78,Road,2024,9,0.815
2024-09-26 14:13:09,Afternoon Trail Run,15.15,6474.0,2.34,455.5,0.1,44.0,150.0,179.0,140.0,79.0,914.0,29.0,11419.2,107.9,7.12,Trail,2024,9,1.068
2024-09-25 14:41:42,Afternoon Trail Run,10.83,6186.0,1.752,753.0,0.1,49.5,142.0,164.0,91.0,73.0,760.0,24.0,10837.0,103.1,9.52,Trail,2024,9,1.352
2024-09-24 05:54:16,Morning Trail Run,6.9,3476.0,1.987,457.0,0.1,48.3,146.0,164.0,63.0,72.0,489.0,27.0,4606.6,57.93,8.4,Trail,2024,9,1.226
2024-09-23 06:01:26,Morning Run,8.63,2862.0,3.018,58.0,0.0,30.5,147.0,162.0,55.0,87.0,474.0,24.0,7883.5,47.7,5.53,Road,2024,9,0.813
2024-09-22 08:21:04,Lunch Trail Run,14.02,6866.0,2.042,693.0,0.1,48.9,131.0,161.0,50.0,74.0,926.0,21.0,11018.0,114.43,8.16,Trail,2024,9,1.069
2024-09-21 11:29:15,Afternoon Trail Run,14.99,8165.0,1.837,817.0,0.1,49.5,115.0,155.0,35.0,71.0,1000.0,21.0,12708.5,136.08,9.08,Trail,2024,9,1.044
2024-09-20 14:49:30,Afternoon Run,8.46,3189.0,2.653,58.0,0.0,18.7,127.0,150.0,16.0,83.0,450.0,26.0,7956.9,53.15,6.28,Road,2024,9,0.798
2024-09-19 10:24:51,Afternoon Trail Run,8.36,4420.0,1.892,509.0,0.0,50.0,142.0,164.0,59.0,70.0,640.0,28.0,4619.1,73.67,8.81,Trail,2024,9,1.251
2024-09-18 14:58:55,Afternoon Trail Run,16.58,6600.0,2.512,610.2,0.0,49.4,145.0,172.0,114.0,80.0,964.0,25.0,10779.9,110.0,6.63,Trail,2024,9,0.961
2024-09-16 10:30:42,Afternoon Run,5.21,1784.0,2.922,20.0,-0.1,4.2,138.0,159.0,18.0,86.0,275.0,30.0,5213.4,29.73,5.71,Road,2024,9,0.788
2024-09-15 06:45:01,Morning Trail Run,18.52,7845.0,2.361,357.0,0.0,25.4,160.0,184.0,248.0,84.0,1142.0,28.0,14651.6,130.75,7.06,Trail,2024,9,1.13
2024-09-14 14:59:46,Afternoon Trail Run,10.45,4939.0,2.117,333.0,0.0,46.9,130.0,157.0,30.0,77.0,604.0,28.0,8602.9,82.32,7.88,Trail,2024,9,1.024
2024-09-12 10:02:19,Afternoon Run,6.93,2393.0,2.896,48.0,0.0,16.1,144.0,156.0,40.0,85.0,388.0,31.0,6149.8,39.88,5.75,Road,2024,9,0.828
2024-09-11 14:30:40,Afternoon Trail Run,7.07,5094.0,1.389,604.0,0.2,50.0,126.0,148.0,28.0,70.0,578.0,26.0,5944.9,84.9,12.01,Trail,2024,9,1.513
2024-09-10 10:02:12,Afternoon Trail Run,9.25,4560.0,2.029,520.0,0.0,49.6,140.0,176.0,54.0,72.0,675.0,28.0,5000.7,76.0,8.22,Trail,2024,9,1.151
2024-09-09 16:48:15,Evening Run,7.0,2433.0,2.88,81.0,0.0,18.6,141.0,154.0,29.0,84.0,387.0,28.0,6348.1,40.55,5.79,Road,2024,9,0.816
2024-09-08 09:24:35,Lunch Run,15.07,5283.0,2.853,95.0,0.0,16.6,153.0,170.0,137.0,86.0,839.0,29.0,14703.2,88.05,5.84,Road,2024,9,0.894
2024-09-07 08:44:56,Lunch Trail Run,6.7,4323.0,1.552,390.0,0.0,48.6,126.0,147.0,21.0,67.0,490.0,33.0,1880.6,72.05,10.75,Trail,2024,9,1.354
2024-09-06 16:55:29,Evening Run,7.46,2803.0,2.663,192.4,-0.1,18.3,135.0,161.0,23.0,83.0,421.0,29.0,1744.2,46.72,6.26,Road,2024,9,0.845
2024-09-04 15:45:52,Evening Trail Run,10.36,5275.0,1.964,475.0,0.0,47.9,133.0,153.0,37.0,73.0,644.0,28.0,5995.2,87.92,8.49,Trail,2024,9,1.129
2024-09-03 05:35:16,Morning Trail Run,10.11,4097.0,2.468,223.0,0.0,41.4,157.0,184.0,119.0,83.0,641.0,28.0,7833.6,68.28,6.75,Trail,2024,9,1.06
2024-09-02 06:06:02,Morning Trail Run,7.16,2364.0,3.029,40.0,-0.1,12.3,150.0,167.0,51.0,86.0,386.0,28.0,6311.3,39.4,5.5,Trail,2024,9,0.825
2024-08-31 09:02:41,Lunch Trail Run,8.0,4143.0,1.933,503.0,0.0,48.2,152.0,173.0,97.0,72.0,601.0,30.0,1671.8,69.05,8.63,Trail,2024,8,1.312
2024-08-29 16:33:41,Evening Trail Run,5.0,3056.0,1.639,467.0,0.1,49.0,145.0,164.0,47.0,66.0,419.0,29.0,1201.7,50.93,10.19,Trail,2024,8,1.478
2024-08-28 16:44:55,Evening Run,8.49,2972.0,2.86,69.0,0.0,17.4,141.0,155.0,38.0,86.0,478.0,28.0,7824.4,49.53,5.83,Road,2024,8,0.822
2024-08-27 16:17:17,Evening Trail Run,11.13,4753.0,2.342,353.0,0.0,42.8,143.0,160.0,68.0,79.0,679.0,28.0,8028.7,79.22,7.12,Trail,2024,8,1.018
2024-08-26 16:09:44,Evening Trail Run,9.08,3592.0,2.529,54.0,0.0,17.4,138.0,152.0,30.0,84.0,505.0,30.0,8562.8,59.87,6.59,Trail,2024,8,0.909
2024-08-25 15:50:22,Evening Trail Run,12.07,4807.0,2.512,306.0,0.1,49.8,141.0,157.0,66.0,82.0,711.0,29.0,8940.4,80.12,6.64,Trail,2024,8,0.936
2024-08-24 16:54:16,Evening Run,6.82,3287.0,2.077,81.0,0.1,35.6,125.0,160.0,20.0,76.0,419.0,32.0,945.2,54.78,8.03,Road,2024,8,1.004
2024-08-23 16:47:21,Evening Trail Run,4.99,2388.0,2.089,211.0,-0.1,46.3,131.0,152.0,14.0,74.0,308.0,30.0,3865.3,39.8,7.98,Trail,2024,8,1.045
2024-08-21 16:42:35,Evening Trail Run,9.13,3676.0,2.485,381.0,0.0,44.1,146.0,167.0,65.0,81.0,550.0,28.0,0.0,61.27,6.71,Trail,2024,8,0.98
2024-08-20 15:49:34,4  1005 3 1,8.31,3497.0,2.378,331.0,0.1,25.4,143.0,174.0,53.0,79.0,524.0,29.0,0.0,58.28,7.01,Road,2024,8,1.002
2024-08-19 14:56:03,Afternoon Trail Run,6.02,2211.0,2.724,184.0,0.0,18.2,147.0,163.0,43.0,84.0,349.0,29.0,0.0,36.85,6.12,Trail,2024,8,0.9
2024-08-18 16:14:24,Evening Trail Run,12.01,4916.0,2.443,324.0,0.0,30.2,144.0,164.0,76.0,79.0,735.0,29.0,0.0,81.93,6.82,Trail,2024,8,0.982
2024-08-17 16:49:39,Evening Trail Run,7.09,2610.0,2.718,155.0,-0.1,17.4,142.0,162.0,35.0,84.0,403.0,30.0,0.0,43.5,6.14,Trail,2024,8,0.872
2024-08-16 16:02:35,Evening Trail Run,10.01,4171.0,2.4,420.0,0.0,30.1,151.0,179.0,97.0,79.0,656.0,31.0,0.0,69.52,6.95,Trail,2024,8,1.049
2024-08-15 08:11:44,Lunch Trail Run,5.0,2242.0,2.231,183.0,0.1,20.7,162.0,186.0,81.0,76.0,365.0,36.0,0.0,37.37,7.47,Trail,2024,8,1.21
2024-08-14 16:05:25,Evening Hike,3.01,1825.0,1.649,23.0,0.1,9.9,88.0,110.0,3.0,54.0,146.0,32.0,2730.0,30.42,10.11,Road,2024,8,0.89
2024-08-13 16:43:32,Evening Trail Run,8.19,3946.0,2.076,447.0,0.1,49.9,153.0,175.0,99.0,77.0,589.0,31.0,0.0,65.77,8.03,Trail,2024,8,1.229
2024-08-12 17:14:11,Evening Run,7.01,2561.0,2.739,140.0,0.0,8.9,147.0,170.0,47.0,84.0,414.0,31.0,0.0,42.68,6.09,Road,2024,8,0.895
2024-08-11 16:47:08,Evening Trail Run,6.0,2678.0,2.243,272.0,0.1,24.5,153.0,169.0,68.0,79.0,411.0,31.0,0.0,44.63,7.44,Trail,2024,8,1.138
2024-08-10 16:57:09,Evening Trail Run,3.55,1633.0,2.177,152.0,0.2,29.6,139.0,163.0,18.0,75.0,245.0,31.0,0.0,27.22,7.67,Trail,2024,8,1.066
2024-08-04 13:58:35,Afternoon Trail Run,3.94,2605.0,1.513,163.0,0.0,44.3,108.0,146.0,8.0,60.0,305.0,24.0,3560.9,43.42,11.02,Trail,2024,8,1.19
2024-08-03 10:01:58,Lunch Trail Run,7.5,9676.0,0.775,864.0,0.2,49.6,96.0,138.0,9.0,59.0,499.0,19.0,4325.8,161.27,21.5,Trail,2024,8,2.064
2024-08-03 08:04:24,Morning Trail Run,2.59,1733.0,1.499,149.0,0.3,49.2,102.0,135.0,4.0,58.0,217.0,21.0,1709.1,28.88,11.15,Trail,2024,8,1.137
2024-08-02 09:13:34,Lunch Trail Run,10.53,5849.0,1.802,181.0,0.0,46.3,90.0,140.0,12.0,62.0,578.0,26.0,4621.4,97.48,9.26,Trail,2024,8,0.833
2024-08-01 07:33:07,Morning Trail Run,14.62,6977.0,2.096,303.0,0.1,37.3,124.0,166.0,45.0,73.0,893.0,26.0,13744.0,116.28,7.95,Trail,2024,8,0.986
2024-07-31 15:59:31,Afternoon Run,3.98,2093.0,1.903,130.0,0.4,48.4,88.0,121.0,4.0,55.0,211.0,29.0,1465.7,34.88,8.76,Road,2024,7,0.771
2024-07-29 16:11:30,Evening Run,6.11,2157.0,2.833,52.0,0.0,21.8,144.0,154.0,38.0,84.0,341.0,31.0,5686.2,35.95,5.88,Road,2024,7,0.847
2024-07-28 16:27:01,Evening Trail Run,6.23,3004.0,2.074,306.0,0.1,47.0,132.0,151.0,21.0,74.0,395.0,30.0,4394.3,50.07,8.04,Trail,2024,7,1.061
2024-07-25 16:28:21,Evening Trail Run,4.42,2661.0,1.661,226.0,0.0,49.4,120.0,143.0,12.0,73.0,306.0,30.0,2733.9,44.35,10.03,Trail,2024,7,1.204
2024-07-23 15:39:11,Evening Trail Run,7.06,3394.0,2.083,251.0,-0.1,47.2,131.0,154.0,22.0,78.0,433.0,30.0,5700.6,56.57,8.01,Trail,2024,7,1.049
2024-07-22 16:17:49,Evening Trail Run,9.56,3785.0,2.527,249.0,0.1,31.7,141.0,160.0,49.0,81.0,580.0,31.0,8986.5,63.08,6.6,Trail,2024,7,0.931
2024-07-21 04:56:42,Morning Trail Run,7.13,3959.0,1.801,366.0,0.0,48.9,146.0,192.0,73.0,70.0,1236.0,30.0,6125.7,65.98,9.25,Trail,2024,7,1.35
2024-07-20 16:42:14,Evening Trail Run,3.82,1939.0,1.972,190.0,0.1,49.5,140.0,157.0,23.0,70.0,271.0,30.0,2648.5,32.32,8.46,Trail,2024,7,1.184
2024-07-14 08:00:48,Lunch Run,5.1,2047.0,2.495,29.0,-0.1,20.4,150.0,163.0,46.0,85.0,304.0,34.0,4755.1,34.12,6.69,Road,2024,7,1.004
2024-07-13 04:43:26,Morning Trail Run,11.01,7405.0,1.487,761.0,0.1,49.4,139.0,160.0,81.0,68.0,893.0,28.0,11012.0,123.42,11.21,Trail,2024,7,1.558
2024-07-10 17:26:49,Evening Trail Run,7.0,2991.0,2.34,242.0,-0.1,42.5,142.0,159.0,40.0,77.0,426.0,31.0,5430.1,49.85,7.12,Trail,2024,7,1.011
2024-07-09 15:53:10,Evening Run,5.51,2187.0,2.52,44.0,-0.1,21.6,145.0,163.0,38.0,84.0,326.0,33.0,5170.5,36.45,6.62,Road,2024,7,0.96
2024-07-07 15:56:23,Evening Trail Run,3.57,2066.0,1.729,200.0,-0.1,47.4,127.0,149.0,11.0,68.0,249.0,31.0,1933.0,34.43,9.64,Trail,2024,7,1.224
2024-07-06 17:56:42,Evening Trail Run,6.27,3057.0,2.052,229.0,0.0,45.8,124.0,150.0,15.0,73.0,377.0,27.0,4689.6,50.95,8.13,Trail,2024,7,1.008
2024-07-03 15:38:51,Evening Run,4.53,1974.0,2.296,37.0,-0.1,21.0,130.0,146.0,9.0,82.0,249.0,30.0,3969.3,32.9,7.26,Road,2024,7,0.944
2024-06-23 03:41:03,Morning Trail Run,3.56,1994.0,1.79,0.0,-22.8,6.8,117.0,144.0,7.0,75.0,215.0,24.0,3568.3,33.23,9.33,Trail,2024,6,1.092
2024-06-23 01:21:59,Morning Trail Run,3.9,5765.0,0.677,841.0,21.4,49.9,139.0,157.0,57.0,54.0,647.0,22.0,3903.9,96.08,24.64,Trail,2024,6,3.425
2024-06-22 08:11:17,Lunch Trail Run,10.78,24084.0,0.448,1566.0,12.5,49.9,118.0,156.0,44.0,55.0,1739.0,31.0,641.4,401.4,37.24,Trail,2024,6,4.394
2024-06-16 05:31:29,Argithea sky race 30km 2000  ,28.14,16291.0,1.728,1906.0,0.1,50.0,156.0,174.0,469.0,68.0,2097.0,27.0,4054.5,271.52,9.65,Road,2024,6,1.505
2024-06-14 17:02:40,Evening Trail Run,5.19,2024.0,2.565,159.0,0.1,41.4,134.0,163.0,14.0,80.0,294.0,29.0,4200.0,33.73,6.5,Trail,2024,6,0.871
2024-06-12 08:04:14,Lunch Trail Run,7.1,3368.0,2.109,334.0,0.1,49.1,153.0,164.0,86.0,74.0,544.0,35.0,4900.3,56.13,7.91,Trail,2024,6,1.21
2024-06-11 17:18:03,Evening Run,7.96,2858.0,2.788,52.0,-0.1,46.2,135.0,166.0,23.0,85.0,443.0,29.0,7406.7,47.63,5.98,Road,2024,6,0.807
2024-06-10 17:05:32,Evening Run,10.06,3636.0,2.768,58.0,0.0,18.8,133.0,144.0,19.0,85.0,514.0,30.0,9666.4,60.6,6.02,Road,2024,6,0.801
2024-06-08 08:57:41,Lunch Trail Run,16.03,6956.0,2.305,501.0,0.0,49.7,155.0,178.0,188.0,78.0,1072.0,31.0,11238.8,115.93,7.23,Trail,2024,6,1.121
2024-06-05 16:05:31,Evening Trail Run,15.15,5458.0,2.776,308.0,0.0,18.3,148.0,173.0,110.0,85.0,842.0,31.0,12669.0,90.97,6.0,Trail,2024,6,0.888
2024-06-04 09:58:22,Lunch Trail Run,6.01,2781.0,2.164,239.0,0.1,45.6,147.0,174.0,48.0,77.0,444.0,35.0,3684.5,46.35,7.71,Trail,2024,6,1.133
2024-06-03 16:56:19,Evening Run,6.83,2286.0,2.989,39.0,0.0,26.6,129.0,144.0,13.0,87.0,372.0,28.0,6361.7,38.1,5.58,Road,2024,6,0.72
2024-06-01 07:36:09,Morning Trail Run,9.27,4328.0,2.142,432.0,0.0,48.9,146.0,161.0,81.0,76.0,603.0,30.0,5743.7,72.13,7.78,Trail,2024,6,1.136
2024-05-31 14:44:07,Afternoon Trail Run,20.08,9596.0,2.093,924.0,0.0,49.9,146.0,173.0,172.0,77.0,1278.0,27.0,12295.0,159.93,7.96,Trail,2024,5,1.162
2024-05-30 06:06:26,Morning Run,5.21,2004.0,2.604,52.0,-0.2,13.5,134.0,143.0,11.0,85.0,271.0,26.0,4483.6,33.4,6.41,Road,2024,5,0.859
2024-05-29 16:25:09,Evening Trail Run,13.25,5673.0,2.335,449.0,0.0,49.7,133.0,164.0,42.0,78.0,819.0,24.0,9213.3,94.55,7.14,Trail,2024,5,0.95
2024-05-28 05:48:27,Morning Run,10.2,3418.0,2.985,59.0,0.0,44.9,152.0,178.0,78.0,87.0,569.0,25.0,9718.8,56.97,5.59,Road,2024,5,0.85
2024-05-26 09:32:33,Lunch Trail Run,24.0,9626.0,2.494,480.0,0.0,32.4,150.0,175.0,216.0,84.0,1451.0,27.0,19481.3,160.43,6.68,Trail,2024,5,1.002
2024-05-25 14:57:41,Afternoon Trail Run,16.0,7124.0,2.246,880.0,0.0,49.3,152.0,178.0,175.0,75.0,985.0,26.0,6937.3,118.73,7.42,Trail,2024,5,1.128
2024-05-23 10:55:02,Afternoon Run,5.63,1885.0,2.989,35.0,0.0,15.1,139.0,168.0,21.0,85.0,308.0,30.0,5335.3,31.42,5.58,Road,2024,5,0.776
2024-05-22 10:48:52,Afternoon Trail Run,15.21,5957.0,2.554,400.0,0.0,39.9,152.0,175.0,152.0,79.0,921.0,32.0,12096.9,99.28,6.53,Trail,2024,5,0.993
2024-05-21 08:24:18,Lunch Trail Run,15.2,7001.0,2.171,532.0,0.0,46.6,152.0,180.0,170.0,73.0,1023.0,31.0,9230.1,116.68,7.68,Trail,2024,5,1.167
2024-05-20 10:46:54,Afternoon Run,11.11,3646.0,3.05,47.0,0.0,9.3,151.0,171.0,82.0,87.0,600.0,30.0,11118.6,60.77,5.47,Road,2024,5,0.826
2024-05-19 16:08:41,Evening Run,9.99,3682.0,2.716,7.0,0.0,17.7,131.0,169.0,24.0,86.0,556.0,27.0,9999.7,61.37,6.14,Road,2024,5,0.804
2024-05-18 08:35:25,Lunch Trail Run,13.39,8012.0,1.672,1001.0,0.0,49.2,158.0,177.0,246.0,71.0,1144.0,28.0,13382.1,133.53,9.97,Trail,2024,5,1.575
2024-05-16 10:00:12,Afternoon Trail Run,6.01,2250.0,2.671,108.0,0.1,15.0,137.0,161.0,21.0,85.0,347.0,25.0,3684.0,37.5,6.24,Trail,2024,5,0.855
2024-05-15 13:59:07,Afternoon Trail Run,16.21,6118.0,2.65,604.0,0.1,23.6,153.0,172.0,147.0,85.0,919.0,26.0,11939.3,101.97,6.29,Trail,2024,5,0.962
2024-05-14 09:58:00,Alsos round,10.1,3427.0,2.949,113.0,-0.1,16.6,149.0,170.0,71.0,87.0,569.0,26.0,10095.5,57.12,5.66,Road,2024,5,0.843
2024-05-10 09:25:05,Lunch Run,20.01,6539.0,3.061,78.0,0.0,48.9,154.0,173.0,180.0,87.0,1158.0,27.0,0.0,108.98,5.45,Road,2024,5,0.839
2024-05-09 15:36:31,Evening Trail Run,2.05,786.0,2.618,65.0,0.0,13.9,125.0,151.0,4.0,81.0,126.0,24.0,0.0,13.1,6.39,Trail,2024,5,0.799
2024-05-08 14:34:18,Afternoon Trail Run,7.4,5092.0,1.453,261.0,0.1,49.4,147.0,178.0,66.0,79.0,599.0,27.0,5389.6,84.87,11.47,Trail,2024,5,1.686
2024-05-07 08:54:48,Lunch Run,10.01,3149.0,3.18,5.0,0.0,2.7,158.0,175.0,95.0,87.0,563.0,29.0,0.0,52.48,5.24,Road,2024,5,0.828
2024-05-06 07:44:39,Morning Trail Run,7.72,3866.0,1.998,381.0,-0.1,22.7,155.0,177.0,99.0,77.0,584.0,27.0,0.0,64.43,8.35,Trail,2024,5,1.294
2024-05-04 06:22:20,Morning Trail Run,15.0,6642.0,2.26,685.0,0.0,29.9,155.0,174.0,180.0,78.0,1018.0,20.0,0.0,110.7,7.38,Trail,2024,5,1.144
2024-05-02 09:37:17,Lunch Trail Run,12.05,7622.0,1.581,849.0,0.1,48.3,147.0,189.0,146.0,67.0,993.0,26.0,11592.8,127.03,10.54,Trail,2024,5,1.549
2024-05-01 13:49:37,Afternoon Trail Run,14.66,6242.0,2.349,401.0,0.0,48.6,143.0,169.0,88.0,80.0,878.0,27.0,13583.7,104.03,7.1,Trail,2024,5,1.015
2024-04-30 05:47:40,Morning Run,9.03,3482.0,2.593,58.0,-0.1,22.1,142.0,157.0,52.0,85.0,537.0,21.0,8489.6,58.03,6.43,Road,2024,4,0.913
2024-04-29 16:45:28,Evening Run,6.56,2031.0,3.233,0.0,0.0,0.0,134.0,159.0,24.0,84.0,269.0,28.0,0.0,33.85,5.16,Road,2024,4,0.691
2024-04-23 10:49:29,Afternoon Run,8.01,2926.0,2.741,48.0,0.0,10.9,141.0,165.0,42.0,86.0,463.0,23.0,8018.8,48.77,6.09,Road,2024,4,0.859
2024-04-22 16:37:06,Evening Run,5.1,1548.0,3.299,0.0,0.0,0.0,137.0,162.0,22.0,83.0,221.0,27.0,0.0,25.8,5.06,Road,2024,4,0.693
2024-04-21 08:25:35,Lunch Trail Run,18.3,9172.0,1.995,700.0,0.0,39.3,150.0,177.0,200.0,75.0,1244.0,26.0,12398.2,152.87,8.35,Trail,2024,4,1.252
2024-04-19 15:03:31,Evening Run,2.61,934.0,2.795,0.0,0.0,0.0,124.0,145.0,5.0,79.0,113.0,27.0,0.0,15.57,5.97,Road,2024,4,0.74
2024-04-14 05:00:32,Hydra Marathon              ,38.44,19431.0,1.978,2024.6,0.0,46.8,162.0,187.0,698.0,71.0,2696.0,29.0,7981.1,323.85,8.42,Road,2024,4,1.364
2024-04-12 13:02:25,Afternoon Trail Run,7.24,3102.0,2.335,151.0,0.0,46.2,129.0,160.0,19.0,81.0,439.0,29.0,3036.4,51.7,7.14,Trail,2024,4,0.921
2024-04-10 15:25:21,Evening Trail Run,10.27,4637.0,2.216,411.0,0.0,46.3,129.0,160.0,28.0,76.0,632.0,24.0,8185.5,77.28,7.52,Trail,2024,4,0.97
2024-04-09 17:04:02,Evening Trail Run,7.02,3195.0,2.2,253.0,1.8,37.4,128.0,147.0,16.0,81.0,451.0,22.0,6356.7,53.25,7.59,Trail,2024,4,0.972
2024-04-07 06:06:04,Poikilo race 30 km,28.68,13193.0,2.174,1592.0,0.0,49.3,162.0,187.0,476.0,75.0,1967.0,26.0,16478.5,219.88,7.67,Road,2024,4,1.243
2024-04-07 05:38:55,Morning Trail Run,2.07,877.0,2.369,37.0,0.0,22.4,126.0,143.0,3.0,82.0,135.0,22.0,259.1,14.62,7.06,Trail,2024,4,0.89
2024-04-05 16:53:39,Evening Run,5.67,2203.0,2.574,62.0,-0.1,18.1,125.0,147.0,9.0,83.0,335.0,23.0,5029.7,36.72,6.48,Road,2024,4,0.81
2024-04-03 15:34:01,Evening Trail Run,9.0,3814.0,2.36,324.0,0.0,36.1,135.0,165.0,37.0,79.0,557.0,23.0,6306.8,63.57,7.06,Trail,2024,4,0.953
2024-04-02 16:53:41,Evening Run,5.0,1872.0,2.672,57.0,0.0,7.8,127.0,138.0,7.0,84.0,274.0,27.0,0.0,31.2,6.24,Road,2024,4,0.792
2024-04-01 10:43:11,Afternoon Trail Run,10.01,3690.0,2.713,250.0,0.0,20.5,145.0,173.0,64.0,84.0,589.0,29.0,9047.5,61.5,6.14,Trail,2024,4,0.89
2024-03-31 10:00:12,Afternoon Trail Run,13.83,7229.0,1.914,397.0,0.0,44.1,133.0,161.0,53.0,76.0,905.0,28.0,4746.8,120.48,8.71,Trail,2024,3,1.158
2024-03-30 09:10:47,Lunch Trail Run,8.89,5409.0,1.644,664.0,0.1,48.2,145.0,175.0,94.0,65.0,731.0,29.0,2316.0,90.15,10.14,Trail,2024,3,1.47
2024-03-29 14:43:27,Afternoon Run,12.62,3929.0,3.214,16.0,0.0,9.9,153.0,177.0,97.0,87.0,725.0,25.0,12577.5,65.48,5.19,Road,2024,3,0.794
2024-03-28 10:49:32,Lunch Run,9.32,3288.0,2.835,75.0,-0.1,19.2,139.0,169.0,39.0,84.0,549.0,26.0,9321.8,54.8,5.88,Road,2024,3,0.817
2024-03-27 14:38:43,Afternoon Trail Run,17.24,7233.0,2.385,629.0,0.0,39.3,155.0,189.0,204.0,78.0,1125.0,23.0,12740.9,120.55,6.99,Trail,2024,3,1.083
2024-03-25 10:59:54,Lunch Run,9.13,3921.0,2.33,427.0,0.0,48.7,154.0,184.0,111.0,81.0,628.0,24.0,684.3,65.35,7.16,Road,2024,3,1.103
2024-03-24 07:44:20,Morning Trail Run,25.3,13622.0,1.858,1613.0,0.0,48.6,142.0,174.0,194.0,72.0,1768.0,14.0,15013.1,227.03,8.97,Trail,2024,3,1.274
2024-03-23 10:26:48,Lunch Trail Run,10.55,4366.0,2.418,330.0,0.0,49.7,143.0,178.0,70.0,79.0,655.0,23.0,8705.5,72.77,6.9,Trail,2024,3,0.987
2024-03-22 06:35:14,Morning Run,11.74,3920.0,2.996,76.0,0.0,31.9,160.0,186.0,137.0,86.0,699.0,18.0,10876.0,65.33,5.56,Road,2024,3,0.89
2024-03-20 17:51:55,Evening Run,11.72,4101.0,2.859,208.0,0.1,39.4,152.0,179.0,99.0,87.0,718.0,15.0,11056.4,68.35,5.83,Road,2024,3,0.886
2024-03-19 06:34:57,Morning Run,9.56,3702.0,2.584,113.0,0.0,28.3,137.0,154.0,29.0,86.0,572.0,20.0,9032.5,61.7,6.45,Road,2024,3,0.884
2024-03-18 09:42:21,Lunch Trail Run,15.48,11438.0,1.353,1116.0,0.1,49.9,139.0,177.0,113.0,70.0,1168.0,20.0,8979.1,190.63,12.31,Trail,2024,3,1.711
2024-03-17 15:26:28,Afternoon Trail Run,15.45,7512.0,2.057,655.0,0.1,49.4,149.0,179.0,156.0,76.0,1092.0,19.0,6252.7,125.2,8.1,Trail,2024,3,1.207
2024-03-16 07:07:00,Morning Trail Run,11.62,6671.0,1.743,813.0,0.1,49.4,151.0,182.0,149.0,69.0,956.0,23.0,3715.9,111.18,9.57,Trail,2024,3,1.445
2024-03-14 11:47:25,Afternoon Trail Run,8.04,3501.0,2.297,385.0,0.1,45.9,144.0,175.0,58.0,75.0,504.0,23.0,5248.9,58.35,7.26,Trail,2024,3,1.045
2024-03-13 14:18:30,Afternoon Trail Run,18.0,8255.0,2.181,708.0,0.0,40.7,151.0,172.0,185.0,78.0,1176.0,20.0,9842.9,137.58,7.64,Trail,2024,3,1.154
2024-03-12 11:52:36,Afternoon Trail Run,9.26,3599.0,2.574,308.0,-0.1,47.4,137.0,165.0,37.0,83.0,570.0,20.0,8074.1,59.98,6.48,Trail,2024,3,0.888
2024-03-11 11:48:05,Afternoon Run,8.05,2826.0,2.849,87.0,0.0,22.1,140.0,154.0,38.0,86.0,458.0,22.0,8034.2,47.1,5.85,Road,2024,3,0.819
2024-03-10 08:12:34,Morning Trail Run,14.8,9696.0,1.527,920.0,0.0,49.7,117.0,148.0,35.0,63.0,1123.0,22.0,9525.9,161.6,10.92,Trail,2024,3,1.278
2024-03-09 07:11:32,Morning Trail Run,15.0,9064.0,1.656,1201.0,0.1,50.0,145.0,169.0,150.0,68.0,1169.0,17.0,14810.9,151.07,10.07,Trail,2024,3,1.46
2024-03-08 09:53:19,Lunch Run,12.29,3991.0,3.081,30.0,0.0,7.7,154.0,177.0,107.0,87.0,722.0,21.0,12218.5,66.52,5.41,Road,2024,3,0.833
2024-03-06 10:55:35,   ,16.01,6806.0,2.353,632.0,0.0,49.1,148.0,173.0,139.0,76.0,1015.0,22.0,11875.0,113.43,7.08,Road,2024,3,1.048
2024-03-05 10:52:22,1   ,12.09,3740.0,3.235,76.0,-0.1,17.0,152.0,166.0,92.0,87.0,670.0,21.0,12098.3,62.33,5.16,Road,2024,3,0.784
2024-03-03 10:11:14,Pantelikon pista,20.86,12158.0,1.716,1340.0,0.0,49.8,145.0,180.0,205.0,69.0,1636.0,24.0,13871.4,202.63,9.71,Road,2024,3,1.408
2024-03-02 12:59:09,Afternoon Trail Run,12.35,6599.0,1.872,852.0,-0.1,47.2,151.0,179.0,149.0,67.0,943.0,23.0,2695.8,109.98,8.91,Trail,2024,3,1.345
2024-03-02 09:21:05,Lunch Run,2.91,1137.0,2.564,8.0,0.0,2.7,144.0,166.0,18.0,83.0,176.0,23.0,314.6,18.95,6.51,Road,2024,3,0.937
2024-03-01 06:59:40,Morning Trail Run,4.69,2044.0,2.297,182.0,0.1,49.0,152.0,176.0,48.0,75.0,306.0,20.0,3065.1,34.07,7.26,Trail,2024,3,1.104
2024-02-29 16:03:00,Evening Run,12.17,3875.0,3.141,43.0,0.0,9.6,154.0,167.0,102.0,88.0,692.0,20.0,12123.1,64.58,5.31,Road,2024,2,0.818
2024-02-28 06:46:39,Morning Trail Run,14.26,6838.0,2.086,748.0,0.0,50.0,151.0,178.0,161.0,72.0,1011.0,22.0,8088.7,113.97,7.99,Trail,2024,2,1.206
2024-02-27 07:00:11,Morning Run,8.12,2830.0,2.872,58.0,0.0,24.8,154.0,169.0,75.0,87.0,489.0,20.0,7531.7,47.17,5.81,Road,2024,2,0.895
2024-02-25 11:19:25,Afternoon Trail Run,16.82,7080.0,2.377,809.0,0.0,49.2,158.0,190.0,224.0,76.0,1198.0,22.0,4150.6,118.0,7.02,Trail,2024,2,1.109
2024-02-24 09:57:33,Lunch Trail Run,14.41,8352.0,1.726,1000.0,0.0,49.9,146.0,177.0,149.0,71.0,1109.0,21.0,13928.8,139.2,9.66,Trail,2024,2,1.41
2024-02-23 14:25:17,Afternoon Run,9.68,3378.0,2.867,124.0,-0.1,16.5,151.0,168.0,76.0,86.0,584.0,22.0,9052.5,56.3,5.82,Road,2024,2,0.879
2024-02-22 11:36:33,Afternoon Run,5.61,1952.0,2.877,74.0,-0.1,15.6,144.0,159.0,33.0,87.0,339.0,20.0,5615.4,32.53,5.8,Road,2024,2,0.835
2024-02-21 11:48:04,Afternoon Trail Run,8.12,3837.0,2.118,507.0,0.1,49.7,146.0,166.0,67.0,69.0,563.0,21.0,4556.2,63.95,7.88,Trail,2024,2,1.15
2024-02-20 11:44:55,Afternoon Trail Run,8.51,4164.0,2.044,457.0,0.0,48.1,152.0,187.0,101.0,73.0,639.0,21.0,3911.6,69.4,8.16,Trail,2024,2,1.24
2024-02-19 11:48:33,Afternoon Run,8.17,2634.0,3.103,42.0,0.0,10.6,148.0,172.0,56.0,86.0,462.0,19.0,8173.6,43.9,5.37,Road,2024,2,0.795
2024-02-18 09:39:46,Dendrospito,11.31,5903.0,1.917,701.0,0.0,48.6,133.0,162.0,50.0,71.0,847.0,18.0,3939.0,98.38,8.7,Road,2024,2,1.157
2024-02-14 06:34:39,Morning Run,7.85,3230.0,2.432,122.0,-0.1,41.1,151.0,172.0,75.0,83.0,478.0,19.0,6935.0,53.83,6.86,Road,2024,2,1.036
2024-02-13 17:48:21,Evening Run,8.5,3073.0,2.769,163.0,0.0,17.1,160.0,178.0,105.0,85.0,513.0,16.0,8507.6,51.22,6.03,Road,2024,2,0.965
2024-02-11 07:36:52,Morning Trail Run,18.85,7859.0,2.399,477.0,0.1,28.6,154.0,187.0,216.0,84.0,1230.0,18.0,14112.5,130.98,6.95,Trail,2024,2,1.07
2024-02-10 10:41:06,Lunch Trail Run,5.66,4604.0,1.231,705.0,0.1,49.9,133.0,158.0,42.0,61.0,596.0,21.0,5666.5,76.73,13.56,Trail,2024,2,1.803
2024-02-09 13:55:15,Afternoon Trail Run,7.0,3747.0,1.869,402.0,0.0,49.8,132.0,165.0,28.0,72.0,501.0,21.0,3022.9,62.45,8.92,Trail,2024,2,1.177
2024-02-08 17:51:32,Evening Run,3.37,1374.0,2.454,38.0,-0.2,14.7,119.0,143.0,5.0,85.0,186.0,21.0,2189.4,22.9,6.8,Road,2024,2,0.809
2024-01-31 12:13:53,Afternoon Trail Run,4.3,2514.0,1.711,400.0,-1.0,49.6,137.0,162.0,28.0,67.0,340.0,19.0,1739.0,41.9,9.74,Trail,2024,1,1.334
2024-01-31 11:43:16,Afternoon Trail Run,2.86,1364.0,2.1,57.0,0.9,48.5,132.0,154.0,11.0,83.0,238.0,18.0,24.9,22.73,7.95,Trail,2024,1,1.049
2024-01-28 13:57:12,Afternoon Trail Run,15.51,7890.0,1.966,1013.0,0.0,49.5,153.0,190.0,197.0,74.0,1131.0,14.0,6731.7,131.5,8.48,Trail,2024,1,1.297
2024-01-27 09:28:24,Lunch Trail Run,22.38,9864.0,2.269,1026.0,0.0,49.9,154.0,185.0,268.0,76.0,1506.0,18.0,19264.4,164.4,7.35,Trail,2024,1,1.132
2024-01-25 10:58:10,Lunch Trail Run,6.62,3552.0,1.865,500.0,-0.1,49.8,143.0,179.0,63.0,69.0,517.0,20.0,3242.1,59.2,8.94,Trail,2024,1,1.278
2024-01-23 11:08:44,Afternoon Trail Run,8.04,3105.0,2.591,280.0,0.0,25.4,142.0,166.0,47.0,81.0,497.0,21.0,6664.9,51.75,6.44,Trail,2024,1,0.914
2024-01-21 07:36:59,Long Levados,24.72,12245.0,2.019,1537.0,-0.1,49.8,146.0,178.0,215.0,73.0,1677.0,10.0,6212.8,204.08,8.26,Road,2024,1,1.206
2024-01-20 10:17:20,Lunch Trail Run,6.27,4133.0,1.519,620.0,0.1,49.8,118.0,152.0,15.0,67.0,482.0,19.0,6277.7,68.88,10.99,Trail,2024,1,1.297
2024-01-19 14:43:17,Afternoon Run,12.09,3779.0,3.202,9.0,0.0,5.5,151.0,169.0,82.0,88.0,699.0,20.0,12098.6,62.98,5.21,Road,2024,1,0.787
2024-01-18 07:04:02,Morning Run,5.72,2273.0,2.519,81.0,0.0,26.4,139.0,157.0,25.0,85.0,341.0,20.0,4816.0,37.88,6.62,Road,2024,1,0.92
2024-01-17 14:12:55,Afternoon Trail Run,17.6,6576.0,2.676,363.2,0.0,28.2,139.0,157.0,69.0,86.0,995.0,21.0,16615.5,109.6,6.23,Trail,2024,1,0.866
2024-01-16 06:29:36,Morning Run,8.85,3400.0,2.603,282.0,0.0,18.2,150.0,174.0,77.0,87.0,573.0,19.0,1672.1,56.67,6.4,Road,2024,1,0.96
2024-01-14 12:57:43,Afternoon Trail Run,22.0,7551.0,2.915,709.0,-0.1,20.8,170.0,185.0,370.0,88.0,1354.0,14.0,665.4,125.85,5.72,Trail,2024,1,0.972
2024-01-13 10:22:13,Lunch Trail Run,11.53,7803.0,1.479,1204.0,0.1,50.0,126.0,159.0,47.0,70.0,935.0,9.0,11435.4,130.05,11.28,Trail,2024,1,1.421
2024-01-09 12:10:24,Afternoon Trail Run,5.01,2353.0,2.13,233.0,-0.1,44.5,142.0,167.0,37.0,74.0,355.0,21.0,764.1,39.22,7.83,Trail,2024,1,1.112
2024-01-08 11:49:32,Afternoon Trail Run,15.02,6526.0,2.302,703.3,0.0,49.6,155.0,189.0,178.0,76.0,1020.0,20.0,7543.2,108.77,7.24,Trail,2024,1,1.122
2024-01-06 09:08:45,Lunch Trail Run,12.43,7679.0,1.619,1029.0,0.1,50.0,142.0,168.0,109.0,68.0,1029.0,17.0,12390.1,127.98,10.3,Trail,2024,1,1.463
2024-01-05 10:04:21,Lunch Run,13.25,4513.0,2.937,75.0,0.0,17.1,151.0,189.0,101.0,84.0,788.0,22.0,12543.9,75.22,5.68,Road,2024,1,0.858
2024-01-04 12:33:29,Afternoon Trail Run,13.59,7097.0,1.916,910.0,0.0,48.1,146.0,185.0,131.0,73.0,982.0,23.0,3450.5,118.28,8.7,Trail,2024,1,1.27
2024-01-03 15:32:11,Afternoon Run,9.0,3388.0,2.658,266.7,0.0,28.9,148.0,174.0,66.0,84.0,540.0,21.0,1905.0,56.47,6.27,Road,2024,1,0.928
2024-01-02 09:21:02,Lunch Trail Run,10.0,4114.0,2.432,350.5,0.0,48.5,158.0,191.0,131.0,79.0,678.0,20.0,6956.9,68.57,6.86,Trail,2024,1,1.084
2023-12-31 09:04:36,Lunch Trail Run,10.14,6803.0,1.492,1020.0,0.1,49.7,133.0,166.0,68.0,63.0,1009.0,20.0,6888.4,113.38,11.18,Trail,2023,12,1.487
2023-12-30 09:32:43,Lunch Trail Run,18.22,9675.0,1.884,1108.0,0.0,49.8,145.0,183.0,161.0,72.0,1267.0,20.0,14438.0,161.25,8.85,Trail,2023,12,1.283
2023-12-28 08:28:20,Morning Trail Run,6.8,3278.0,2.076,302.0,0.0,49.6,137.0,164.0,36.0,77.0,456.0,22.0,0.0,54.63,8.03,Trail,2023,12,1.1
2023-12-27 14:12:11,Afternoon Trail Run,7.99,3465.0,2.307,408.0,0.0,22.9,148.0,168.0,67.0,78.0,540.0,21.0,0.0,57.75,7.23,Trail,2023,12,1.07
2023-12-26 09:03:46,Lunch Trail Run,12.16,5673.0,2.143,607.0,0.0,31.9,152.0,176.0,136.0,75.0,839.0,21.0,0.0,94.55,7.78,Trail,2023,12,1.183
2023-12-25 08:56:00,Morning Trail Run,8.62,4271.0,2.019,403.0,0.0,23.5,152.0,185.0,94.0,77.0,656.0,21.0,0.0,71.18,8.26,Trail,2023,12,1.256
2023-12-24 09:10:06,Lunch Trail Run,7.61,3638.0,2.092,404.0,0.1,25.0,145.0,170.0,60.0,75.0,520.0,22.0,0.0,60.63,7.97,Trail,2023,12,1.156
2023-12-23 11:01:25,Afternoon Trail Run,17.02,7585.0,2.245,980.2,0.0,49.7,152.0,182.0,184.0,76.0,1217.0,23.0,0.0,126.42,7.43,Trail,2023,12,1.129
2023-12-20 14:30:10,Afternoon Trail Run,9.38,4177.0,2.247,426.4,0.0,43.7,141.0,172.0,60.0,78.0,607.0,20.0,5749.7,69.62,7.42,Trail,2023,12,1.046
2023-12-19 10:59:11,Lunch Trail Run,8.79,3614.0,2.434,334.0,0.0,38.6,137.0,176.0,41.0,82.0,573.0,22.0,6936.5,60.23,6.85,Trail,2023,12,0.938
2023-12-17 11:17:53,Afternoon Trail Run,14.1,5787.0,2.437,453.0,-0.1,49.8,145.0,169.0,100.0,81.0,887.0,15.0,12256.5,96.45,6.84,Trail,2023,12,0.992
2023-12-13 13:58:37,Afternoon Trail Run,9.24,4312.0,2.143,372.0,0.0,49.4,142.0,172.0,63.0,75.0,585.0,21.0,7075.9,71.87,7.78,Trail,2023,12,1.105
2023-12-10 07:01:03,  1st time                   ,24.15,11787.0,2.049,1751.0,0.0,49.8,153.0,184.0,297.0,71.0,1661.0,11.0,14849.2,196.45,8.13,Road,2023,12,1.244
2023-12-10 06:32:17,Morning Trail Run,2.54,1027.0,2.479,39.0,0.1,13.3,155.0,173.0,27.0,85.0,190.0,16.0,0.0,17.12,6.74,Trail,2023,12,1.045
2023-12-09 08:32:13,Morning Trail Run,3.21,1831.0,1.757,185.0,0.0,46.1,128.0,153.0,11.0,71.0,246.0,16.0,2004.0,30.52,9.51,Trail,2023,12,1.217
2023-12-07 11:56:56,Afternoon Trail Run,10.0,4355.0,2.297,425.0,-0.1,49.8,148.0,179.0,95.0,79.0,671.0,21.0,7560.7,72.58,7.26,Trail,2023,12,1.074
2023-12-06 17:52:53,Evening Trail Run,8.75,3445.0,2.541,265.0,-0.1,28.6,138.0,156.0,37.0,84.0,515.0,20.0,3081.5,57.42,6.56,Trail,2023,12,0.905
2023-12-05 11:48:26,Afternoon Run,8.05,2769.0,2.909,39.0,-0.1,15.3,139.0,164.0,36.0,86.0,471.0,21.0,8056.4,46.15,5.73,Road,2023,12,0.796
2023-12-03 08:35:28,Morning Trail Run,13.02,6978.0,1.867,870.0,0.1,49.3,150.0,175.0,156.0,72.0,997.0,21.0,12991.1,116.3,8.93,Trail,2023,12,1.34
2023-12-02 11:31:40,Afternoon Trail Run,10.54,5853.0,1.801,778.0,0.1,49.9,144.0,179.0,97.0,74.0,871.0,22.0,7993.1,97.55,9.26,Trail,2023,12,1.333
2023-12-01 15:46:06,Afternoon Run,12.9,4065.0,3.175,9.0,0.0,17.1,149.0,171.0,90.0,88.0,737.0,20.0,12815.4,67.75,5.25,Road,2023,12,0.782
2023-11-30 09:09:54,Lunch Trail Run,13.38,5796.0,2.308,550.0,0.0,49.6,147.0,175.0,106.0,75.0,888.0,25.0,9398.6,96.6,7.22,Trail,2023,11,1.061
2023-11-28 08:52:37,Morning Run,12.71,4310.0,2.949,16.0,0.0,4.3,147.0,176.0,84.0,87.0,748.0,20.0,12647.8,71.83,5.65,Road,2023,11,0.831
2023-11-26 09:50:01,Lunch Trail Run,20.01,12699.0,1.576,1768.0,0.0,49.7,149.0,180.0,271.0,67.0,1673.0,15.0,19488.7,211.65,10.58,Trail,2023,11,1.576
2023-11-25 12:57:29,Afternoon Trail Run,10.84,4677.0,2.32,447.0,0.0,50.0,144.0,162.0,76.0,81.0,695.0,21.0,7425.3,77.95,7.19,Trail,2023,11,1.035
2023-11-24 15:20:37,Afternoon Run,14.1,4661.0,3.026,6.0,0.0,7.7,135.0,166.0,42.0,88.0,782.0,19.0,14058.0,77.68,5.51,Road,2023,11,0.744
2023-11-22 06:40:20,Morning Trail Run,8.03,3811.0,2.108,403.0,0.0,49.3,140.0,164.0,44.0,72.0,533.0,23.0,4162.6,63.52,7.91,Trail,2023,11,1.107
2023-11-21 06:29:28,Morning Trail Run,10.01,4400.0,2.275,401.4,0.0,38.5,143.0,171.0,66.0,79.0,652.0,21.0,5527.9,73.33,7.33,Trail,2023,11,1.048
2023-11-19 08:59:22,Long parnitha xouni keraies skipiza mpafi skalakia ,20.55,10463.0,1.964,1274.0,0.0,49.8,145.0,178.0,182.0,75.0,1441.0,14.0,19066.4,174.38,8.49,Road,2023,11,1.231
2023-11-18 09:47:44,Lunch Run,14.59,4796.0,3.044,127.0,0.0,18.3,146.0,175.0,94.0,89.0,845.0,19.0,14419.9,79.93,5.48,Road,2023,11,0.8
2023-11-17 14:56:12,Afternoon Trail Run,7.0,3427.0,2.045,328.0,0.0,50.0,131.0,152.0,20.0,74.0,459.0,22.0,2896.6,57.12,8.16,Trail,2023,11,1.069
2023-11-15 14:02:49,Afternoon Trail Run,13.44,5058.0,2.659,324.0,0.0,30.9,135.0,164.0,48.0,84.0,800.0,23.0,12631.7,84.3,6.27,Trail,2023,11,0.846
2023-11-14 08:00:09,Morning Trail Run,16.09,7828.0,2.056,778.0,0.0,47.4,146.0,176.0,141.0,74.0,1047.0,26.0,8422.6,130.47,8.11,Trail,2023,11,1.184
2023-11-12 11:28:26,Afternoon Trail Run,14.99,8033.0,1.867,1025.0,0.0,49.4,151.0,188.0,200.0,72.0,1161.0,23.0,12055.7,133.88,8.93,Trail,2023,11,1.348
2023-11-11 07:24:31,First 20 km 1000 asc,20.05,8709.0,2.303,1005.6,0.2,49.4,158.0,190.0,274.0,78.0,1319.0,23.0,11813.6,145.15,7.24,Road,2023,11,1.144
2023-11-09 10:56:11,Lunch Trail Run,6.49,3293.0,1.973,370.1,0.1,50.0,142.0,189.0,49.0,73.0,474.0,25.0,4018.3,54.88,8.46,Trail,2023,11,1.201
2023-11-08 13:49:38,Afternoon Trail Run,15.29,7851.0,1.949,880.0,0.0,49.0,153.0,184.0,203.0,75.0,1123.0,24.0,5038.2,130.85,8.56,Trail,2023,11,1.31
2023-11-07 11:02:03,Afternoon Run,9.33,3284.0,2.842,44.0,0.0,12.0,148.0,174.0,62.0,87.0,529.0,28.0,9336.9,54.73,5.87,Road,2023,11,0.869
2023-11-05 07:57:20,  ,15.07,9862.0,1.529,1163.0,0.1,49.9,138.0,170.0,112.0,69.0,1294.0,24.0,13909.1,164.37,10.91,Road,2023,11,1.506
2023-11-04 08:47:35,   ,8.4,6775.0,1.241,1086.0,0.1,49.9,149.0,177.0,142.0,63.0,1018.0,26.0,8407.2,112.92,13.44,Road,2023,11,2.003
2023-11-03 14:12:29,Afternoon Trail Run,12.39,5704.0,2.174,526.9,0.0,49.5,149.0,172.0,117.0,76.0,816.0,25.0,9940.9,95.07,7.67,Trail,2023,11,1.143
2023-11-01 14:20:58,Afternoon Trail Run,11.81,5869.0,2.013,648.2,-0.1,49.9,137.0,165.0,60.0,73.0,786.0,26.0,5906.8,97.82,8.28,Trail,2023,11,1.134
2023-10-31 06:59:33,Morning Trail Run,6.01,2605.0,2.307,215.0,0.1,32.4,142.0,160.0,36.0,82.0,391.0,27.0,4770.1,43.42,7.22,Trail,2023,10,1.025
2023-10-28 05:41:39,Ymittos trelos race,11.68,4380.0,2.668,594.0,0.0,49.7,168.0,196.0,193.0,79.0,764.0,22.0,11335.6,73.0,6.25,Road,2023,10,1.05
2023-10-26 14:27:22,Afternoon Trail Run,8.51,3686.0,2.309,295.0,0.0,49.5,139.0,161.0,47.0,78.0,532.0,25.0,6320.9,61.43,7.22,Trail,2023,10,1.004
2023-10-24 16:46:32,Evening Run,10.49,3496.0,3.001,6.0,0.0,19.6,133.0,161.0,34.0,86.0,566.0,21.0,8379.6,58.27,5.55,Road,2023,10,0.738
2023-10-22 14:28:13,Afternoon Run,11.23,3460.0,3.246,8.0,0.0,4.8,145.0,177.0,58.0,88.0,593.0,25.0,0.0,57.67,5.14,Road,2023,10,0.745
2023-10-21 06:41:51,Morning Trail Run,17.15,8045.0,2.132,834.0,0.1,50.0,143.0,169.0,115.0,76.0,1207.0,26.0,14252.4,134.08,7.82,Trail,2023,10,1.118
2023-10-20 13:06:40,Afternoon Trail Run,9.61,3640.0,2.641,281.8,0.0,47.4,146.0,172.0,67.0,79.0,568.0,27.0,7510.5,60.67,6.31,Trail,2023,10,0.921
2023-10-19 16:32:21,Evening Run,5.82,2398.0,2.429,81.0,-0.1,17.9,125.0,145.0,9.0,82.0,322.0,24.0,5422.5,39.97,6.87,Road,2023,10,0.859
2023-10-18 10:01:33,Afternoon Run,9.91,3307.0,2.999,51.0,-0.1,19.1,142.0,170.0,44.0,85.0,555.0,24.0,9361.8,55.12,5.56,Road,2023,10,0.79
2023-10-17 10:05:30,Afternoon Run,8.1,2872.0,2.822,52.0,-0.2,21.5,148.0,161.0,57.0,86.0,473.0,26.0,7710.2,47.87,5.91,Road,2023,10,0.875
2023-10-15 07:02:00,Drifys ,15.83,10387.0,1.524,1383.6,0.0,49.9,145.0,174.0,179.0,68.0,1473.0,25.0,14075.7,173.12,10.94,Road,2023,10,1.586
2023-10-14 08:42:28,Lunch Trail Run,15.13,6512.0,2.325,657.0,0.0,48.6,147.0,181.0,126.0,78.0,952.0,28.0,14812.3,108.53,7.17,Trail,2023,10,1.054
2023-10-13 05:36:07,Morning Run,11.18,4133.0,2.706,67.0,0.0,15.9,147.0,165.0,76.0,87.0,660.0,21.0,10722.8,68.88,6.16,Road,2023,10,0.906
2023-10-11 13:53:50,Afternoon Trail Run,15.2,5910.0,2.573,306.0,-0.1,49.3,148.0,175.0,123.0,84.0,927.0,23.0,12656.6,98.5,6.48,Trail,2023,10,0.959
2023-10-10 05:57:08,Morning Run,8.2,2843.0,2.885,59.0,0.0,16.6,153.0,172.0,73.0,88.0,480.0,24.0,7269.5,47.38,5.78,Road,2023,10,0.884
2023-10-08 07:29:06,Morning Trail Run,10.01,4334.0,2.309,553.3,0.0,27.3,152.0,174.0,109.0,80.0,655.0,26.0,0.0,72.23,7.22,Trail,2023,10,1.097
2023-10-07 07:29:03,Vote long kamini,16.0,7037.0,2.275,759.4,0.0,34.8,155.0,177.0,195.0,78.0,1060.0,28.0,0.0,117.28,7.33,Road,2023,10,1.136
2023-10-06 05:35:26,Morning Run,10.42,3416.0,3.053,9.0,0.0,9.6,149.0,172.0,70.0,88.0,603.0,24.0,0.0,56.93,5.46,Road,2023,10,0.814
2023-10-04 14:11:47,Afternoon Trail Run,13.81,5294.0,2.609,310.0,0.0,36.1,139.0,161.0,64.0,83.0,781.0,25.0,12680.0,88.23,6.39,Trail,2023,10,0.888
2023-10-03 10:32:02,Afternoon Run,8.0,2834.0,2.825,51.0,-0.1,20.0,140.0,157.0,33.0,87.0,443.0,27.0,7232.2,47.23,5.9,Road,2023,10,0.826
2023-10-01 13:26:07,Afternoon Trail Run,15.19,5646.0,2.692,85.0,0.0,13.4,147.0,168.0,108.0,87.0,903.0,27.0,15198.3,94.1,6.19,Trail,2023,10,0.91
2023-09-30 11:05:43,New pb xouni 55 ,15.25,8319.0,1.834,1057.0,0.1,49.9,147.0,176.0,156.0,73.0,1154.0,24.0,14743.6,138.65,9.09,Road,2023,9,1.336
2023-09-28 09:54:10,Lunch Run,6.28,2624.0,2.393,41.0,-0.1,15.4,137.0,158.0,24.0,86.0,362.0,27.0,5958.0,43.73,6.96,Road,2023,9,0.954
2023-09-27 13:24:10,1  2  running,14.8,5607.0,2.639,370.0,0.0,42.7,147.0,172.0,106.0,84.0,865.0,24.0,11761.3,93.45,6.31,Road,2023,9,0.928
2023-09-26 10:06:09,Afternoon Run,8.63,3295.0,2.621,132.0,0.0,25.6,145.0,159.0,58.0,85.0,511.0,29.0,7446.7,54.92,6.36,Road,2023,9,0.922
2023-09-24 08:07:46,15   ,15.0,6079.0,2.468,296.8,-0.1,17.1,147.0,164.0,116.0,83.0,905.0,33.0,14725.1,101.32,6.75,Road,2023,9,0.992
2023-09-23 07:00:31,3  ,9.0,5487.0,1.641,674.5,0.0,49.1,152.0,176.0,126.0,67.0,765.0,32.0,1434.8,91.45,10.16,Road,2023,9,1.544
2023-09-22 05:38:05,Morning Trail Run,6.06,2604.0,2.329,169.0,-0.1,23.4,149.0,172.0,57.0,82.0,389.0,28.0,5576.1,43.4,7.16,Trail,2023,9,1.067
2023-09-20 14:44:27,Afternoon Trail Run,15.01,5537.0,2.712,362.0,0.0,25.0,147.0,167.0,112.0,85.0,866.0,28.0,12801.4,92.28,6.15,Trail,2023,9,0.904
2023-09-19 05:33:51,Morning Run,8.26,2929.0,2.82,48.0,-0.1,31.2,152.0,176.0,70.0,86.0,497.0,25.0,7654.7,48.82,5.91,Road,2023,9,0.898
2023-09-18 05:31:38,Morning Run,5.56,2300.0,2.417,43.0,-0.2,40.6,149.0,162.0,49.0,85.0,388.0,26.0,5317.2,38.33,6.89,Road,2023,9,1.027
2023-09-16 10:57:18,First skalaki of season ,9.21,5517.0,1.671,728.0,0.1,49.7,159.0,189.0,173.0,70.0,883.0,32.0,9022.4,91.95,9.98,Road,2023,9,1.587
2023-09-15 15:26:03,Evening Run,10.17,3362.0,3.026,10.0,0.0,6.8,145.0,164.0,56.0,86.0,577.0,28.0,0.0,56.03,5.51,Road,2023,9,0.799
2023-09-14 14:27:29,Afternoon Trail Run,8.1,4227.0,1.916,461.2,-0.1,49.2,148.0,170.0,84.0,72.0,602.0,30.0,2754.9,70.45,8.7,Trail,2023,9,1.288
2023-09-12 10:51:25,Afternoon Run,5.48,2215.0,2.477,26.0,0.0,15.5,139.0,163.0,22.0,86.0,339.0,30.0,5487.0,36.92,6.74,Road,2023,9,0.937
2023-09-10 08:18:27, long   ,15.8,6234.0,2.535,251.0,-0.4,43.1,154.0,172.0,169.0,83.0,942.0,30.0,15080.1,103.9,6.58,Road,2023,9,1.013
2023-09-09 08:42:01,    ,10.02,6079.0,1.648,814.0,0.1,49.9,151.0,181.0,146.0,66.0,879.0,28.0,8717.3,101.32,10.11,Road,2023,9,1.527
2023-09-08 10:02:17,Afternoon Run,4.42,1632.0,2.71,45.0,-0.1,13.1,138.0,166.0,16.0,85.0,258.0,30.0,3606.8,27.2,6.15,Road,2023,9,0.849
2023-09-07 10:31:18,Afternoon Trail Run,10.29,3606.0,2.855,260.0,0.0,24.3,153.0,173.0,91.0,86.0,590.0,23.0,9278.1,60.1,5.84,Trail,2023,9,0.894
2023-09-05 16:37:06,Evening Run,8.01,2710.0,2.957,55.0,0.0,19.9,141.0,158.0,36.0,84.0,395.0,26.0,0.0,45.17,5.64,Road,2023,9,0.795
2023-09-03 07:32:24,Nafpaktia running ,13.38,5188.0,2.58,570.4,0.0,42.7,166.0,182.0,215.0,85.0,871.0,25.0,5345.2,86.47,6.46,Road,2023,9,1.072
2023-09-01 14:09:55,Afternoon Trail Run,5.12,2242.0,2.288,179.0,0.1,30.8,127.0,146.0,11.0,80.0,301.0,29.0,4310.4,37.37,7.3,Trail,2023,9,0.927
2023-08-31 08:22:24,Lunch Trail Run,7.51,3092.0,2.429,266.5,0.0,49.5,154.0,183.0,85.0,78.0,511.0,32.0,5453.9,51.53,6.86,Trail,2023,8,1.056
2023-08-30 16:38:10,Evening Run,3.45,1501.0,2.298,47.0,-0.2,15.7,133.0,151.0,9.0,83.0,201.0,29.0,1757.9,25.02,7.25,Road,2023,8,0.964
2023-08-29 16:31:57,Evening Run,7.08,2529.0,2.803,9.0,0.0,8.0,137.0,170.0,29.0,84.0,394.0,29.0,7089.7,42.15,5.95,Road,2023,8,0.815
2023-08-27 15:25:44,Evening Trail Run,13.56,5461.0,2.485,445.6,0.0,33.2,154.0,185.0,148.0,83.0,847.0,31.0,11646.3,91.02,6.71,Trail,2023,8,1.033
2023-08-26 14:31:01,Afternoon Trail Run,11.35,5123.0,2.217,459.1,-0.1,42.9,154.0,176.0,133.0,77.0,779.0,31.0,9139.6,85.38,7.52,Trail,2023,8,1.158
2023-08-25 16:49:58,Evening Run,5.0,2030.0,2.467,67.0,0.0,16.3,137.0,154.0,18.0,82.0,295.0,31.0,3865.4,33.83,6.77,Road,2023,8,0.927
2023-08-24 15:52:11,Evening Trail Run,8.41,4152.0,2.026,452.3,0.0,49.5,148.0,176.0,83.0,74.0,607.0,31.0,5117.9,69.2,8.23,Trail,2023,8,1.218
2023-08-23 16:29:21,Evening Trail Run,8.01,2871.0,2.792,107.0,-0.1,14.0,154.0,176.0,75.0,84.0,453.0,30.0,5092.6,47.85,5.97,Trail,2023,8,0.919
2023-08-22 16:46:16,Evening Trail Run,6.48,2603.0,2.491,156.0,0.2,49.7,146.0,170.0,47.0,79.0,401.0,31.0,5803.7,43.38,6.69,Trail,2023,8,0.977
2023-08-19 17:10:42,Evening Trail Run,4.59,1941.0,2.369,162.0,0.0,37.9,138.0,164.0,23.0,79.0,273.0,29.0,3297.7,32.35,7.05,Trail,2023,8,0.973
2023-08-15 14:09:36,Afternoon Trail Run,6.36,4422.0,1.44,344.6,0.0,49.5,138.0,169.0,40.0,70.0,489.0,32.0,0.0,73.7,11.59,Trail,2023,8,1.599
2023-08-14 17:09:44,Evening Trail Run,6.81,2731.0,2.495,404.7,0.0,38.1,150.0,172.0,60.0,82.0,434.0,27.0,0.0,45.52,6.68,Trail,2023,8,1.002
2023-08-13 15:58:56,Karavostasi tour ,6.91,3563.0,1.941,366.0,-0.1,49.6,129.0,161.0,25.0,71.0,498.0,29.0,1966.9,59.38,8.59,Road,2023,8,1.108
2023-08-10 09:50:52, ,8.19,6095.0,1.345,739.0,0.1,50.0,141.0,167.0,85.0,58.0,837.0,25.0,7872.1,101.58,12.4,Road,2023,8,1.748
2023-08-08 14:24:03,Gorilas           ,11.35,6029.0,1.883,792.6,-0.1,49.1,152.0,174.0,142.0,73.0,932.0,27.0,8164.9,100.48,8.85,Road,2023,8,1.345
2023-08-05 08:20:22,Skala tzavelainas Acheron down,10.41,5730.0,1.817,534.0,0.7,47.4,126.0,162.0,41.0,71.0,770.0,29.0,5686.8,95.5,9.17,Road,2023,8,1.155
2023-08-04 06:48:55,Tour ston ag arseni ,13.16,6897.0,1.909,881.1,-0.1,49.7,155.0,192.0,189.0,74.0,1148.0,30.0,8445.6,114.95,8.73,Road,2023,8,1.353
2023-08-01 16:08:09,Evening Trail Run,7.07,3125.0,2.263,368.2,-0.3,30.1,151.0,167.0,73.0,78.0,468.0,30.0,0.0,52.08,7.37,Trail,2023,8,1.113
2023-07-31 16:02:42,Evening Trail Run,8.06,3616.0,2.23,455.4,0.0,21.3,159.0,181.0,118.0,80.0,548.0,32.0,0.0,60.27,7.48,Trail,2023,7,1.189
2023-07-30 15:25:28,Evening Trail Run,7.53,3464.0,2.176,390.6,0.0,48.1,159.0,172.0,111.0,76.0,547.0,32.0,0.0,57.73,7.67,Trail,2023,7,1.22
2023-07-29 06:29:32,20 Wu 2 4  32  15 km    ,7.0,3565.0,1.964,497.0,2.5,28.4,161.0,180.0,126.0,79.0,574.0,28.0,0.0,59.42,8.49,Road,2023,7,1.367
2023-07-26 16:18:47,20 Wu 2 9   ,5.8,3621.0,1.603,511.9,0.0,49.6,154.0,170.0,91.0,66.0,534.0,32.0,1699.8,60.35,10.41,Road,2023,7,1.603
2023-07-25 05:57:39,4 61002  ,6.88,2629.0,2.618,81.0,0.0,33.1,158.0,181.0,81.0,85.0,450.0,32.0,6056.7,43.82,6.37,Road,2023,7,1.006
2023-07-24 06:03:59,Morning Run,5.31,1982.0,2.681,50.0,-0.1,21.9,154.0,171.0,52.0,85.0,317.0,32.0,4684.8,33.03,6.22,Road,2023,7,0.958
2023-07-21 16:58:28,Evening Run,5.01,1922.0,2.606,24.0,0.0,14.6,144.0,166.0,31.0,85.0,302.0,34.0,0.0,32.03,6.39,Road,2023,7,0.92
2023-07-15 08:59:38,Tsilaros ,4.1,1314.0,3.123,17.0,-9.1,10.7,145.0,157.0,23.0,82.0,209.0,31.0,4104.3,21.9,5.34,Road,2023,7,0.774
2023-07-14 17:23:08,Evening Trail Run,4.67,2277.0,2.054,233.0,0.1,49.6,141.0,162.0,33.0,73.0,326.0,31.0,2279.1,37.95,8.13,Trail,2023,7,1.146
2023-07-13 17:02:30,2km wu6 x 1  ,3.82,1792.0,2.136,122.0,-0.1,45.7,142.0,167.0,24.0,79.0,263.0,31.0,2113.6,29.87,7.82,Road,2023,7,1.11
2023-07-11 17:53:43,2km wu 4500 tempo 510 CD,6.21,2431.0,2.556,33.0,-0.1,36.7,142.0,172.0,32.0,84.0,357.0,29.0,5681.3,40.52,6.52,Road,2023,7,0.926
2023-07-10 16:41:26,15 wu6100 1km tempo downhill 424 CD,5.03,2345.0,2.147,188.0,-0.1,47.4,140.0,159.0,27.0,76.0,326.0,29.0,4001.3,39.08,7.77,Road,2023,7,1.088
2023-07-09 17:00:20,  ,8.21,4275.0,1.922,514.0,0.1,48.9,142.0,168.0,63.0,69.0,599.0,28.0,3852.3,71.25,8.68,Road,2023,7,1.233
2023-07-07 05:49:50,Morning Trail Run,5.6,2415.0,2.319,200.0,0.0,43.0,156.0,181.0,67.0,81.0,388.0,32.0,5124.5,40.25,7.19,Trail,2023,7,1.122
2023-07-05 05:59:49,Morning Run,6.06,1533.0,3.958,0.0,0.0,0.0,156.0,174.0,43.0,84.0,261.0,30.0,0.0,25.55,4.22,Road,2023,7,0.658
2023-07-02 15:47:05,Evening Trail Run,7.3,3237.0,2.256,250.0,0.1,32.4,138.0,161.0,31.0,80.0,445.0,29.0,5620.1,53.95,7.39,Trail,2023,7,1.02
2023-06-28 16:57:41,Evening Trail Run,8.05,3657.0,2.202,255.0,0.1,40.7,127.0,152.0,21.0,80.0,490.0,29.0,5796.6,60.95,7.57,Trail,2023,6,0.961
2023-06-27 16:52:24,Evening Trail Run,3.15,1486.0,2.124,47.0,-0.5,20.1,126.0,152.0,7.0,81.0,183.0,29.0,1284.8,24.77,7.86,Trail,2023,6,0.99
2023-06-24 03:05:36,My first Olympus marathon  ,44.33,27102.0,1.636,3208.6,0.6,49.7,149.0,174.0,562.0,69.0,3187.0,26.0,38567.2,451.7,10.19,Road,2023,6,1.518
2023-06-22 08:43:07,Lunch Run,5.38,2235.0,2.407,35.0,0.0,12.6,137.0,168.0,20.0,84.0,318.0,33.0,0.0,37.25,6.92,Road,2023,6,0.948
2023-06-21 13:09:24,Afternoon Trail Run,8.06,3513.0,2.296,203.0,-0.1,32.1,143.0,162.0,53.0,81.0,505.0,33.0,3873.5,58.55,7.26,Trail,2023,6,1.038
2023-06-20 10:13:29,Afternoon Trail Run,5.33,2448.0,2.179,247.0,0.0,49.2,154.0,180.0,62.0,74.0,366.0,32.0,3349.6,40.8,7.65,Trail,2023,6,1.178
2023-06-18 08:12:51,Lunch Trail Run,17.01,7386.0,2.304,428.0,0.1,35.9,148.0,169.0,138.0,83.0,1072.0,23.0,13891.2,123.1,7.24,Trail,2023,6,1.072
2023-06-17 07:19:26,Morning Trail Run,10.3,7756.0,1.329,1107.0,0.1,50.0,154.0,181.0,194.0,63.0,1155.0,26.0,9851.7,129.27,12.55,Trail,2023,6,1.933
2023-06-15 06:10:50,Morning Run,4.25,1639.0,2.594,33.0,0.0,13.1,136.0,164.0,14.0,86.0,265.0,30.0,0.0,27.32,6.43,Road,2023,6,0.874
2023-06-14 05:15:33,Morning Trail Run,11.18,5614.0,1.992,506.6,0.0,48.5,137.0,157.0,55.0,74.0,741.0,28.0,7998.7,93.57,8.37,Trail,2023,6,1.147
2023-06-13 05:51:57,Morning Trail Run,5.64,3175.0,1.778,359.0,0.1,45.3,150.0,172.0,69.0,79.0,475.0,28.0,2165.0,52.92,9.38,Trail,2023,6,1.407
2023-06-11 09:11:00,Lunch Trail Run,18.05,7395.0,2.442,401.0,0.0,25.0,144.0,170.0,118.0,84.0,1101.0,25.0,17941.5,123.25,6.83,Trail,2023,6,0.984
2023-06-10 11:17:54,Afternoon Trail Run,15.4,8854.0,1.74,912.5,0.0,45.6,142.0,178.0,131.0,71.0,1115.0,29.0,7395.4,147.57,9.58,Trail,2023,6,1.36
2023-06-08 10:47:56,Afternoon Run,8.05,2959.0,2.723,50.0,-0.1,15.0,142.0,164.0,39.0,86.0,460.0,29.0,7906.6,49.32,6.13,Road,2023,6,0.87
2023-06-07 15:00:30,Evening Trail Run,10.0,6458.0,1.549,825.0,0.1,50.0,144.0,171.0,104.0,71.0,866.0,26.0,8632.7,107.63,10.76,Trail,2023,6,1.549
2023-06-06 16:54:41,Evening Run,6.03,2393.0,2.519,43.0,0.0,10.4,122.0,140.0,9.0,83.0,320.0,28.0,0.0,39.88,6.61,Road,2023,6,0.806
2023-06-04 06:15:44,Morning Trail Run,13.02,7076.0,1.84,569.0,0.0,43.0,139.0,160.0,81.0,72.0,900.0,28.0,8744.3,117.93,9.06,Trail,2023,6,1.259
2023-06-03 07:28:14,Morning Trail Run,7.84,4670.0,1.679,483.0,-0.1,43.4,146.0,172.0,85.0,70.0,635.0,29.0,2569.3,77.83,9.93,Trail,2023,6,1.45
2023-06-01 14:03:18,Afternoon Trail Run,12.01,5344.0,2.248,412.0,0.0,46.5,143.0,163.0,78.0,80.0,741.0,29.0,6770.2,89.07,7.42,Trail,2023,6,1.061
2023-05-27 05:06:27,Metsovara 40km,40.27,21458.0,1.877,2814.0,0.0,49.8,152.0,174.0,541.0,70.0,2797.0,20.0,22326.3,357.63,8.88,Road,2023,5,1.35
2023-05-25 06:02:14,Morning Run,5.96,2394.0,2.49,75.0,0.0,19.7,141.0,166.0,31.0,84.0,368.0,26.0,4719.7,39.9,6.69,Road,2023,5,0.943
2023-05-24 14:41:13,Afternoon Trail Run,7.9,3493.0,2.263,304.0,0.0,49.9,142.0,161.0,49.0,79.0,507.0,28.0,6670.1,58.22,7.37,Trail,2023,5,1.047
2023-05-23 06:16:21,Morning Run,6.25,2235.0,2.798,55.0,0.0,18.5,145.0,174.0,35.0,84.0,357.0,23.0,5555.2,37.25,5.96,Road,2023,5,0.864
2023-05-21 07:23:25,Morning Trail Run,10.69,5394.0,1.983,551.0,0.1,48.8,144.0,164.0,85.0,78.0,739.0,21.0,0.0,89.9,8.41,Trail,2023,5,1.211
2023-05-20 14:35:45,Afternoon Trail Run,10.81,5221.0,2.071,614.0,0.1,46.0,155.0,178.0,130.0,81.0,747.0,22.0,0.0,87.02,8.05,Trail,2023,5,1.248
2023-05-18 10:42:20,Afternoon Run,6.74,2316.0,2.911,31.0,-0.2,9.3,133.0,176.0,20.0,84.0,365.0,26.0,6513.6,38.6,5.73,Road,2023,5,0.762
2023-05-17 15:27:20,Evening Trail Run,10.65,5703.0,1.869,692.0,0.1,48.2,143.0,171.0,90.0,76.0,779.0,24.0,5135.0,95.05,8.92,Trail,2023,5,1.276
2023-05-16 16:43:43,Evening Run,5.48,2152.0,2.55,25.0,0.0,17.1,126.0,167.0,12.0,84.0,298.0,25.0,0.0,35.87,6.55,Road,2023,5,0.825
2023-05-14 08:59:13,Long burning poikilo hell  ,20.0,9239.0,2.165,841.8,0.0,47.9,151.0,166.0,201.0,78.0,1405.0,30.0,14932.5,153.98,7.7,Road,2023,5,1.163
2023-05-13 06:20:30,Morning Trail Run,7.77,3415.0,2.275,362.0,-0.1,47.4,156.0,180.0,101.0,82.0,606.0,23.0,4828.1,56.92,7.33,Trail,2023,5,1.143
2023-05-12 15:33:31,Evening Run,8.95,3108.0,2.881,25.0,0.0,8.3,153.0,187.0,80.0,85.0,549.0,22.0,0.0,51.8,5.79,Road,2023,5,0.886
2023-05-10 13:56:07,90 trail,10.93,5216.0,2.097,601.0,0.0,47.4,145.0,167.0,82.0,77.0,737.0,18.0,10444.7,86.93,7.95,Trail,2023,5,1.153
2023-05-09 10:10:40,Afternoon Run,7.09,2435.0,2.914,28.0,0.0,13.2,135.0,161.0,24.0,86.0,393.0,24.0,0.0,40.58,5.72,Road,2023,5,0.772
2023-05-07 13:50:25,Afternoon Trail Run,15.02,6542.0,2.297,523.0,0.0,48.5,144.0,164.0,103.0,78.0,948.0,29.0,10622.1,109.03,7.26,Trail,2023,5,1.045
2023-05-06 09:32:12,Lunch Trail Run,9.8,5516.0,1.777,691.0,-0.1,49.7,147.0,178.0,98.0,72.0,765.0,28.0,3834.5,91.93,9.38,Trail,2023,5,1.379
2023-05-05 06:19:05,Morning Run,4.2,1368.0,3.073,11.0,-0.1,14.3,141.0,161.0,19.0,85.0,235.0,18.0,3832.1,22.8,5.43,Road,2023,5,0.766
2023-05-05 06:00:51,Morning Run,2.01,861.0,2.338,23.0,0.2,25.1,133.0,146.0,4.0,84.0,117.0,22.0,2013.4,14.35,7.14,Road,2023,5,0.95
2023-04-30 07:00:06,Not my day monopati parnassou 24 ,23.56,11679.0,2.017,1432.0,0.1,49.9,161.0,182.0,406.0,69.0,1767.0,21.0,2658.5,194.65,8.26,Road,2023,4,1.33
2023-04-28 13:16:55,Afternoon Run,6.63,2701.0,2.456,53.0,0.1,22.2,137.0,159.0,25.0,84.0,384.0,28.0,0.0,45.02,6.79,Road,2023,4,0.93
2023-04-27 10:47:16,Afternoon Trail Run,6.3,2938.0,2.144,302.0,-0.1,44.1,136.0,167.0,31.0,79.0,406.0,25.0,3529.0,48.97,7.77,Trail,2023,4,1.057
2023-04-26 15:27:33,Evening Run,4.1,1034.0,3.972,0.0,0.0,0.0,160.0,170.0,33.0,89.0,180.0,25.0,0.0,17.23,4.2,Road,2023,4,0.672
2023-04-26 15:05:49,Evening Run,2.83,853.0,3.321,0.0,0.0,0.0,142.0,160.0,12.0,83.0,132.0,28.0,0.0,14.22,5.02,Road,2023,4,0.713
2023-04-25 10:39:29,Afternoon Run,6.8,2681.0,2.54,69.0,0.0,30.1,136.0,160.0,24.0,84.0,407.0,27.0,6530.7,44.68,6.57,Road,2023,4,0.894
2023-04-23 08:51:24,Lunch Trail Run,11.3,5752.0,1.965,602.0,0.2,48.2,145.0,176.0,93.0,77.0,798.0,23.0,10203.3,95.87,8.48,Trail,2023,4,1.23
2023-04-22 14:39:56,Afternoon Trail Run,6.78,3568.0,1.901,416.0,0.0,46.7,137.0,158.0,31.0,77.0,454.0,18.0,2963.8,59.47,8.77,Trail,2023,4,1.201
2023-04-21 15:12:09,Evening Run,5.03,1872.0,2.689,30.0,0.0,19.6,138.0,165.0,17.0,85.0,291.0,25.0,0.0,31.2,6.2,Road,2023,4,0.856
2023-04-20 14:37:49,Afternoon Trail Run,15.05,6129.0,2.456,418.0,0.0,28.1,152.0,172.0,136.0,84.0,949.0,22.0,13466.3,102.15,6.79,Trail,2023,4,1.032
2023-04-19 10:10:20,Afternoon Run,5.96,1488.0,4.01,0.0,0.0,0.0,172.0,187.0,78.0,86.0,282.0,23.0,0.0,24.8,4.16,Road,2023,4,0.716
2023-04-18 10:41:56,Afternoon Run,6.26,2454.0,2.552,42.0,0.1,12.0,142.0,176.0,28.0,84.0,384.0,25.0,0.0,40.9,6.53,Road,2023,4,0.927
2023-04-17 13:53:41,After Easter  run ,12.99,7168.0,1.813,926.0,-0.1,49.9,151.0,172.0,166.0,72.0,1062.0,25.0,11484.1,119.47,9.2,Road,2023,4,1.389
2023-04-15 08:30:52,Lunch Trail Run,18.3,7835.0,2.336,685.0,0.0,41.1,154.0,186.0,208.0,81.0,1181.0,27.0,17209.6,130.58,7.14,Trail,2023,4,1.1
2023-04-13 08:30:41,Lunch Run,10.04,3252.0,3.087,18.0,0.0,10.9,148.0,175.0,67.0,84.0,641.0,25.0,0.0,54.2,5.4,Road,2023,4,0.799
2023-04-12 10:17:31,Afternoon Trail Run,4.03,2013.0,2.005,205.0,-0.1,48.9,142.0,170.0,28.0,76.0,289.0,26.0,1075.9,33.55,8.33,Trail,2023,4,1.183
2023-04-11 09:54:50,Lunch Run,8.93,2988.0,2.988,57.0,0.0,26.4,149.0,175.0,61.0,82.0,518.0,19.0,8930.2,49.8,5.58,Road,2023,4,0.831
2023-04-09 08:32:51,Lunch Trail Run,11.08,5135.0,2.159,458.0,0.0,49.4,147.0,187.0,101.0,77.0,857.0,25.0,5193.9,85.58,7.72,Trail,2023,4,1.135
2023-04-08 14:03:14,Afternoon Trail Run,10.4,4265.0,2.44,341.0,0.1,28.7,142.0,168.0,65.0,82.0,675.0,20.0,594.5,71.08,6.83,Trail,2023,4,0.97
2023-04-07 12:53:53,Afternoon Run,7.55,2757.0,2.742,58.0,0.0,15.4,136.0,154.0,26.0,83.0,423.0,20.0,7231.3,45.95,6.09,Road,2023,4,0.828
2023-04-05 13:09:52,Afternoon Trail Run,8.0,3614.0,2.214,287.0,0.0,34.5,140.0,163.0,40.0,82.0,480.0,25.0,7228.3,60.23,7.53,Trail,2023,4,1.054
2023-04-02 07:08:23,Poikilo rocky 22 first time ,22.24,9938.0,2.238,1122.0,0.0,49.3,168.0,192.0,453.0,75.0,1661.0,19.0,15223.2,165.63,7.45,Road,2023,4,1.252
2023-03-31 15:10:34,Evening Run,4.62,1813.0,2.55,33.0,0.1,16.2,135.0,167.0,15.0,85.0,255.0,24.0,0.0,30.22,6.54,Road,2023,3,0.883
2023-03-30 10:43:21,Afternoon Run,5.19,1942.0,2.676,64.0,0.3,38.8,138.0,172.0,20.0,82.0,302.0,23.0,4464.3,32.37,6.24,Road,2023,3,0.861
2023-03-29 14:31:57,Afternoon Trail Run,9.12,4071.0,2.24,310.0,0.0,40.5,130.0,160.0,27.0,79.0,575.0,20.0,8339.5,67.85,7.44,Trail,2023,3,0.967
2023-03-28 10:43:36,Afternoon Run,6.04,2262.0,2.674,35.0,0.0,15.8,133.0,150.0,15.0,84.0,329.0,21.0,6047.5,37.7,6.24,Road,2023,3,0.83
2023-03-26 08:55:27,Lunch Trail Run,12.36,5340.0,2.315,323.0,0.0,36.9,143.0,162.0,83.0,81.0,778.0,29.0,10340.1,89.0,7.2,Trail,2023,3,1.03
2023-03-25 09:33:46,Lunch Trail Run,14.57,7563.0,1.927,779.0,0.0,43.3,150.0,194.0,166.0,74.0,1142.0,27.0,8854.6,126.05,8.65,Trail,2023,3,1.298
2023-03-24 11:00:57,Afternoon Run,5.5,2265.0,2.429,79.0,-0.1,21.4,139.0,158.0,25.0,83.0,332.0,24.0,3910.3,37.75,6.86,Road,2023,3,0.954
2023-03-23 10:59:00,Lunch Run,8.05,2773.0,2.904,54.0,0.0,15.3,141.0,185.0,39.0,84.0,464.0,21.0,7869.3,46.22,5.74,Road,2023,3,0.809
2023-03-22 10:58:22,Lunch Trail Run,8.29,3835.0,2.162,271.0,0.0,38.8,139.0,158.0,41.0,80.0,526.0,22.0,4893.6,63.92,7.71,Trail,2023,3,1.072
2023-03-21 11:00:00,Afternoon Run,8.51,3041.0,2.801,45.0,0.0,28.7,139.0,165.0,33.0,85.0,485.0,22.0,8380.2,50.68,5.96,Road,2023,3,0.828
2023-03-20 10:57:46,Lunch Run,5.21,2156.0,2.42,59.0,-0.1,20.4,127.0,153.0,12.0,83.0,294.0,25.0,3767.9,35.93,6.9,Road,2023,3,0.876
2023-03-18 07:54:36,Uphills trelos ,14.23,9353.0,1.522,1139.0,0.0,48.9,144.0,178.0,135.0,70.0,1087.0,17.0,14187.7,155.88,10.95,Road,2023,3,1.577
2023-03-16 06:53:56,Morning Run,7.23,2920.0,2.478,59.0,0.0,27.7,146.0,167.0,48.0,85.0,448.0,16.0,7237.3,48.67,6.73,Road,2023,3,0.983
2023-03-15 14:05:16,Afternoon Run,6.19,2712.0,2.284,0.0,0.0,0.0,133.0,159.0,29.0,77.0,358.0,24.0,0.0,45.2,7.3,Road,2023,3,0.971
2023-03-14 06:54:01,Morning Run,8.81,3255.0,2.708,50.0,-0.1,14.9,141.0,169.0,41.0,84.0,503.0,16.0,8051.8,54.25,6.16,Road,2023,3,0.869
2023-03-11 07:53:07,Morning Trail Run,17.0,8484.0,2.004,918.0,0.0,48.4,143.0,170.0,132.0,74.0,1190.0,24.0,16378.4,141.4,8.32,Trail,2023,3,1.19
2023-03-09 11:45:13,Afternoon Run,9.61,3252.0,2.956,87.0,0.0,23.2,139.0,166.0,42.0,85.0,548.0,22.0,8637.3,54.2,5.64,Road,2023,3,0.784
2023-03-08 09:52:43,Lunch Trail Run,10.1,5798.0,1.743,706.0,0.0,49.3,142.0,171.0,83.0,67.0,783.0,23.0,4285.2,96.63,9.57,Trail,2023,3,1.359
2023-03-07 11:39:37,Afternoon Run,9.1,3308.0,2.753,57.0,0.1,26.4,145.0,177.0,60.0,83.0,522.0,19.0,8808.1,55.13,6.06,Road,2023,3,0.879
2023-03-05 14:35:04,Afternoon Trail Run,19.01,7200.0,2.641,445.2,-0.1,35.8,156.0,187.0,205.0,84.0,1173.0,18.0,16401.8,120.0,6.31,Trail,2023,3,0.984
2023-03-04 10:38:10,Lunch Trail Run,8.42,6045.0,1.394,902.0,0.2,50.0,138.0,170.0,78.0,66.0,771.0,21.0,2291.2,100.75,11.97,Trail,2023,3,1.652
2023-03-03 14:56:25,Afternoon Run,7.04,2667.0,2.642,38.0,-0.1,31.3,135.0,164.0,23.0,86.0,406.0,18.0,0.0,44.45,6.31,Road,2023,3,0.852
2023-03-02 14:22:58,Afternoon Trail Run,14.73,5708.0,2.581,419.0,-0.1,22.7,151.0,165.0,137.0,85.0,899.0,19.0,13963.1,95.13,6.46,Trail,2023,3,0.975
2023-03-01 11:05:40,Afternoon Run,7.82,2577.0,3.037,19.0,0.0,14.3,136.0,164.0,27.0,87.0,446.0,23.0,0.0,42.95,5.49,Road,2023,3,0.747
2023-02-27 11:09:30,      ,11.99,9825.0,1.221,952.0,0.0,50.0,141.0,168.0,107.0,67.0,1068.0,25.0,246.7,163.75,13.66,Road,2023,2,1.926
2023-02-26 09:42:46,     ,17.02,6446.0,2.641,408.0,-0.1,28.6,150.0,173.0,141.0,85.0,1018.0,22.0,16732.7,107.43,6.31,Road,2023,2,0.946
2023-02-25 13:49:16,Afternoon Trail Run,12.6,7446.0,1.693,997.0,0.0,48.9,144.0,170.0,121.0,71.0,994.0,21.0,4833.1,124.1,9.85,Trail,2023,2,1.418
2023-02-23 06:51:45,Morning Run,6.09,2409.0,2.531,47.0,0.1,11.0,138.0,154.0,23.0,86.0,360.0,19.0,0.0,40.15,6.59,Road,2023,2,0.909
2023-02-22 15:50:11,Afternoon Run,12.01,4484.0,2.68,6.0,0.0,9.9,142.0,185.0,70.0,80.0,671.0,15.0,0.0,74.73,6.22,Road,2023,2,0.883
2023-02-21 06:29:44,Morning Trail Run,10.18,4462.0,2.282,419.0,0.0,49.6,144.0,164.0,67.0,76.0,663.0,21.0,9159.5,74.37,7.31,Trail,2023,2,1.053
2023-02-20 07:04:24,Morning Run,5.51,2197.0,2.51,49.0,0.1,14.7,126.0,148.0,11.0,83.0,292.0,20.0,4605.7,36.62,6.65,Road,2023,2,0.838
2023-02-19 11:47:46,Afternoon Trail Run,3.05,1661.0,1.837,91.0,0.7,37.6,105.0,157.0,5.0,71.0,228.0,21.0,0.0,27.68,9.08,Trail,2023,2,0.953
2023-02-19 08:48:50,Morning Trail Run,5.97,3008.0,1.984,203.0,-0.1,32.2,118.0,148.0,12.0,76.0,367.0,23.0,2372.7,50.13,8.4,Trail,2023,2,0.991
2023-02-18 09:24:17,Tired but done 1200 230 hours ,14.03,8951.0,1.568,1211.0,0.0,49.8,148.0,175.0,177.0,66.0,1185.0,25.0,4017.3,149.18,10.63,Road,2023,2,1.573
2023-02-17 14:19:34,Afternoon Run,11.38,3888.0,2.929,22.0,0.0,12.0,144.0,170.0,63.0,87.0,637.0,16.0,0.0,64.8,5.69,Road,2023,2,0.819
2023-02-15 14:40:16,16 ,16.0,7059.0,2.268,640.0,-0.1,48.8,144.0,168.0,111.0,78.0,1022.0,15.0,13393.4,117.65,7.35,Road,2023,2,1.058
2023-02-14 11:50:04,Afternoon Run,5.78,2800.0,2.066,56.0,-0.1,45.3,130.0,153.0,17.0,85.0,361.0,18.0,5399.1,46.67,8.07,Road,2023,2,1.049
2023-02-12 09:16:59,  ,13.43,7177.0,1.872,813.0,0.0,49.9,143.0,179.0,114.0,70.0,987.0,22.0,8000.9,119.62,8.91,Road,2023,2,1.274
2023-02-11 10:57:14,My fav biggest uphills at poikilo ,14.3,8415.0,1.7,1016.0,0.0,48.8,147.0,182.0,155.0,70.0,1091.0,19.0,4659.1,140.25,9.81,Road,2023,2,1.442
2023-02-10 14:59:50,3 1  2  1 1 1 5001,13.1,4296.0,3.049,35.0,0.0,9.3,157.0,189.0,127.0,89.0,769.0,13.0,0.0,71.6,5.47,Road,2023,2,0.859
2023-02-09 10:49:15,Lunch Trail Run,5.3,3282.0,1.615,422.0,0.0,49.7,130.0,157.0,22.0,68.0,377.0,18.0,1209.3,54.7,10.32,Trail,2023,2,1.342
2023-02-08 09:31:21,Lunch Run,11.34,3860.0,2.94,31.0,0.0,22.4,145.0,173.0,61.0,88.0,630.0,16.0,0.0,64.33,5.67,Road,2023,2,0.822
2023-02-06 09:47:34,Lunch Trail Run,18.39,8628.0,2.132,622.0,0.0,49.9,142.0,167.0,121.0,78.0,1239.0,14.0,15466.4,143.8,7.82,Trail,2023,2,1.11
2023-02-04 09:11:44,Lunch Trail Run,8.08,4586.0,1.764,557.0,0.0,49.8,137.0,169.0,55.0,74.0,583.0,19.0,5172.4,76.43,9.46,Trail,2023,2,1.296
2023-02-03 14:05:16,Afternoon Run,11.43,4047.0,2.825,56.0,0.0,18.4,141.0,170.0,54.0,86.0,658.0,14.0,0.0,67.45,5.9,Road,2023,2,0.832
2023-02-02 06:50:47,Morning Run,7.88,2755.0,2.86,53.0,0.1,15.9,146.0,172.0,48.0,87.0,475.0,16.0,0.0,45.92,5.83,Road,2023,2,0.851
2023-02-01 14:45:30,Free 75 Wednesday ,10.37,5547.0,1.87,729.0,-0.1,49.5,140.0,177.0,74.0,74.0,742.0,16.0,4513.2,92.45,8.92,Road,2023,2,1.249
2023-01-31 07:05:12,Morning Run,4.65,1749.0,2.659,30.0,0.1,15.6,142.0,157.0,26.0,88.0,281.0,16.0,0.0,29.15,6.27,Road,2023,1,0.89
2023-01-29 12:56:14,Afternoon Trail Run,16.35,8349.0,1.959,772.0,0.0,48.1,139.0,175.0,96.0,75.0,1076.0,18.0,8482.0,139.15,8.51,Trail,2023,1,1.183
2023-01-28 08:37:41,Morning Trail Run,9.35,6216.0,1.504,913.0,0.1,49.8,150.0,174.0,127.0,68.0,868.0,19.0,9085.2,103.6,11.08,Trail,2023,1,1.662
2023-01-25 13:22:15,Afternoon Trail Run,9.85,5845.0,1.685,832.0,0.0,49.8,145.0,163.0,98.0,69.0,757.0,20.0,2624.1,97.42,9.89,Trail,2023,1,1.434
2023-01-22 09:09:44,  ,26.21,14223.0,1.843,1656.0,0.0,50.0,139.0,169.0,174.0,71.0,1773.0,20.0,18568.7,237.05,9.04,Road,2023,1,1.257
2023-01-21 09:18:50,   ,17.12,8425.0,2.033,916.0,0.0,49.8,152.0,194.0,206.0,73.0,1217.0,22.0,10124.9,140.42,8.2,Road,2023,1,1.246
2023-01-19 11:00:44,Afternoon Trail Run,9.7,5518.0,1.758,715.0,-0.1,49.9,143.0,163.0,79.0,70.0,739.0,24.0,2548.8,91.97,9.48,Trail,2023,1,1.356
2023-01-18 11:11:34,Afternoon Run,9.04,3101.0,2.917,30.0,0.0,14.4,139.0,174.0,42.0,87.0,503.0,21.0,0.0,51.68,5.72,Road,2023,1,0.795
2023-01-17 11:10:58,Afternoon Run,4.04,1458.0,2.775,17.0,0.0,22.4,130.0,149.0,10.0,86.0,232.0,21.0,0.0,24.3,6.01,Road,2023,1,0.781
2023-01-15 10:48:42,Lunch Run,17.01,5693.0,2.989,83.0,0.0,13.3,152.0,182.0,136.0,87.0,977.0,16.0,0.0,94.88,5.58,Road,2023,1,0.848
2023-01-14 08:15:19,Morning Trail Run,15.03,7742.0,1.942,1100.0,0.0,49.7,147.0,175.0,145.0,72.0,1133.0,15.0,13790.0,129.03,8.58,Trail,2023,1,1.261
2023-01-13 14:02:35,Afternoon Run,9.03,3159.0,2.86,31.0,0.0,10.5,149.0,182.0,68.0,86.0,529.0,15.0,272.9,52.65,5.83,Road,2023,1,0.869
2023-01-11 15:37:02,Afternoon Run,11.04,3719.0,2.969,37.0,0.0,18.1,137.0,168.0,42.0,86.0,549.0,13.0,0.0,61.98,5.61,Road,2023,1,0.769
2023-01-08 11:13:49, ,5.34,3898.0,1.372,295.3,-0.3,44.2,93.0,132.0,8.0,53.0,366.0,22.0,2164.2,64.97,12.17,Road,2023,1,1.132
2023-01-08 07:46:08,Last day pelion ,9.03,4780.0,1.89,555.0,0.0,49.4,136.0,160.0,45.0,72.0,627.0,17.0,193.9,79.67,8.82,Road,2023,1,1.2
2023-01-07 13:47:31,ntamouxari  tsagarada ,5.75,3307.0,1.74,506.0,0.0,49.7,122.0,150.0,14.0,71.0,427.0,16.0,2745.8,55.12,9.59,Road,2023,1,1.17
2023-01-07 11:06:43,Afternoon Trail Run,2.92,1641.0,1.782,165.0,0.0,39.5,116.0,138.0,5.0,73.0,194.0,18.0,0.0,27.35,9.37,Trail,2023,1,1.087
2023-01-07 08:51:46,Morning Hike,2.59,1941.0,1.335,208.0,-0.1,50.0,106.0,144.0,5.0,58.0,221.0,20.0,0.0,32.35,12.49,Road,2023,1,1.324
2023-01-06 08:34:45,Ultra Pelion trail 26 k,25.96,12732.0,2.039,1326.6,0.0,48.1,146.0,180.0,230.0,0.0,1773.0,0.0,7680.1,212.2,8.17,Trail,2023,1,1.193
2023-01-04 07:07:57,Morning Run,10.01,3356.0,2.985,7.0,0.0,4.2,153.0,172.0,85.0,88.0,585.0,14.0,0.0,55.93,5.59,Road,2023,1,0.855
2023-01-03 09:15:31,Lunch Trail Run,9.94,5147.0,1.933,595.0,0.1,49.6,145.0,181.0,84.0,75.0,706.0,22.0,6435.5,85.78,8.63,Trail,2023,1,1.251
2023-01-01 07:59:21,   ,16.71,7557.0,2.212,964.8,0.0,49.5,152.0,178.0,185.0,78.0,1141.0,22.0,131.0,125.95,7.54,Road,2023,1,1.146
2022-12-31 09:19:43,Lunch Trail Run,6.5,2905.0,2.238,321.0,0.1,24.8,142.0,165.0,40.0,79.0,413.0,23.0,0.0,48.42,7.45,Trail,2022,12,1.058
2022-12-30 08:25:38, 230  ,16.0,8508.0,1.881,1060.0,0.0,49.8,150.0,179.0,178.0,73.0,1205.0,19.0,15618.2,141.8,8.86,Road,2022,12,1.329
2022-12-29 07:51:10,Morning Run,7.0,2465.0,2.84,46.0,0.0,15.5,137.0,169.0,27.0,85.0,407.0,20.0,0.0,41.08,5.87,Road,2022,12,0.804
2022-12-28 08:36:06,Morning Trail Run,9.49,4478.0,2.121,475.0,0.0,27.9,148.0,172.0,91.0,77.0,662.0,22.0,0.0,74.63,7.86,Trail,2022,12,1.163
2022-12-27 16:02:51,Evening Run,9.16,3490.0,2.626,108.0,0.0,37.8,133.0,155.0,25.0,84.0,528.0,19.0,0.0,58.17,6.35,Road,2022,12,0.845
2022-12-25 10:08:24,Xmas  pisia,11.89,5931.0,2.006,700.0,0.2,49.6,142.0,168.0,87.0,73.0,880.0,19.0,4132.2,98.85,8.31,Road,2022,12,1.18
2022-12-24 11:20:05,Pre Xmas long ,17.84,9326.0,1.913,1006.0,0.0,45.9,140.0,166.0,118.0,73.0,1215.0,19.0,14328.3,155.43,8.71,Road,2022,12,1.219
2022-12-23 11:41:58,Afternoon Run,10.25,3408.0,3.01,2.0,0.0,9.6,145.0,166.0,56.0,86.0,577.0,18.0,0.0,56.8,5.54,Road,2022,12,0.803
2022-12-21 11:53:22,    downhill ,19.13,10217.0,1.872,1025.0,-0.1,49.2,145.0,182.0,169.0,71.0,1300.0,17.0,15335.9,170.28,8.9,Road,2022,12,1.29
2022-12-20 11:42:57,Afternoon Run,6.1,2495.0,2.445,81.0,0.0,32.4,128.0,153.0,13.0,83.0,358.0,18.0,6100.4,41.58,6.82,Road,2022,12,0.873
2022-12-16 13:05:29,Afternoon Run,11.46,3623.0,3.164,4.0,0.0,14.3,155.0,181.0,101.0,87.0,650.0,22.0,11462.6,60.38,5.27,Road,2022,12,0.817
2022-12-15 11:01:34,Afternoon Trail Run,12.01,5205.0,2.308,335.0,0.0,35.1,139.0,165.0,53.0,78.0,711.0,26.0,11145.2,86.75,7.22,Trail,2022,12,1.004
2022-12-14 09:12:11,     ,20.2,9396.0,2.151,917.0,0.0,48.4,150.0,176.0,204.0,75.0,1298.0,18.0,18183.1,156.6,7.75,Road,2022,12,1.162
2022-12-12 17:42:57,Evening Run,12.05,4021.0,2.997,4.0,0.0,5.5,148.0,169.0,81.0,86.0,680.0,17.0,10051.0,67.02,5.56,Road,2022,12,0.823
2022-12-11 14:03:36,   ,18.0,7972.0,2.258,620.0,-0.1,49.9,148.0,179.0,160.0,79.0,1143.0,21.0,16327.5,132.87,7.38,Road,2022,12,1.092
2022-12-10 05:53:30, ,10.1,7142.0,1.415,1155.0,0.1,49.9,150.0,172.0,157.0,66.0,1026.0,18.0,9909.9,119.03,11.79,Road,2022,12,1.768
2022-12-09 06:52:19,Morning Trail Run,7.44,3299.0,2.258,255.0,0.0,41.6,142.0,166.0,44.0,79.0,471.0,21.0,6317.1,54.98,7.39,Trail,2022,12,1.049
2022-12-07 14:30:07,100  ,12.74,5720.0,2.229,620.0,0.0,49.8,151.0,182.0,135.0,76.0,875.0,18.0,11373.3,95.33,7.48,Road,2022,12,1.129
2022-12-04 07:52:41,Artemisio mountain running 4th woman ,24.57,13060.0,1.881,1653.0,0.0,47.4,163.0,197.0,492.0,71.0,1950.0,17.0,1804.3,217.67,8.86,Road,2022,12,1.444
2022-12-04 07:20:32,Morning Trail Run,2.36,1021.0,2.312,48.0,-0.6,13.8,148.0,164.0,21.0,83.0,169.0,17.0,0.0,17.02,7.21,Trail,2022,12,1.067
2022-12-02 17:24:57,Evening Run,4.5,1831.0,2.457,24.0,0.1,4.8,135.0,158.0,12.0,84.0,277.0,21.0,0.0,30.52,6.78,Road,2022,12,0.915
2022-12-01 11:44:52,Afternoon Trail Run,7.21,3219.0,2.242,304.0,0.1,45.3,145.0,170.0,56.0,79.0,478.0,22.0,6093.0,53.65,7.44,Trail,2022,12,1.079
2022-11-30 12:19:25,Afternoon Trail Run,6.05,3064.0,1.975,296.0,0.1,49.4,145.0,178.0,53.0,76.0,463.0,19.0,4395.4,51.07,8.44,Trail,2022,11,1.224
2022-11-29 11:46:53,Afternoon Trail Run,7.3,3212.0,2.273,312.0,-0.1,36.0,141.0,162.0,42.0,81.0,447.0,19.0,6472.5,53.53,7.33,Trail,2022,11,1.034
2022-11-27 10:29:02,20 ,20.02,8762.0,2.286,691.0,-0.1,49.9,147.0,169.0,163.0,82.0,1269.0,19.0,16675.7,146.03,7.29,Road,2022,11,1.072
2022-11-26 10:42:25,4 after ,10.13,6459.0,1.568,871.0,1.2,49.6,131.0,170.0,55.0,70.0,811.0,18.0,10129.2,107.65,10.63,Road,2022,11,1.393
2022-11-24 11:05:40,Afternoon Trail Run,8.02,3714.0,2.159,258.0,-0.2,30.9,141.0,169.0,53.0,81.0,508.0,22.0,6051.4,61.9,7.72,Trail,2022,11,1.089
2022-11-22 10:59:52,Lunch Run,7.8,3068.0,2.544,82.0,-0.2,24.7,145.0,169.0,46.0,86.0,410.0,22.0,7658.8,51.13,6.56,Road,2022,11,0.951
2022-11-20 14:34:44,3 1 ,10.17,4948.0,2.056,545.0,0.1,48.9,148.0,177.0,104.0,79.0,725.0,23.0,6926.4,82.47,8.11,Road,2022,11,1.2
2022-11-19 11:18:28,17 Alone ,17.1,9985.0,1.713,1099.0,0.0,49.7,148.0,182.0,197.0,71.0,1281.0,24.0,12666.2,166.42,9.73,Road,2022,11,1.44
2022-11-18 15:26:48,Afternoon Run,13.62,4786.0,2.847,3.0,0.0,9.8,148.0,176.0,99.0,85.0,798.0,18.0,0.0,79.77,5.86,Road,2022,11,0.867
2022-11-17 18:54:13, ,7.06,3613.0,1.955,315.0,0.1,42.0,136.0,169.0,35.0,76.0,498.0,21.0,5360.4,60.22,8.53,Road,2022,11,1.16
2022-11-17 07:06:26,Morning Trail Run,4.48,2097.0,2.138,303.0,0.1,50.0,153.0,178.0,51.0,71.0,347.0,26.0,2970.4,34.95,7.8,Trail,2022,11,1.193
2022-11-16 13:53:36,Afternoon Run,9.01,3843.0,2.346,90.0,-0.1,45.5,138.0,164.0,40.0,84.0,533.0,21.0,8814.3,64.05,7.11,Road,2022,11,0.981
2022-11-15 06:54:27,Morning Run,5.11,1954.0,2.616,37.0,0.0,33.9,143.0,158.0,27.0,88.0,308.0,20.0,0.0,32.57,6.37,Road,2022,11,0.911
2022-11-13 12:39:07,17   marathon boost ,17.44,6957.0,2.507,479.0,0.0,45.1,158.0,187.0,216.0,82.0,1102.0,22.0,13180.6,115.95,6.65,Road,2022,11,1.051
2022-11-12 14:42:43,Afternoon Trail Run,8.74,4688.0,1.864,475.0,0.3,45.7,138.0,165.0,63.0,75.0,616.0,18.0,5355.5,78.13,8.94,Trail,2022,11,1.234
2022-11-09 14:26:18,4  3  ,10.88,4376.0,2.487,301.0,0.0,49.9,149.0,186.0,95.0,78.0,682.0,20.0,10279.0,72.93,6.7,Road,2022,11,0.998
2022-11-07 17:46:42,Evening Run,11.0,3988.0,2.76,17.0,0.0,20.1,145.0,173.0,70.0,83.0,627.0,17.0,0.0,66.47,6.04,Road,2022,11,0.876
2022-11-05 07:50:58,3  1  3 up and down ,7.63,5439.0,1.404,654.0,0.0,49.6,149.0,173.0,99.0,67.0,708.0,27.0,2368.7,90.65,11.88,Road,2022,11,1.77
2022-11-04 16:36:35,Evening Run,8.15,2795.0,2.916,11.0,0.0,9.6,151.0,170.0,63.0,85.0,465.0,18.0,0.0,46.58,5.72,Road,2022,11,0.864
2022-11-02 13:34:11,33000  again feel sick,13.33,4372.0,3.049,58.0,0.0,12.1,166.0,192.0,186.0,86.0,768.0,24.0,0.0,72.87,5.47,Road,2022,11,0.908
2022-10-31 17:58:58,Evening Run,4.52,1803.0,2.51,32.0,0.1,6.5,129.0,142.0,7.0,84.0,248.0,25.0,199.6,30.05,6.65,Road,2022,10,0.858
2022-10-30 13:56:41,Afternoon Trail Run,12.5,5817.0,2.149,598.0,0.0,49.9,158.0,188.0,181.0,76.0,994.0,25.0,376.4,96.95,7.76,Trail,2022,10,1.226
2022-10-28 07:18:14,Morning Trail Run,8.85,6476.0,1.367,802.0,0.0,47.4,133.0,163.0,57.0,62.0,866.0,23.0,8618.5,107.93,12.2,Trail,2022,10,1.623
2022-10-27 14:45:17,Afternoon Trail Run,9.47,4531.0,2.091,607.0,0.0,49.7,152.0,179.0,108.0,77.0,691.0,26.0,0.0,75.52,7.97,Trail,2022,10,1.211
2022-10-26 15:50:41,Evening Trail Run,3.52,2005.0,1.758,194.0,0.4,48.0,127.0,148.0,11.0,72.0,239.0,24.0,2423.9,33.42,9.49,Trail,2022,10,1.205
2022-10-25 06:15:51,Morning Trail Run,3.47,1753.0,1.982,203.0,0.1,48.3,142.0,161.0,24.0,74.0,257.0,27.0,2495.7,29.22,8.42,Trail,2022,10,1.196
2022-10-23 15:27:00,  ,11.01,4951.0,2.225,301.0,0.1,48.7,150.0,178.0,107.0,80.0,737.0,22.0,10167.5,82.52,7.5,Road,2022,10,1.125
2022-10-22 15:31:24,After 39 fever ,2.73,1851.0,1.476,192.0,-0.2,49.8,114.0,145.0,6.0,66.0,190.0,23.0,1444.9,30.85,11.3,Road,2022,10,1.288
2022-10-19 10:51:19,Afternoon Trail Run,8.27,3897.0,2.123,345.0,0.1,35.4,147.0,169.0,74.0,79.0,564.0,27.0,6534.3,64.95,7.85,Trail,2022,10,1.154
2022-10-18 16:46:15,Evening Run,4.09,1701.0,2.404,29.0,0.0,12.8,127.0,143.0,7.0,84.0,233.0,20.0,0.0,28.35,6.93,Road,2022,10,0.88
2022-10-16 06:33:41,Back to race  Arma parnithas ,16.63,7636.0,2.179,989.0,-0.1,47.6,161.0,185.0,270.0,77.0,1171.0,18.0,14706.3,127.27,7.65,Road,2022,10,1.232
2022-10-14 13:58:03,Afternoon Trail Run,6.0,2585.0,2.322,149.0,-0.1,42.6,135.0,160.0,24.0,83.0,372.0,19.0,4483.9,43.08,7.18,Trail,2022,10,0.969
2022-10-12 14:20:03,1  7300 ,9.03,4486.0,2.014,313.0,-0.1,42.7,137.0,179.0,45.0,80.0,581.0,25.0,7969.7,74.77,8.28,Road,2022,10,1.134
2022-10-11 16:35:46,Evening Run,7.19,2895.0,2.486,42.0,0.0,10.5,130.0,155.0,15.0,83.0,404.0,23.0,6866.8,48.25,6.71,Road,2022,10,0.872
2022-10-10 17:35:50,15   644 ,5.09,1943.0,2.624,58.5,0.0,25.7,128.0,153.0,11.0,83.0,282.0,23.0,0.0,32.38,6.36,Road,2022,10,0.814
2022-10-09 09:35:28,1   ,9.53,3627.0,2.629,262.0,0.4,33.0,154.0,173.0,97.0,82.0,617.0,29.0,9257.0,60.45,6.34,Road,2022,10,0.976
2022-10-08 09:04:01,First uphill program training ,14.16,7169.0,1.976,862.0,0.1,48.1,153.0,183.0,177.0,73.0,991.0,24.0,14004.0,119.48,8.44,Road,2022,10,1.291
2022-10-07 12:58:15,Afternoon Trail Run,5.68,2411.0,2.357,71.0,0.0,20.7,136.0,154.0,18.0,84.0,337.0,23.0,5682.7,40.18,7.07,Trail,2022,10,0.962
2022-10-05 15:23:57,Evening Trail Run,9.63,3968.0,2.427,223.0,0.0,32.9,146.0,176.0,70.0,82.0,600.0,20.0,9119.2,66.13,6.87,Trail,2022,10,1.003
2022-10-04 06:08:46,Morning Run,4.05,1446.0,2.807,11.0,-0.4,12.0,142.0,156.0,18.0,86.0,238.0,24.0,0.0,24.1,5.95,Road,2022,10,0.845
2022-10-02 10:47:20,,13.8,8720.0,1.583,977.0,0.1,50.0,141.0,171.0,128.0,0.0,1261.0,27.0,12396.2,145.33,10.53,Road,2022,10,1.485
2022-10-01 15:33:59,Evening Trail Run,8.94,4560.0,1.961,425.6,0.0,41.3,129.0,167.0,33.0,77.0,573.0,26.0,5929.5,76.0,8.5,Trail,2022,10,1.096
2022-09-30 14:27:07,300100100,11.8,5650.0,2.089,563.0,0.0,49.4,143.0,172.0,91.0,74.0,766.0,27.0,9367.0,94.17,7.98,Road,2022,9,1.141
2022-09-28 14:45:24,Afternoon Trail Run,13.42,7815.0,1.718,1014.4,0.0,49.7,149.0,180.0,163.0,70.0,1046.0,26.0,8879.6,130.25,9.71,Trail,2022,9,1.447
2022-09-26 16:32:54, after festival week ,7.29,2723.0,2.678,52.0,0.0,12.3,129.0,160.0,16.0,84.0,392.0,25.0,6485.7,45.38,6.22,Road,2022,9,0.802
2022-09-25 14:07:12,     ,11.55,5820.0,1.985,631.0,0.0,49.9,143.0,171.0,94.0,76.0,818.0,24.0,7427.8,97.0,8.4,Road,2022,9,1.201
2022-09-24 13:14:21,       ,4.02,1633.0,2.466,18.0,-17.4,10.2,140.0,171.0,23.0,83.0,235.0,26.0,3350.9,27.22,6.77,Road,2022,9,0.948
2022-09-24 12:10:14,       ,3.76,2795.0,1.345,698.0,18.3,49.9,163.0,181.0,101.0,62.0,478.0,27.0,3346.3,46.58,12.39,Road,2022,9,2.02
2022-09-23 17:11:59,Evening Run,4.8,2144.0,2.242,33.0,0.0,15.6,113.0,140.0,6.0,80.0,262.0,20.0,4698.1,35.73,7.44,Road,2022,9,0.841
2022-09-22 10:00:37,Afternoon Trail Run,6.31,3607.0,1.75,487.0,0.2,50.0,135.0,161.0,35.0,76.0,474.0,25.0,3271.6,60.12,9.53,Trail,2022,9,1.287
2022-09-21 15:17:03,  ,9.41,5272.0,1.786,727.0,-0.1,48.8,139.0,165.0,61.0,69.0,674.0,22.0,5853.5,87.87,9.34,Road,2022,9,1.298
2022-09-20 10:00:57,3km4 1005 200 2 km,7.12,2441.0,2.917,50.0,0.1,18.3,147.0,179.0,46.0,85.0,415.0,30.0,6996.3,40.68,5.71,Road,2022,9,0.839
2022-09-18 12:42:13,SOUROMA              ,17.08,9580.0,1.783,941.5,0.0,48.1,151.0,190.0,218.0,69.0,1347.0,30.0,14889.4,159.67,9.35,Road,2022,9,1.412
2022-09-17 09:28:45,Lunch Trail Run,5.01,3605.0,1.392,404.0,0.1,48.5,140.0,159.0,46.0,60.0,454.0,32.0,3835.3,60.08,11.99,Trail,2022,9,1.679
2022-09-16 15:57:30,2km wu1 uphill4 km tempo ,10.02,3943.0,2.543,214.0,0.0,43.7,151.0,176.0,92.0,81.0,638.0,25.0,9485.2,65.72,6.56,Road,2022,9,0.991
2022-09-15 05:51:53,30  6  ,6.04,2079.0,2.907,42.0,0.0,9.7,146.0,163.0,37.0,86.0,375.0,26.0,0.0,34.65,5.74,Road,2022,9,0.838
2022-09-14 14:48:45,   skalakia to keraies ,13.54,7945.0,1.705,1025.0,0.1,49.8,145.0,179.0,140.0,72.0,1032.0,23.0,12140.3,132.42,9.78,Road,2022,9,1.418
2022-09-13 06:09:23,Morning Trail Run,3.46,2249.0,1.541,343.0,0.1,48.3,144.0,165.0,34.0,69.0,313.0,28.0,2556.4,37.48,10.83,Trail,2022,9,1.56
2022-09-12 16:47:13,Evening Run,5.21,2289.0,2.276,101.0,0.0,33.8,120.0,136.0,8.0,80.0,290.0,26.0,3853.7,38.15,7.32,Road,2022,9,0.878
2022-09-11 08:49:47, long trail after vacation ,16.03,10065.0,1.593,1170.0,0.1,49.9,144.0,171.0,159.0,69.0,1284.0,29.0,14028.0,167.75,10.46,Trail,2022,9,1.506
2022-09-09 16:07:57,Tempo 520 4km,7.61,2591.0,2.938,21.0,0.0,7.1,146.0,166.0,48.0,84.0,424.0,26.0,119.2,43.18,5.67,Road,2022,9,0.828
2022-09-08 17:46:50,Evening Trail Run,5.28,2183.0,2.422,99.0,-0.1,24.7,123.0,141.0,8.0,83.0,293.0,27.0,4513.8,36.38,6.89,Trail,2022,9,0.847
2022-09-07 15:03:00,Challenge 1000 asc under 2 h full paths,12.0,7002.0,1.715,1000.0,0.3,50.0,144.0,166.0,114.0,70.0,936.0,25.0,7417.4,116.7,9.72,Road,2022,9,1.4
2022-09-06 16:25:48,Xalaro tempo tritsi ,10.01,3509.0,2.853,63.0,0.0,12.2,140.0,160.0,46.0,85.0,575.0,25.0,6274.8,58.48,5.84,Road,2022,9,0.818
2022-09-04 15:38:16,Evening Trail Run,11.01,5679.0,1.939,528.8,-0.1,48.8,148.0,177.0,113.0,72.0,794.0,28.0,6348.7,94.65,8.6,Trail,2022,9,1.273
2022-09-03 08:42:26,,7.96,4407.0,1.808,484.2,0.0,46.6,156.0,177.0,126.0,68.0,672.0,32.0,5810.3,73.45,9.23,Road,2022,9,1.44
2022-09-01 15:33:24,Evening Trail Run,10.0,5298.0,1.889,513.0,0.0,49.8,153.0,184.0,130.0,72.0,808.0,28.0,5301.6,88.3,8.83,Trail,2022,9,1.351
2022-08-31 15:19:04,First after astypalaia ,9.5,4797.0,1.981,465.1,0.0,50.0,146.0,180.0,85.0,76.0,696.0,26.0,7504.1,79.95,8.42,Road,2022,8,1.229
2022-08-26 07:36:05,Mylos to castle morning tour run ,9.79,4259.0,2.301,354.0,0.0,49.8,151.0,176.0,101.0,77.0,678.0,29.0,1768.1,70.98,7.25,Road,2022,8,1.095
2022-08-25 12:59:11,Glino astypalaia island explore ,3.84,3274.0,1.173,160.0,-0.1,42.8,126.0,154.0,14.0,70.0,317.0,31.0,0.0,54.57,14.21,Road,2022,8,1.79
2022-08-24 16:06:29,Evening Run,8.29,4234.0,1.958,264.0,0.0,49.9,143.0,168.0,54.0,81.0,546.0,26.0,2900.3,70.57,8.51,Road,2022,8,1.217
2022-08-23 16:48:12,Recovery sea sightseeing ,4.41,1904.0,2.319,123.0,0.1,37.7,131.0,156.0,13.0,79.0,276.0,29.0,0.0,31.73,7.2,Road,2022,8,0.943
2022-08-21 16:29:46,Small vertical paths ,7.01,3996.0,1.756,552.7,0.1,49.5,142.0,169.0,60.0,72.0,538.0,28.0,3906.6,66.6,9.5,Road,2022,8,1.349
2022-08-20 16:41:41,Sunset  poikilara ,8.74,4646.0,1.883,542.6,0.0,50.0,138.0,170.0,55.0,76.0,637.0,29.0,5424.2,77.43,8.86,Road,2022,8,1.223
2022-08-19 16:06:29,First 500  poikilra welcome ,11.91,5757.0,2.07,534.2,0.0,49.5,133.0,151.0,43.0,75.0,746.0,31.0,7152.2,95.95,8.06,Road,2022,8,1.072
2022-08-18 16:38:58,Welcome run petroupoli,6.88,3966.0,1.737,444.3,-0.1,44.7,134.0,157.0,42.0,72.0,487.0,30.0,4945.4,66.1,9.61,Road,2022,8,1.288
2022-08-17 08:07:34,Last one morning at kamini,7.87,4131.0,1.906,404.0,0.1,34.6,150.0,181.0,85.0,73.0,581.0,33.0,0.0,68.85,8.75,Road,2022,8,1.312
2022-08-16 15:38:56,Daddys birthday run,6.2,2896.0,2.142,308.1,-0.1,23.0,139.0,160.0,30.0,77.0,403.0,29.0,274.9,48.27,7.79,Road,2022,8,1.083
2022-08-15 15:13:39,Dekapentaugust apogeuma ,6.49,2316.0,2.806,41.0,0.0,15.5,155.0,176.0,65.0,84.0,389.0,32.0,0.0,38.6,5.95,Road,2022,8,0.922
2022-08-15 08:40:22,Dekapentaugust prwi ,5.53,2792.0,1.982,292.0,0.0,30.1,155.0,177.0,77.0,77.0,412.0,31.0,0.0,46.53,8.41,Road,2022,8,1.304
2022-08-13 08:34:26,     15     ,6.38,2372.0,2.691,38.0,0.0,10.1,157.0,175.0,72.0,83.0,393.0,33.0,0.0,39.53,6.2,Road,2022,8,0.973
2022-08-12 16:19:44,Boring recov ,5.3,2023.0,2.62,45.0,0.0,15.5,136.0,171.0,17.0,83.0,310.0,26.0,0.0,33.72,6.36,Road,2022,8,0.865
2022-08-11 15:51:05,Evening Trail Run,11.08,6567.0,1.687,1030.0,0.0,49.7,148.0,177.0,132.0,71.0,977.0,29.0,0.0,109.45,9.88,Trail,2022,8,1.462
2022-08-10 17:01:48,Evening Trail Run,5.74,2882.0,1.993,265.8,-0.1,23.7,132.0,156.0,19.0,73.0,376.0,28.0,267.3,48.03,8.37,Trail,2022,8,1.105
2022-08-08 16:19:38,Recovery gipedo after 20     ,8.39,3329.0,2.522,89.0,0.1,12.7,144.0,161.0,53.0,81.0,498.0,31.0,0.0,55.48,6.61,Road,2022,8,0.952
2022-08-07 16:15:34,Agia paraskevi up down and half ,12.8,6479.0,1.977,928.0,0.2,49.7,150.0,175.0,140.0,75.0,956.0,26.0,0.0,107.98,8.44,Road,2022,8,1.266
2022-08-06 15:25:00, ,8.0,5669.0,1.412,732.0,0.3,49.5,154.0,181.0,129.0,65.0,763.0,29.0,7268.3,94.48,11.81,Road,2022,8,1.819
2022-08-05 16:26:35,Lefki nixta run ,10.82,5389.0,2.009,502.0,0.1,38.6,146.0,174.0,87.0,75.0,725.0,30.0,0.0,89.82,8.3,Road,2022,8,1.212
2022-08-03 16:38:27,,7.8,4245.0,1.839,407.0,0.0,43.5,133.0,163.0,42.0,75.0,551.0,25.0,0.0,70.75,9.07,Road,2022,8,1.206
2022-08-02 16:45:59,4km easy 6 100 4200 3km barefoot ,10.01,3522.0,2.844,22.0,0.0,23.4,150.0,178.0,75.0,87.0,562.0,30.0,0.0,58.7,5.86,Road,2022,8,0.879
2022-08-01 16:52:16,Evening Trail Run,9.89,4598.0,2.153,500.0,0.0,28.3,149.0,172.0,93.0,78.0,654.0,29.0,203.8,76.63,7.75,Trail,2022,8,1.155
2022-07-28 15:47:37,Agia paraskevi kamini,10.34,5975.0,1.732,695.1,0.0,49.8,148.0,167.0,109.0,73.0,786.0,32.0,0.0,99.58,9.63,Road,2022,7,1.425
2022-07-27 17:21:42,Recovery trail after 44,6.3,2923.0,2.157,300.0,0.3,26.8,142.0,166.0,42.0,77.0,405.0,29.0,0.0,48.72,7.73,Trail,2022,7,1.098
2022-07-23 03:00:53,My first Marathon Zagori 44 ,42.97,24684.0,1.741,2548.0,0.1,48.7,149.0,169.0,545.0,70.0,2956.0,26.0,23101.7,411.4,9.57,Road,2022,7,1.426
2022-07-21 17:28:15,Evening Trail Run,3.75,2438.0,1.541,255.0,0.2,49.8,131.0,157.0,21.0,73.0,282.0,26.0,2401.0,40.63,10.83,Trail,2022,7,1.419
2022-07-20 16:43:45,Evening Run,6.0,2279.0,2.635,17.0,0.0,24.2,133.0,160.0,16.0,86.0,314.0,29.0,0.0,37.98,6.33,Road,2022,7,0.842
2022-07-19 15:19:47,Evening Run,4.64,1845.0,2.519,43.0,0.0,16.5,134.0,156.0,10.0,85.0,253.0,28.0,4164.6,30.75,6.63,Road,2022,7,0.888
2022-07-18 16:42:58,Evening Trail Run,9.6,3995.0,2.403,279.0,0.0,47.9,141.0,175.0,51.0,80.0,593.0,27.0,8721.8,66.58,6.94,Trail,2022,7,0.979
2022-07-17 16:33:57,Last tempo before zagori,12.06,5861.0,2.058,600.0,0.0,48.4,146.0,172.0,111.0,77.0,813.0,29.0,8753.2,97.68,8.1,Road,2022,7,1.183
2022-07-16 06:37:06,Morning Trail Run,6.79,3945.0,1.722,500.0,-0.1,49.8,157.0,176.0,116.0,71.0,610.0,32.0,4350.2,65.75,9.68,Trail,2022,7,1.52
2022-07-15 16:59:56,Evening Trail Run,6.83,2688.0,2.543,159.0,0.0,27.1,140.0,163.0,32.0,82.0,396.0,29.0,5383.0,44.8,6.56,Trail,2022,7,0.918
2022-07-14 16:37:41,Evening Run,10.06,3771.0,2.668,28.0,0.0,24.5,144.0,165.0,54.0,86.0,568.0,26.0,0.0,62.85,6.25,Road,2022,7,0.9
2022-07-13 17:31:22,Evening Trail Run,3.91,1729.0,2.263,59.0,-0.1,28.4,123.0,141.0,6.0,79.0,215.0,27.0,2305.3,28.82,7.37,Trail,2022,7,0.907
2022-07-12 14:41:15,Intense poikilara ,10.01,5514.0,1.815,702.0,0.0,49.9,151.0,178.0,127.0,72.0,791.0,31.0,5818.3,91.9,9.18,Road,2022,7,1.386
2022-07-10 07:41:06,Looong epic,25.66,14830.0,1.73,1226.0,0.1,48.9,151.0,178.0,332.0,75.0,1867.0,28.0,22830.0,247.17,9.63,Road,2022,7,1.454
2022-07-09 08:13:57,Lunch Trail Run,8.01,3776.0,2.121,265.0,0.0,36.2,140.0,157.0,44.0,80.0,500.0,30.0,7417.0,62.93,7.86,Trail,2022,7,1.1
2022-07-08 15:53:17,Evening Run,11.04,4525.0,2.441,54.0,0.0,19.8,145.0,180.0,63.0,87.0,652.0,27.0,8784.8,75.42,6.83,Road,2022,7,0.99
2022-07-07 16:09:59,Evening Trail Run,17.14,7362.0,2.329,532.0,0.0,47.2,153.0,180.0,185.0,81.0,1116.0,28.0,13263.2,122.7,7.16,Trail,2022,7,1.095
2022-07-05 15:55:35,8  ,8.13,5330.0,1.526,643.0,0.1,49.2,140.0,167.0,65.0,70.0,648.0,29.0,2788.4,88.83,10.93,Road,2022,7,1.53
2022-07-04 16:45:10,Evening Run,8.31,3559.0,2.335,90.0,0.0,23.4,144.0,165.0,52.0,83.0,489.0,28.0,7704.5,59.32,7.14,Road,2022,7,1.028
2022-07-02 15:10:04,  ,16.07,10146.0,1.585,1030.0,-0.1,49.8,149.0,173.0,195.0,70.0,1253.0,27.0,13298.8,169.1,10.52,Road,2022,7,1.567
2022-06-30 17:58:29,Evening Run,3.16,1187.0,2.667,23.0,0.0,9.8,141.0,152.0,15.0,86.0,175.0,30.0,0.0,19.78,6.26,Road,2022,6,0.883
2022-06-28 07:16:41,Morning Trail Run,8.71,3866.0,2.255,181.0,0.0,26.0,146.0,181.0,61.0,82.0,540.0,32.0,6565.4,64.43,7.4,Trail,2022,6,1.08
2022-06-27 17:16:00,Evening Run,6.1,2314.0,2.637,51.0,0.0,12.4,130.0,165.0,12.0,85.0,313.0,30.0,0.0,38.57,6.32,Road,2022,6,0.822
2022-06-26 16:37:52,Evening Trail Run,7.37,3286.0,2.244,208.0,-0.1,31.3,131.0,151.0,22.0,81.0,443.0,28.0,5258.2,54.77,7.43,Trail,2022,6,0.973
2022-06-25 09:49:59,Dont follow my downhill dude ,17.52,10446.0,1.678,1320.9,0.0,49.7,151.0,184.0,244.0,68.0,1725.0,30.0,9270.9,174.1,9.94,Road,2022,6,1.501
2022-06-23 16:36:57,100  ,14.28,6735.0,2.12,725.9,0.0,50.0,156.0,190.0,196.0,76.0,982.0,29.0,10726.3,112.25,7.86,Road,2022,6,1.226
2022-06-21 15:32:33,Evening Run,10.51,3985.0,2.639,48.0,0.0,21.6,141.0,184.0,47.0,86.0,576.0,29.0,8057.3,66.42,6.32,Road,2022,6,0.891
2022-06-20 18:05:19,Night Run,2.34,857.0,2.732,7.0,0.0,7.3,133.0,149.0,4.0,87.0,130.0,26.0,0.0,14.28,6.1,Road,2022,6,0.811
2022-06-18 08:30:06,Lunch Trail Run,13.0,7012.0,1.854,838.0,0.1,48.7,151.0,178.0,163.0,71.0,927.0,26.0,12139.2,116.87,8.99,Trail,2022,6,1.357
2022-06-16 15:23:17,Evening Run,9.59,3414.0,2.812,65.0,0.0,44.4,149.0,177.0,69.0,85.0,531.0,29.0,9598.9,56.9,5.93,Road,2022,6,0.884
2022-06-14 16:09:00,8230 uphill,9.81,4518.0,2.173,411.0,0.0,40.7,146.0,175.0,75.0,75.0,672.0,29.0,5951.1,75.3,7.68,Road,2022,6,1.121
2022-06-13 16:19:20,Evening Trail Run,8.57,3595.0,2.384,180.0,-0.2,30.8,135.0,161.0,32.0,80.0,481.0,27.0,8128.0,59.92,6.99,Trail,2022,6,0.944
2022-06-11 09:33:51,Megali ntouskia ,18.85,12540.0,1.503,1079.0,0.1,49.6,154.0,179.0,280.0,67.0,1511.0,28.0,0.0,209.0,11.09,Road,2022,6,1.708
2022-06-09 14:31:11,2x6250 m  2 run ,9.6,3701.0,2.596,189.0,0.0,35.1,155.0,186.0,105.0,82.0,573.0,29.0,9133.3,61.68,6.42,Road,2022,6,0.995
2022-06-07 15:05:01,90 full paths,10.02,5793.0,1.73,706.0,0.0,50.0,147.0,174.0,106.0,73.0,760.0,26.0,7316.5,96.55,9.64,Road,2022,6,1.417
2022-06-05 11:07:56,Afternoon Run,11.0,6543.0,1.682,581.0,0.2,49.6,138.0,163.0,68.0,69.0,799.0,32.0,9084.2,109.05,9.91,Road,2022,6,1.368
2022-06-04 16:55:52,Evening Run,8.16,4611.0,1.771,630.0,0.0,49.8,150.0,185.0,99.0,71.0,706.0,27.0,3187.0,76.85,9.42,Road,2022,6,1.413
2022-06-03 15:27:20,Evening Run,6.23,3212.0,1.942,49.0,-0.8,26.9,125.0,160.0,11.0,78.0,356.0,31.0,5940.5,53.53,8.59,Road,2022,6,1.074
2022-06-01 06:12:19,Morning Run,5.0,1723.0,2.904,16.0,0.0,5.1,150.0,163.0,38.0,87.0,279.0,31.0,0.0,28.72,5.74,Road,2022,6,0.861
2022-05-29 07:14:40,Armeno gate ,11.01,5263.0,2.094,637.0,0.1,50.0,169.0,181.0,247.0,74.0,952.0,30.0,3325.9,87.72,7.97,Road,2022,5,1.347
2022-05-27 14:05:07,Afternoon Run,7.34,2579.0,2.849,22.0,-0.1,17.3,151.0,169.0,55.0,86.0,410.0,33.0,0.0,42.98,5.86,Road,2022,5,0.885
2022-05-25 14:20:16,Afternoon Run,6.89,3432.0,2.01,337.0,-0.1,47.5,142.0,164.0,52.0,77.0,477.0,30.0,4889.0,57.2,8.3,Road,2022,5,1.179
2022-05-24 15:57:52,Evening Run,8.0,3580.0,2.237,232.0,-0.2,18.8,148.0,190.0,64.0,82.0,501.0,27.0,7756.1,59.67,7.46,Road,2022,5,1.104
2022-05-23 17:06:32,Evening Run,5.24,2147.0,2.443,13.0,0.2,11.6,132.0,157.0,12.0,85.0,275.0,26.0,0.0,35.78,6.83,Road,2022,5,0.902
2022-05-21 06:08:57,Morning Run,10.5,6155.0,1.706,591.0,0.2,45.0,145.0,183.0,85.0,73.0,750.0,26.0,10501.3,102.58,9.77,Road,2022,5,1.417
2022-05-19 14:58:18,  ,9.42,3621.0,2.602,211.0,-0.2,22.6,148.0,174.0,66.0,83.0,541.0,23.0,9190.4,60.35,6.41,Road,2022,5,0.949
2022-05-17 15:00:11,1 2run ,8.38,3930.0,2.134,326.0,0.0,43.3,152.0,189.0,94.0,76.0,604.0,28.0,5103.1,65.5,7.82,Road,2022,5,1.189
2022-05-16 16:48:55,Evening Run,7.0,2679.0,2.614,25.0,-0.1,8.5,139.0,155.0,27.0,85.0,381.0,27.0,0.0,44.65,6.38,Road,2022,5,0.887
2022-05-15 07:43:37,After Eurovision pizza  chips night ,14.03,8195.0,1.712,1021.0,0.1,46.5,158.0,176.0,242.0,70.0,1130.0,30.0,5364.6,136.58,9.73,Road,2022,5,1.537
2022-05-13 05:59:09,Morning Run,6.65,2546.0,2.614,58.0,0.0,20.8,145.0,168.0,43.0,86.0,389.0,25.0,6009.6,42.43,6.38,Road,2022,5,0.925
2022-05-11 05:53:37,Morning Run,6.21,2420.0,2.568,23.0,0.0,16.3,150.0,172.0,52.0,88.0,372.0,26.0,0.0,40.33,6.49,Road,2022,5,0.974
2022-05-10 15:33:45,    ,15.8,8365.0,1.889,755.0,0.1,44.4,148.0,177.0,150.0,77.0,1063.0,23.0,8735.9,139.42,8.82,Road,2022,5,1.305
2022-05-08 09:14:00,Lunch Run,11.74,5466.0,2.148,387.0,-0.1,49.6,140.0,161.0,64.0,79.0,724.0,28.0,10420.1,91.1,7.76,Road,2022,5,1.086
2022-05-07 09:39:08,Lunch Run,13.81,8845.0,1.562,1087.0,0.1,50.0,145.0,186.0,162.0,69.0,1114.0,24.0,12739.1,147.42,10.67,Road,2022,5,1.547
2022-05-06 15:16:21,Evening Run,6.43,2335.0,2.756,33.0,0.0,8.9,139.0,156.0,24.0,88.0,339.0,25.0,0.0,38.92,6.05,Road,2022,5,0.841
2022-05-05 14:14:45,Afternoon Run,9.5,5628.0,1.689,644.0,0.0,49.9,152.0,182.0,128.0,73.0,749.0,25.0,5798.6,93.8,9.87,Road,2022,5,1.5
2022-05-03 15:20:24,15 warm  30 intense trail  10 easy ,7.29,3546.0,2.058,261.0,0.0,48.3,146.0,180.0,68.0,77.0,491.0,20.0,6418.4,59.1,8.11,Trail,2022,5,1.184
2022-05-02 09:04:02,Flampouri parnitha ,11.3,7521.0,1.502,800.0,0.0,49.8,142.0,181.0,108.0,70.0,877.0,17.0,10593.1,125.35,11.09,Road,2022,5,1.575
2022-05-01 11:05:54,Afternoon Run,3.84,1926.0,1.998,11.0,-18.5,10.2,138.0,158.0,15.0,79.0,259.0,29.0,3399.7,32.1,8.36,Road,2022,5,1.154
2022-05-01 09:56:09,First ymittos uphill after ,5.19,3648.0,1.425,759.0,13.7,49.3,163.0,178.0,140.0,64.0,598.0,28.0,4515.8,60.8,11.71,Road,2022,5,1.909
2022-04-29 08:09:36,Lunch Run,5.01,1840.0,2.723,56.0,-0.2,14.3,151.0,160.0,43.0,83.0,294.0,27.0,0.0,30.67,6.12,Road,2022,4,0.924
2022-04-28 15:28:47,Evening Run,11.34,6305.0,1.799,577.0,0.1,25.4,149.0,174.0,122.0,74.0,790.0,27.0,0.0,105.08,9.27,Road,2022,4,1.381
2022-04-26 15:50:26,Recovery after  1000,6.5,3379.0,1.924,301.0,0.0,34.0,146.0,176.0,60.0,76.0,437.0,26.0,0.0,56.32,8.66,Road,2022,4,1.264
2022-04-25 09:37:17,Stavros to home,7.62,3579.0,2.129,46.0,-13.2,26.2,149.0,172.0,76.0,77.0,508.0,27.0,5541.8,59.65,7.83,Road,2022,4,1.167
2022-04-25 07:13:45,Kamini to stavros,7.78,6097.0,1.276,1075.0,13.1,49.9,155.0,180.0,166.0,56.0,898.0,25.0,6034.3,101.62,13.06,Road,2022,4,2.024
2022-04-24 15:20:49,Evening Run,6.4,4539.0,1.41,314.0,0.1,25.4,124.0,159.0,19.0,63.0,401.0,25.0,1339.8,75.65,11.82,Road,2022,4,1.466
2022-04-23 16:06:29,Evening Run,6.01,2164.0,2.778,19.0,0.0,8.8,159.0,173.0,70.0,83.0,354.0,24.0,0.0,36.07,6.0,Road,2022,4,0.954
2022-04-22 07:10:21,Run 500 village ,9.41,5370.0,1.753,500.0,0.1,48.1,156.0,175.0,138.0,71.0,729.0,26.0,0.0,89.5,9.51,Road,2022,4,1.484
2022-04-21 06:31:12,1st Road  trail after ,5.1,2182.0,2.337,165.0,0.0,30.3,162.0,183.0,78.0,80.0,331.0,23.0,821.9,36.37,7.13,Trail,2022,4,1.155
2022-04-19 05:59:28,Morning Run,5.6,2264.0,2.477,61.0,0.0,20.2,157.0,182.0,71.0,84.0,326.0,17.0,4995.3,37.73,6.74,Road,2022,4,1.058
2022-04-18 05:57:32,Morning Run,5.13,2104.0,2.441,49.0,-0.2,14.1,151.0,166.0,50.0,84.0,300.0,17.0,4782.0,35.07,6.84,Road,2022,4,1.033
2022-04-16 16:54:14,Evening Run,3.0,1246.0,2.413,46.0,-0.2,22.9,140.0,155.0,16.0,82.0,175.0,23.0,2794.9,20.77,6.92,Road,2022,4,0.969
2022-04-15 08:06:29,Lunch Run,5.52,3098.0,1.784,212.0,0.0,46.7,138.0,166.0,34.0,68.0,380.0,25.0,5019.3,51.63,9.35,Road,2022,4,1.29
2022-03-07 11:34:54,  ,13.55,10683.0,1.269,1039.6,0.1,49.9,147.0,181.0,162.0,66.0,1189.0,0.0,5473.4,178.05,13.14,Road,2022,3,1.932
2022-03-06 11:49:09,Rapentosa,11.51,7384.0,1.56,299.4,0.1,47.8,125.0,169.0,28.0,75.0,664.0,0.0,9948.4,123.07,10.69,Road,2022,3,1.336
2022-03-05 11:21:05,Afternoon Run,17.15,8419.0,2.037,691.7,0.2,41.3,144.0,172.0,139.0,75.0,971.0,0.0,11850.9,140.32,8.18,Road,2022,3,1.178
2022-03-04 15:05:30,Afternoon Run,8.42,3190.0,2.641,157.2,0.0,12.0,142.0,183.0,39.0,87.0,397.0,0.0,5971.3,53.17,6.31,Road,2022,3,0.896
2022-03-03 15:08:41,Afternoon Run,7.6,2712.0,2.806,59.4,0.0,5.4,144.0,171.0,39.0,87.0,358.0,0.0,0.0,45.2,5.95,Road,2022,3,0.857
2022-02-28 17:43:48,Evening Run,4.55,1803.0,2.523,0.0,0.0,0.0,130.0,162.0,9.0,86.0,194.0,0.0,0.0,30.05,6.6,Road,2022,2,0.858
2022-02-27 10:07:35,Lunch Run,6.7,3657.0,1.832,370.6,-0.4,29.2,146.0,182.0,66.0,72.0,445.0,0.0,3209.4,60.95,9.1,Road,2022,2,1.329
2022-02-23 11:19:04,Afternoon Run,5.87,2427.0,2.42,33.5,0.0,6.0,142.0,170.0,28.0,85.0,284.0,0.0,0.0,40.45,6.89,Road,2022,2,0.978
2022-02-22 16:15:12,Anifores asfalto,9.65,3874.0,2.491,206.1,-0.1,11.6,170.0,207.0,161.0,82.0,628.0,0.0,9651.5,64.57,6.69,Road,2022,2,1.137
2022-02-20 09:13:51,Lunch Run,12.41,7671.0,1.618,647.5,-0.2,37.9,139.0,183.0,92.0,70.0,817.0,0.0,10030.9,127.85,10.3,Road,2022,2,1.432
2022-02-19 10:54:02,Kithaironas birthday run,21.0,10523.0,1.996,911.0,0.1,32.8,155.0,203.0,282.0,73.0,1583.0,0.0,5037.9,175.38,8.35,Road,2022,2,1.294
2022-02-17 14:07:54,Afternoon Run,7.08,3474.0,2.04,318.3,0.2,39.7,139.0,168.0,46.0,75.0,439.0,0.0,6336.6,57.9,8.18,Road,2022,2,1.137
2022-02-16 16:21:27,Evening Run,9.17,3137.0,2.926,181.7,0.0,12.0,146.0,171.0,57.0,83.0,430.0,0.0,0.0,52.28,5.7,Road,2022,2,0.832
2022-02-15 16:53:24,Evening Run,7.52,2952.0,2.549,172.0,-0.1,11.7,153.0,176.0,68.0,84.0,418.0,0.0,4585.2,49.2,6.54,Road,2022,2,1.001
2022-02-13 10:41:11,Trelos  golgothas,13.53,7266.0,1.862,743.0,0.0,40.9,160.0,196.0,234.0,73.0,1100.0,0.0,12622.3,121.1,8.95,Road,2022,2,1.432
2022-02-12 12:27:02,Ano glufada,19.55,9409.0,2.078,575.7,0.0,45.4,159.0,197.0,279.0,79.0,1295.0,0.0,15026.9,156.82,8.02,Road,2022,2,1.275
2022-02-11 15:24:52,Afternoon Run,6.26,2487.0,2.517,125.3,0.0,12.2,148.0,168.0,47.0,85.0,349.0,0.0,0.0,41.45,6.62,Road,2022,2,0.98
2022-02-09 14:06:47,Long  1 8 ,18.01,7942.0,2.269,736.3,0.0,42.7,162.0,187.0,292.0,78.0,1185.0,0.0,12924.8,132.37,7.35,Road,2022,2,1.191
2022-02-08 16:43:46,Evening Run,7.25,2777.0,2.612,57.4,0.0,5.8,136.0,162.0,20.0,86.0,316.0,0.0,0.0,46.28,6.38,Road,2022,2,0.868
2022-02-06 12:15:22,Long pirovoleia crew,23.0,9335.0,2.465,562.6,0.0,9.1,157.0,178.0,261.0,82.0,1248.0,0.0,21733.4,155.58,6.76,Road,2022,2,1.061
2022-02-05 12:10:27,     400 ,8.56,3941.0,2.173,465.2,0.0,36.2,150.0,185.0,85.0,74.0,600.0,0.0,2075.2,65.68,7.67,Road,2022,2,1.15
2022-02-04 15:38:55,Afternoon Run,12.02,4703.0,2.556,234.8,0.0,10.9,145.0,177.0,55.0,89.0,567.0,0.0,12020.2,78.38,6.52,Road,2022,2,0.945
2022-02-03 15:24:43,Afternoon Run,7.1,2670.0,2.66,53.2,0.0,11.3,147.0,177.0,52.0,85.0,363.0,0.0,7102.4,44.5,6.27,Road,2022,2,0.922
2022-02-01 13:13:59,Afternoon Run,6.47,2295.0,2.819,54.0,0.0,6.6,149.0,163.0,49.0,86.0,322.0,0.0,0.0,38.25,5.91,Road,2022,2,0.881
2022-01-31 15:42:00,Afternoon Run,6.75,2429.0,2.782,53.7,0.0,6.1,133.0,159.0,17.0,86.0,257.0,0.0,0.0,40.48,6.0,Road,2022,1,0.798
2022-01-30 09:22:49,Lunch Run,18.0,8337.0,2.16,687.0,0.0,41.1,157.0,200.0,247.0,75.0,1130.0,0.0,13537.7,138.95,7.72,Road,2022,1,1.212
2022-01-28 14:09:48,Afternoon Run,7.99,3348.0,2.388,70.8,0.0,12.8,145.0,162.0,50.0,84.0,417.0,0.0,7997.4,55.8,6.98,Road,2022,1,1.012
2022-01-27 14:20:53,Afternoon Run,10.2,3829.0,2.665,81.6,0.0,5.1,141.0,187.0,44.0,85.0,434.0,0.0,0.0,63.82,6.26,Road,2022,1,0.883
2022-01-26 13:09:50,Afternoon Run,8.05,4548.0,1.771,355.7,0.0,45.7,142.0,180.0,65.0,75.0,562.0,0.0,5797.0,75.8,9.42,Road,2022,1,1.338
2022-01-25 15:01:44,Afternoon Run,8.62,3336.0,2.586,73.1,0.0,5.9,152.0,178.0,76.0,83.0,444.0,0.0,0.0,55.6,6.45,Road,2022,1,0.98
2022-01-24 15:02:16,Afternoon Run,8.5,4701.0,1.808,258.3,0.0,29.0,141.0,172.0,55.0,79.0,555.0,0.0,6757.5,78.35,9.22,Road,2022,1,1.3
2022-01-23 09:28:01,Rocky long,22.38,11064.0,2.024,1081.2,0.0,43.1,156.0,190.0,331.0,75.0,1435.0,0.0,18182.8,184.4,8.24,Road,2022,1,1.285
2022-01-22 09:40:39,Uphill 5,7.02,5161.0,1.362,638.7,0.0,48.0,140.0,185.0,75.0,68.0,612.0,0.0,1834.7,86.02,12.25,Road,2022,1,1.715
2022-01-21 15:27:34,Afternoon Run,7.12,2560.0,2.784,52.5,0.0,6.5,126.0,143.0,9.0,87.0,234.0,0.0,0.0,42.67,5.99,Road,2022,1,0.755
2022-01-20 14:09:24,Afternoon Run,10.6,3910.0,2.711,225.1,0.0,16.3,155.0,190.0,100.0,83.0,566.0,0.0,10571.3,65.17,6.15,Road,2022,1,0.953
2022-01-18 16:38:11,Evening Run,14.09,4965.0,2.839,273.6,0.0,13.5,145.0,185.0,79.0,87.0,629.0,0.0,0.0,82.75,5.87,Road,2022,1,0.851
2022-01-17 17:45:51,Evening Run,10.01,3652.0,2.741,119.3,0.0,8.3,147.0,179.0,64.0,85.0,452.0,0.0,0.0,60.87,6.08,Road,2022,1,0.894
2022-01-16 11:26:00,Long penteli,11.0,5612.0,1.961,561.9,-0.1,50.0,154.0,187.0,143.0,77.0,759.0,0.0,5008.4,93.53,8.5,Road,2022,1,1.309
2022-01-15 11:38:03,Afternoon Run,10.58,5555.0,1.905,605.5,0.2,35.0,137.0,182.0,65.0,74.0,637.0,0.0,5009.8,92.58,8.75,Road,2022,1,1.199
2022-01-14 16:18:21,Evening Run,7.0,2468.0,2.84,59.0,0.0,5.0,143.0,165.0,39.0,87.0,328.0,0.0,0.0,41.13,5.88,Road,2022,1,0.841
2022-01-13 14:07:15,First run ,7.49,3419.0,2.193,293.0,0.1,29.7,138.0,168.0,39.0,78.0,395.0,0.0,7072.1,56.98,7.61,Road,2022,1,1.05
2022-01-11 17:46:18,Evening Run,7.44,2632.0,2.829,34.4,-0.1,5.5,151.0,168.0,58.0,88.0,355.0,0.0,0.0,43.87,5.9,Road,2022,1,0.891
2022-01-09 10:56:14,Lunch Run,3.0,1220.0,2.463,17.8,-0.1,5.2,149.0,167.0,27.0,85.0,169.0,0.0,0.0,20.33,6.78,Road,2022,1,1.01
2022-01-02 09:51:37,Lunch Run,9.01,3697.0,2.437,123.7,-8.7,39.7,163.0,187.0,137.0,81.0,534.0,0.0,6809.1,61.62,6.84,Road,2022,1,1.115
2022-01-02 08:25:32,Stavros ,4.88,3816.0,1.281,781.5,15.8,49.9,140.0,198.0,62.0,63.0,450.0,0.0,3524.6,63.6,13.03,Road,2022,1,1.824
2022-01-01 08:30:09,Morning Run,9.2,4679.0,1.966,444.1,0.2,27.7,151.0,182.0,97.0,77.0,559.0,0.0,0.0,77.98,8.48,Road,2022,1,1.28
2021-12-30 11:57:04,,12.2,9660.0,1.263,881.7,0.0,44.8,126.0,177.0,71.0,70.0,826.0,0.0,7281.2,161.0,13.2,Road,2021,12,1.663
2021-12-28 16:06:49,Evening Run,13.01,4877.0,2.669,309.1,0.0,12.2,150.0,191.0,98.0,84.0,625.0,0.0,0.0,81.28,6.25,Road,2021,12,0.938
2021-12-26 10:16:04,Lunch Run,13.8,6284.0,2.196,557.1,0.0,49.2,159.0,189.0,190.0,75.0,889.0,0.0,11986.5,104.73,7.59,Road,2021,12,1.207
2021-12-23 10:11:51,Lunch Run,9.49,4459.0,2.129,346.9,-0.1,40.4,157.0,183.0,133.0,76.0,675.0,0.0,8111.3,74.32,7.83,Road,2021,12,1.229
2021-12-22 11:06:54,Afternoon Run,8.52,2999.0,2.842,52.5,-0.1,3.0,143.0,172.0,46.0,86.0,397.0,0.0,0.0,49.98,5.87,Road,2021,12,0.839
2021-12-19 08:18:08,Kastorios 22,22.59,8220.0,2.749,753.9,0.0,25.9,167.0,183.0,363.0,83.0,1311.0,0.0,0.0,137.0,6.06,Road,2021,12,1.012
2021-12-19 07:50:30,Morning Run,2.39,1033.0,2.321,47.7,-0.2,8.3,149.0,163.0,23.0,82.0,156.0,0.0,0.0,17.22,7.21,Road,2021,12,1.074
2021-12-17 08:46:14,Morning Run,5.15,1861.0,2.771,43.9,0.0,8.2,139.0,158.0,20.0,86.0,239.0,0.0,0.0,31.02,6.02,Road,2021,12,0.837
2021-12-16 15:33:09,Afternoon Run,7.66,2697.0,2.84,63.8,0.0,5.5,150.0,172.0,55.0,86.0,393.0,0.0,0.0,44.95,5.87,Road,2021,12,0.88
2021-12-15 09:09:10,Lunch Run,12.2,5129.0,2.379,283.2,0.0,30.3,144.0,164.0,92.0,81.0,609.0,0.0,11384.6,85.48,7.01,Road,2021,12,1.009
2021-12-14 15:57:22,Afternoon Run,7.11,2974.0,2.393,48.7,0.0,6.3,147.0,166.0,46.0,88.0,340.0,0.0,0.0,49.57,6.97,Road,2021,12,1.025
2021-12-13 18:04:53,Evening Run,6.48,2550.0,2.544,41.6,0.0,33.8,126.0,172.0,13.0,83.0,230.0,0.0,0.0,42.5,6.56,Road,2021,12,0.827
2021-12-12 09:06:15,Lunch Run,5.3,3038.0,1.747,50.2,-12.3,26.8,174.0,190.0,161.0,79.0,492.0,0.0,5306.7,50.63,9.55,Road,2021,12,1.662
2021-12-12 07:54:03,Morning Run,5.24,3858.0,1.359,660.3,12.0,38.4,139.0,189.0,50.0,66.0,435.0,0.0,5242.7,64.3,12.27,Road,2021,12,1.706
2021-12-11 09:40:21,Lunch Run,7.75,3293.0,2.355,310.4,0.1,35.1,157.0,190.0,102.0,81.0,503.0,0.0,6365.2,54.88,7.08,Road,2021,12,1.112
2021-12-09 14:23:09,7  ,6.76,3288.0,2.057,518.5,0.0,44.8,123.0,172.0,17.0,72.0,344.0,0.0,5633.0,54.8,8.11,Road,2021,12,0.998
2021-12-09 13:56:21,Afternoon Run,2.75,1293.0,2.126,121.2,0.0,14.8,123.0,150.0,5.0,81.0,145.0,0.0,2082.5,21.55,7.84,Road,2021,12,0.964
2021-12-08 19:14:27,Night Run,8.2,2546.0,3.222,171.9,0.0,14.3,134.0,154.0,22.0,86.0,286.0,0.0,172.5,42.43,5.17,Road,2021,12,0.693
2021-12-07 16:33:24,Evening Run,6.26,2164.0,2.896,41.5,0.1,5.3,149.0,161.0,47.0,87.0,295.0,0.0,0.0,36.07,5.76,Road,2021,12,0.858
2021-12-05 09:51:50,Lunch Run,14.99,6718.0,2.232,457.8,-0.2,49.6,155.0,196.0,198.0,76.0,934.0,0.0,10312.5,111.97,7.47,Road,2021,12,1.158
2021-12-04 11:10:37,Afternoon Run,8.89,5378.0,1.654,441.4,-6.2,44.1,159.0,192.0,155.0,74.0,710.0,0.0,8790.3,89.63,10.08,Road,2021,12,1.603
2021-12-04 10:14:08,Lunch Run,2.76,1151.0,2.398,111.5,1.9,14.1,142.0,163.0,14.0,82.0,147.0,0.0,2760.4,19.18,6.95,Road,2021,12,0.987
2021-12-03 15:34:31,Afternoon Run,2.49,901.0,2.773,54.3,0.0,8.4,166.0,178.0,37.0,85.0,148.0,0.0,0.0,15.02,6.03,Road,2021,12,1.001
2021-12-02 14:08:13,Afternoon Run,8.4,3709.0,2.266,343.5,0.0,25.6,145.0,195.0,58.0,80.0,449.0,0.0,6055.7,61.82,7.36,Road,2021,12,1.067
2021-11-29 18:15:47,Evening Run,6.01,2363.0,2.544,22.1,-0.1,5.3,129.0,145.0,9.0,85.0,217.0,0.0,0.0,39.38,6.55,Road,2021,11,0.845
2021-11-25 13:55:45,3 ,9.02,4872.0,1.852,628.7,0.0,48.6,155.0,206.0,130.0,75.0,725.0,0.0,5660.6,81.2,9.0,Road,2021,11,1.395
2021-11-22 18:03:38,Evening Run,6.05,2157.0,2.807,23.9,0.0,3.7,144.0,161.0,31.0,85.0,267.0,0.0,226.0,35.95,5.94,Road,2021,11,0.855
2021-11-21 09:46:01,Lunch Run,17.06,8134.0,2.098,770.7,0.0,49.2,161.0,197.0,286.0,77.0,1178.0,0.0,14162.8,135.57,7.95,Road,2021,11,1.28
2021-11-19 16:08:39,Evening Run,8.02,2803.0,2.861,65.0,0.0,8.7,130.0,151.0,14.0,87.0,284.0,0.0,0.0,46.72,5.83,Road,2021,11,0.758
2021-11-18 13:34:34,   ,11.44,5876.0,1.948,661.2,0.0,49.8,152.0,191.0,140.0,78.0,760.0,0.0,7685.3,97.93,8.56,Road,2021,11,1.301
2021-11-16 16:40:27,Evening Run,8.17,2957.0,2.764,161.5,0.0,11.3,145.0,169.0,42.0,87.0,380.0,0.0,0.0,49.28,6.03,Road,2021,11,0.874
2021-11-15 17:40:27,Evening Run,3.69,1503.0,2.455,14.7,0.1,18.9,142.0,170.0,17.0,86.0,187.0,0.0,0.0,25.05,6.79,Road,2021,11,0.964
2021-11-14 06:10:47,Morning Run,9.14,4336.0,2.11,430.8,0.0,25.7,148.0,184.0,84.0,77.0,542.0,0.0,8281.8,72.27,7.91,Road,2021,11,1.171
2021-11-13 10:48:56,Uphills me lefteri,9.99,5841.0,1.712,639.5,0.0,44.9,146.0,187.0,105.0,74.0,697.0,0.0,5534.4,97.35,9.74,Road,2021,11,1.422
2021-11-12 15:34:18,Afternoon Run,11.34,3929.0,2.887,228.1,0.0,18.3,148.0,172.0,70.0,86.0,494.0,0.0,8459.3,65.48,5.77,Road,2021,11,0.854
2021-11-11 14:43:16,Afternoon Run,8.08,3441.0,2.349,342.8,0.0,38.5,139.0,178.0,48.0,81.0,407.0,0.0,6484.8,57.35,7.1,Road,2021,11,0.987
2021-11-09 16:35:17,Evening Run,5.51,2303.0,2.396,29.2,0.1,4.4,125.0,149.0,7.0,87.0,207.0,0.0,86.3,38.38,6.97,Road,2021,11,0.871
2021-11-07 09:29:55,Lunch Run,12.19,5436.0,2.244,447.4,0.0,47.0,153.0,182.0,139.0,78.0,757.0,0.0,10653.1,90.6,7.43,Road,2021,11,1.137
2021-11-06 10:23:18,Lunch Run,6.0,3387.0,1.772,412.9,0.0,49.2,157.0,180.0,94.0,74.0,509.0,0.0,2833.1,56.45,9.41,Road,2021,11,1.477
2021-11-05 14:55:36,Afternoon Run,6.24,2464.0,2.536,224.7,0.0,34.0,126.0,150.0,12.0,80.0,257.0,0.0,5110.3,41.07,6.58,Road,2021,11,0.829
2021-11-04 15:31:20,Afternoon Run,10.99,3603.0,3.052,236.9,0.0,10.2,155.0,179.0,95.0,86.0,515.0,0.0,0.0,60.05,5.46,Road,2021,11,0.846
2021-11-02 16:33:17,Evening Run,8.0,3141.0,2.548,155.8,0.0,17.9,124.0,167.0,13.0,82.0,265.0,0.0,0.0,52.35,6.54,Road,2021,11,0.811
2021-11-01 18:06:02,Evening Run,6.26,2199.0,2.85,53.6,-0.4,5.7,121.0,149.0,8.0,86.0,189.0,0.0,0.0,36.65,5.85,Road,2021,11,0.708
2021-10-31 14:07:34,Afternoon Run,15.0,5905.0,2.542,336.8,0.0,27.1,158.0,184.0,183.0,82.0,800.0,0.0,13482.6,98.42,6.56,Road,2021,10,1.036
2021-10-30 06:23:58,Uphills poik,6.19,3538.0,1.752,448.3,-0.1,46.6,134.0,197.0,46.0,73.0,424.0,0.0,3249.8,58.97,9.53,Road,2021,10,1.277
2021-10-27 14:50:44,Afternoon Run,10.17,4151.0,2.452,308.4,-0.1,26.7,155.0,185.0,115.0,82.0,581.0,0.0,8484.8,69.18,6.8,Road,2021,10,1.054
2021-10-26 15:19:08,Evening Run,7.24,2799.0,2.588,138.5,0.0,18.1,133.0,163.0,16.0,87.0,270.0,0.0,4886.0,46.65,6.44,Road,2021,10,0.857
2021-10-24 07:37:23,Morning Run,13.66,8432.0,1.621,928.3,0.0,48.3,162.0,190.0,295.0,70.0,1188.0,0.0,12609.3,140.53,10.29,Road,2021,10,1.667
2021-10-23 08:16:21,Lunch Run,9.02,3830.0,2.355,283.3,0.0,21.7,154.0,178.0,100.0,81.0,535.0,0.0,7443.0,63.83,7.08,Road,2021,10,1.09
2021-10-22 14:43:12,Afternoon Run,8.1,3639.0,2.228,392.6,0.0,34.9,153.0,188.0,95.0,78.0,511.0,0.0,6804.3,60.65,7.49,Road,2021,10,1.146
2021-10-21 15:09:06,Evening Run,11.62,4359.0,2.666,240.7,0.0,18.7,139.0,170.0,38.0,87.0,470.0,0.0,9258.0,72.65,6.25,Road,2021,10,0.869
2021-10-18 17:33:41,Evening Run,7.0,2964.0,2.361,51.3,0.0,4.7,122.0,150.0,12.0,85.0,249.0,0.0,0.0,49.4,7.06,Road,2021,10,0.861
2021-10-17 08:22:07,Lunch Run,17.35,8320.0,2.086,723.4,0.1,39.1,148.0,186.0,162.0,75.0,984.0,0.0,14338.6,138.67,7.99,Road,2021,10,1.183
2021-10-16 05:34:20,Morning Run,8.35,4266.0,1.958,300.5,-0.1,31.0,137.0,173.0,43.0,78.0,472.0,0.0,8354.7,71.1,8.51,Road,2021,10,1.166
2021-10-15 07:09:11,Balos emergency run ,10.0,4274.0,2.341,355.7,0.0,42.0,151.0,182.0,95.0,76.0,527.0,0.0,8544.8,71.23,7.12,Road,2021,10,1.075
2021-10-12 13:59:36,Afternoon Run,12.0,5210.0,2.304,299.4,-0.1,24.0,139.0,168.0,51.0,83.0,485.0,0.0,12004.5,86.83,7.24,Road,2021,10,1.006
2021-10-11 17:02:21,Evening Run,5.01,2107.0,2.378,30.1,0.2,5.1,130.0,153.0,9.0,84.0,217.0,0.0,0.0,35.12,7.01,Road,2021,10,0.911
2021-10-10 10:00:04,Check up and down legs ,15.13,7429.0,2.037,712.6,0.2,49.0,153.0,197.0,195.0,76.0,957.0,0.0,0.0,123.82,8.18,Road,2021,10,1.252
2021-10-09 10:47:37,Checking legs   km  ,6.17,2827.0,2.184,230.6,0.6,45.1,147.0,179.0,52.0,78.0,370.0,0.0,0.0,47.12,7.64,Road,2021,10,1.123
2021-10-08 15:49:54,Evening Run,8.53,2971.0,2.871,181.2,0.0,14.3,139.0,166.0,34.0,86.0,364.0,0.0,0.0,49.52,5.81,Road,2021,10,0.808
2021-10-03 08:05:00,Tihio race 31 km  edition ,30.89,15779.0,1.958,1589.1,0.0,49.5,165.0,203.0,654.0,69.0,2191.0,0.0,0.0,262.98,8.51,Road,2021,10,1.404
2021-10-01 16:22:59,Evening Run,3.2,1373.0,2.337,10.6,0.0,3.6,131.0,146.0,5.0,85.0,147.0,0.0,0.0,22.88,7.15,Road,2021,10,0.937
2021-09-30 05:31:35,Morning Run,6.0,2312.0,2.595,164.7,0.1,24.3,142.0,168.0,34.0,83.0,294.0,0.0,0.0,38.53,6.42,Road,2021,9,0.912
2021-09-28 17:26:07,Evening Run,7.31,2254.0,3.243,157.0,0.0,11.7,143.0,176.0,33.0,86.0,278.0,0.0,0.0,37.57,5.14,Road,2021,9,0.735
2021-09-26 05:10:47,Long run trail girls ymittos,17.0,8686.0,1.958,512.9,0.0,47.9,149.0,187.0,182.0,71.0,987.0,0.0,0.0,144.77,8.52,Trail,2021,9,1.269
2021-09-25 14:08:04,Uphills ,15.74,8092.0,1.946,882.8,0.0,39.6,157.0,189.0,226.0,76.0,1038.0,0.0,0.0,134.87,8.57,Road,2021,9,1.345
2021-09-24 15:17:17,Evening Run,9.0,3392.0,2.656,240.9,-0.6,35.4,155.0,188.0,89.0,82.0,475.0,0.0,0.0,56.53,6.28,Road,2021,9,0.973
2021-09-23 17:31:53,Evening Run,3.0,1204.0,2.496,15.0,0.1,12.5,147.0,163.0,22.0,84.0,170.0,0.0,0.0,20.07,6.69,Road,2021,9,0.983
2021-09-19 06:09:57,Divris hard trail race,30.76,18864.0,1.631,2185.2,0.0,49.0,157.0,196.0,672.0,68.0,2104.0,0.0,15705.2,314.4,10.22,Trail,2021,9,1.605
2021-09-17 16:13:57,Evening Run,5.39,2248.0,2.4,174.3,0.0,35.8,144.0,173.0,32.0,80.0,292.0,0.0,0.0,37.47,6.95,Road,2021,9,1.001
2021-09-16 15:37:50,Evening Run,9.23,3954.0,2.336,381.1,0.1,49.5,160.0,195.0,128.0,80.0,631.0,0.0,0.0,65.9,7.14,Road,2021,9,1.142
2021-09-14 17:20:37,Evening Run,10.0,3741.0,2.673,0.0,0.0,2.5,140.0,170.0,40.0,85.0,418.0,0.0,0.0,62.35,6.24,Road,2021,9,0.874
2021-09-13 16:48:46,Evening Run,6.7,2655.0,2.523,185.8,0.0,28.6,140.0,172.0,37.0,81.0,327.0,0.0,0.0,44.25,6.6,Road,2021,9,0.924
2021-09-12 05:18:32,Morning Run,10.72,7014.0,1.529,704.5,0.0,39.1,140.0,181.0,107.0,70.0,833.0,0.0,0.0,116.9,10.9,Road,2021,9,1.526
2021-09-11 07:03:34,Morning Run,7.0,3760.0,1.863,425.3,0.1,49.1,157.0,183.0,106.0,74.0,556.0,0.0,0.0,62.67,8.95,Road,2021,9,1.405
2021-09-09 15:49:13,,9.45,3806.0,2.483,299.7,0.0,40.7,160.0,193.0,122.0,79.0,637.0,0.0,8689.7,63.43,6.71,Road,2021,9,1.074
2021-09-08 18:09:25,Night Run,10.0,4007.0,2.497,0.0,0.0,6.6,145.0,178.0,55.0,84.0,504.0,0.0,0.0,66.78,6.68,Road,2021,9,0.969
2021-09-07 06:20:31,Morning Run,2.01,601.0,3.358,15.0,0.1,3.7,159.0,173.0,19.0,88.0,105.0,0.0,0.0,10.02,4.99,Road,2021,9,0.793
2021-09-07 06:04:49,Morning Run,2.07,604.0,3.426,14.9,0.0,4.3,152.0,161.0,15.0,88.0,99.0,0.0,0.0,10.07,4.86,Road,2021,9,0.739
2021-09-07 05:20:55,Morning Run,4.62,1581.0,2.925,33.8,0.0,3.3,139.0,159.0,17.0,86.0,205.0,0.0,0.0,26.35,5.7,Road,2021,9,0.792
2021-09-05 07:31:48,Poikilo rocky 8,8.28,3500.0,2.368,402.4,0.0,44.3,168.0,192.0,161.0,76.0,622.0,0.0,6391.8,58.33,7.04,Road,2021,9,1.183
2021-09-03 17:05:03,Evening Run,3.2,1203.0,2.662,24.1,0.0,2.9,141.0,154.0,15.0,84.0,175.0,0.0,0.0,20.05,6.27,Road,2021,9,0.884
2021-09-02 17:12:46,Evening Run,7.0,2758.0,2.54,50.1,0.0,11.5,138.0,186.0,30.0,84.0,341.0,0.0,0.0,45.97,6.57,Road,2021,9,0.907
2021-08-28 15:00:04,Skyros Run,10.04,2992.0,3.356,150.6,0.0,11.9,175.0,190.0,177.0,87.0,576.0,0.0,0.0,49.87,4.97,Road,2021,8,0.87
2021-08-27 17:08:40,Evening Run,2.8,1015.0,2.762,34.7,0.0,7.6,138.0,155.0,11.0,82.0,144.0,0.0,0.0,16.92,6.04,Road,2021,8,0.834
2021-08-25 16:08:35,Evening Run,8.0,2873.0,2.785,98.1,0.0,11.9,150.0,178.0,54.0,84.0,440.0,0.0,0.0,47.88,5.98,Road,2021,8,0.897
2021-08-23 17:17:41,Evening Run,7.44,2397.0,3.106,0.0,0.0,1.5,149.0,178.0,48.0,86.0,361.0,0.0,0.0,39.95,5.37,Road,2021,8,0.8
2021-08-22 07:05:40,Acheron river,8.29,4045.0,2.051,186.6,-1.6,49.7,90.0,133.0,8.0,58.0,657.0,0.0,8263.7,67.42,8.13,Road,2021,8,0.732
2021-08-21 16:30:05,Evening Run,14.0,4794.0,2.922,144.4,-0.1,11.0,157.0,183.0,135.0,83.0,738.0,0.0,0.0,79.9,5.71,Road,2021,8,0.896
2021-08-20 17:04:57,Evening Run,7.0,2277.0,3.078,89.0,-0.2,8.4,149.0,180.0,51.0,84.0,352.0,0.0,0.0,37.95,5.42,Road,2021,8,0.808
2021-08-19 18:26:21,Night Run,7.12,2539.0,2.805,68.9,-0.3,8.3,135.0,150.0,17.0,82.0,296.0,0.0,0.0,42.32,5.94,Road,2021,8,0.802
2021-08-15 17:35:33,Evening Run,14.0,4451.0,3.147,163.6,0.0,9.0,157.0,173.0,134.0,83.0,709.0,0.0,0.0,74.18,5.3,Road,2021,8,0.832
2021-08-13 07:48:49,Morning Run,5.0,1862.0,2.687,53.8,0.0,4.1,157.0,174.0,53.0,83.0,320.0,0.0,0.0,31.03,6.21,Road,2021,8,0.975
2021-08-12 17:08:42,Evening Run,12.0,4253.0,2.822,251.9,0.0,11.2,156.0,185.0,115.0,83.0,626.0,0.0,0.0,70.88,5.91,Road,2021,8,0.922
2021-08-11 17:07:40,Evening Run,6.2,2132.0,2.908,63.3,-0.1,4.1,148.0,169.0,41.0,84.0,322.0,0.0,0.0,35.53,5.73,Road,2021,8,0.848
2021-08-10 17:08:48,Evening Run,5.0,1725.0,2.901,51.6,0.0,7.7,158.0,167.0,52.0,84.0,294.0,0.0,0.0,28.75,5.75,Road,2021,8,0.908
2021-08-09 17:44:48,Evening Run,2.52,907.0,2.778,29.8,0.0,3.8,142.0,147.0,11.0,84.0,131.0,0.0,0.0,15.12,6.0,Road,2021,8,0.852
2021-08-08 16:37:27,Village r,10.15,4809.0,2.111,498.3,0.0,49.8,148.0,176.0,91.0,77.0,619.0,0.0,0.0,80.15,7.9,Road,2021,8,1.169
2021-08-06 16:43:21,Evening Run,10.0,3638.0,2.75,227.5,0.0,14.5,150.0,183.0,75.0,83.0,486.0,0.0,0.0,60.63,6.06,Road,2021,8,0.909
2021-08-05 17:13:32,Evening Run,7.1,2417.0,2.938,77.3,0.2,14.6,145.0,169.0,41.0,84.0,344.0,0.0,0.0,40.28,5.67,Road,2021,8,0.822
2021-08-04 17:15:54,Evening Run,7.95,2873.0,2.767,97.4,0.0,7.5,145.0,165.0,49.0,82.0,406.0,0.0,0.0,47.88,6.02,Road,2021,8,0.873
2021-08-03 17:39:53,Evening Run,10.49,3747.0,2.8,251.6,0.0,24.6,152.0,185.0,78.0,83.0,511.0,0.0,0.0,62.45,5.95,Road,2021,8,0.904
2021-08-02 17:33:13,Evening Run,5.3,1833.0,2.892,54.5,-0.3,4.2,147.0,157.0,38.0,82.0,262.0,0.0,0.0,30.55,5.76,Road,2021,8,0.847
2021-08-01 17:03:47,Village ai Dimitris,9.0,4044.0,2.227,481.9,0.0,43.9,147.0,171.0,75.0,77.0,479.0,0.0,0.0,67.4,7.49,Road,2021,8,1.101
2021-07-31 17:29:18,400 ,7.0,2408.0,2.907,145.8,0.0,44.6,146.0,179.0,41.0,84.0,309.0,0.0,0.0,40.13,5.73,Road,2021,7,0.837
2021-07-29 06:02:49,Morning Run,8.3,3001.0,2.767,82.5,-0.2,5.3,159.0,172.0,95.0,84.0,468.0,0.0,0.0,50.02,6.03,Road,2021,7,0.959
2021-07-28 16:29:53,35    15 30 sec  6  ,7.69,2625.0,2.93,185.7,0.0,25.0,162.0,183.0,97.0,83.0,416.0,0.0,0.0,43.75,5.69,Road,2021,7,0.922
2021-07-25 04:46:18,Zagori 21km,21.41,10213.0,2.097,1141.1,0.0,45.7,162.0,199.0,365.0,71.0,1394.0,0.0,0.0,170.22,7.95,Road,2021,7,1.288
2021-07-24 16:11:40,Evening Run,3.0,1403.0,2.141,125.4,0.0,37.4,152.0,178.0,34.0,79.0,208.0,0.0,0.0,23.38,7.79,Road,2021,7,1.184
2021-07-21 15:17:47,Evening Run,8.35,3348.0,2.494,150.8,0.0,15.2,144.0,167.0,52.0,81.0,425.0,0.0,0.0,55.8,6.68,Road,2021,7,0.962
2021-07-20 17:24:40,150  345,6.25,2126.0,2.941,2.2,0.0,9.4,139.0,168.0,22.0,85.0,247.0,0.0,0.0,35.43,5.67,Road,2021,7,0.788
2021-07-18 05:29:38,Morning Run,15.0,5834.0,2.572,286.4,0.0,16.1,155.0,172.0,162.0,81.0,821.0,0.0,0.0,97.23,6.48,Road,2021,7,1.004
2021-07-17 16:12:53,Uphills poikilo,7.0,3715.0,1.884,443.2,0.2,42.8,144.0,179.0,57.0,74.0,457.0,0.0,0.0,61.92,8.85,Road,2021,7,1.274
2021-07-15 05:02:51,Morning Run,5.37,1952.0,2.752,30.5,-0.1,6.1,151.0,183.0,42.0,85.0,288.0,0.0,0.0,32.53,6.06,Road,2021,7,0.915
2021-07-14 17:39:01,Evening Run,11.2,4428.0,2.53,295.3,0.0,22.9,148.0,171.0,85.0,81.0,569.0,0.0,0.0,73.8,6.59,Road,2021,7,0.975
2021-07-13 04:58:45,Morning Run,9.0,3463.0,2.6,57.9,0.0,5.9,147.0,179.0,58.0,80.0,444.0,0.0,0.0,57.72,6.41,Road,2021,7,0.942
2021-07-11 05:47:25,Morning Run,16.0,5558.0,2.88,143.9,0.0,8.3,154.0,188.0,153.0,86.0,781.0,0.0,0.0,92.63,5.79,Road,2021,7,0.892
2021-07-10 16:15:43,  ,7.75,4504.0,1.721,560.4,-0.2,34.8,154.0,189.0,119.0,69.0,657.0,0.0,6578.8,75.07,9.69,Road,2021,7,1.492
2021-07-08 17:05:04,Evening Run,8.0,2500.0,3.2,158.2,0.0,24.4,150.0,171.0,55.0,85.0,348.0,0.0,0.0,41.67,5.21,Road,2021,7,0.782
2021-07-07 18:48:32,Night Run,7.67,3423.0,2.242,293.1,-0.5,39.3,155.0,179.0,96.0,78.0,513.0,0.0,0.0,57.05,7.44,Road,2021,7,1.153
2021-07-06 17:20:10,Evening Run,4.63,1656.0,2.796,87.2,0.0,11.3,134.0,156.0,10.0,82.0,187.0,0.0,0.0,27.6,5.96,Road,2021,7,0.799
2021-07-05 11:48:15,Afternoon Run,5.01,2015.0,2.486,81.7,-0.1,13.7,149.0,167.0,42.0,82.0,283.0,0.0,0.0,33.58,6.7,Road,2021,7,0.998
2021-04-09 08:33:33,Lunch Run,6.0,2079.0,2.888,33.0,0.1,10.4,133.0,179.0,17.0,88.0,233.0,0.0,0.0,34.65,5.78,Road,2021,4,0.769
2021-04-08 11:40:07,Afternoon Run,3.0,938.0,3.202,68.4,0.0,13.5,143.0,155.0,13.0,88.0,128.0,0.0,0.0,15.63,5.21,Road,2021,4,0.745
2021-04-07 13:35:22,Afternoon Run,14.0,7992.0,1.752,939.6,-0.1,49.5,154.0,193.0,223.0,0.0,1068.0,0.0,0.0,133.2,9.51,Road,2021,4,1.465
2021-04-03 05:50:13,Morning Run,12.0,6692.0,1.793,700.8,0.0,49.2,138.0,189.0,120.0,72.0,798.0,0.0,0.0,111.53,9.29,Road,2021,4,1.282
2021-04-02 06:56:56,Morning Run,6.0,2062.0,2.912,14.3,0.0,3.8,162.0,179.0,75.0,88.0,347.0,0.0,0.0,34.37,5.73,Road,2021,4,0.928
2021-03-07 07:43:57,30ari,30.01,10379.0,2.891,695.1,-0.1,11.2,164.0,184.0,412.0,0.0,1724.0,0.0,29887.6,172.98,5.76,Road,2021,3,0.945
2021-03-03 16:20:09,Evening Run,10.01,2851.0,3.511,0.0,0.0,1.3,133.0,162.0,19.0,0.0,325.0,0.0,0.0,47.52,4.75,Road,2021,3,0.632
2021-02-28 06:58:25,Morning Run,13.99,6658.0,2.102,657.4,0.0,26.3,150.0,180.0,153.0,0.0,963.0,0.0,0.0,110.97,7.93,Road,2021,2,1.19
2021-02-27 06:37:06,Morning Run,10.0,5818.0,1.72,795.1,0.0,49.7,147.0,199.0,121.0,0.0,830.0,0.0,0.0,96.97,9.7,Road,2021,2,1.426
2021-02-26 15:57:20,Afternoon Run,8.01,2588.0,3.095,166.2,0.0,13.6,151.0,169.0,62.0,0.0,414.0,0.0,0.0,43.13,5.38,Road,2021,2,0.812
2021-02-24 16:12:15,Evening Run,10.02,2886.0,3.473,89.1,0.0,23.9,153.0,177.0,74.0,0.0,446.0,0.0,0.0,48.1,4.8,Road,2021,2,0.734
2021-02-23 18:03:00,Evening Run,8.0,2432.0,3.293,22.3,-0.2,30.1,144.0,166.0,38.0,0.0,336.0,0.0,0.0,40.53,5.07,Road,2021,2,0.73
2021-02-21 07:20:25,Morning Run,21.1,7207.0,2.928,540.9,-0.2,49.5,155.0,189.0,197.0,0.0,1045.0,0.0,0.0,120.12,5.69,Road,2021,2,0.882
2021-02-20 07:56:23,Morning Run,7.04,3719.0,1.894,430.5,0.1,50.0,146.0,188.0,69.0,0.0,500.0,0.0,0.0,61.98,8.8,Road,2021,2,1.285
2021-02-19 16:20:54,Evening Run,10.01,2944.0,3.4,70.2,0.0,4.7,156.0,180.0,88.0,0.0,451.0,0.0,0.0,49.07,4.9,Road,2021,2,0.764
2021-02-17 11:17:55,Afternoon Run,11.01,3910.0,2.817,261.8,0.7,22.6,166.0,186.0,162.0,0.0,656.0,0.0,0.0,65.17,5.92,Road,2021,2,0.983
2021-02-16 09:25:07,Lunch Run,4.0,1734.0,2.307,168.1,1.1,36.7,153.0,191.0,42.0,0.0,275.0,0.0,0.0,28.9,7.22,Road,2021,2,1.105
2021-02-13 08:22:20,Morning Run,5.39,2725.0,1.979,350.9,0.1,46.3,126.0,169.0,19.0,0.0,291.0,0.0,0.0,45.42,8.43,Road,2021,2,1.062
2021-02-12 16:16:20,Evening Run,11.0,3192.0,3.448,92.5,-0.1,33.9,148.0,187.0,65.0,0.0,439.0,0.0,0.0,53.2,4.84,Road,2021,2,0.716
2021-02-10 15:22:42,Afternoon Run,9.01,2740.0,3.29,0.0,0.0,3.3,158.0,197.0,90.0,0.0,413.0,0.0,0.0,45.67,5.07,Road,2021,2,0.801
2021-02-09 11:18:13,Afternoon Run,5.6,1693.0,3.309,6.0,0.0,5.9,148.0,182.0,34.0,0.0,237.0,0.0,0.0,28.22,5.04,Road,2021,2,0.746
2021-02-07 07:27:45,Morning Run,16.0,6618.0,2.419,342.5,-0.3,29.0,147.0,181.0,126.0,0.0,730.0,0.0,0.0,110.3,6.89,Road,2021,2,1.013
2021-02-06 06:16:40,Morning Run,9.07,4859.0,1.868,443.8,0.1,49.0,152.0,191.0,121.0,0.0,670.0,0.0,0.0,80.98,8.93,Road,2021,2,1.357
2021-02-05 15:48:55,Afternoon Run,6.03,1777.0,3.394,29.0,0.0,20.7,119.0,145.0,7.0,0.0,159.0,0.0,0.0,29.62,4.91,Road,2021,2,0.584
2021-02-04 06:47:16,Morning Run,7.01,2165.0,3.238,123.3,-0.1,9.9,137.0,161.0,19.0,0.0,265.0,0.0,0.0,36.08,5.15,Road,2021,2,0.706
2021-02-03 15:43:57,Afternoon Run,4.0,1055.0,3.8,17.6,0.1,3.8,122.0,141.0,4.0,0.0,104.0,0.0,0.0,17.58,4.39,Road,2021,2,0.536
2021-02-02 06:42:58,Morning Run,6.28,2184.0,2.875,31.1,0.3,27.9,136.0,150.0,19.0,0.0,259.0,0.0,0.0,36.4,5.8,Road,2021,2,0.789
2021-01-31 07:09:47,Morning Run,10.52,5528.0,1.903,663.3,-0.8,44.2,158.0,196.0,165.0,0.0,826.0,0.0,0.0,92.13,8.76,Road,2021,1,1.384
2021-01-30 11:43:04,Afternoon Run,7.01,2013.0,3.482,33.3,0.0,44.7,164.0,188.0,81.0,0.0,321.0,0.0,0.0,33.55,4.79,Road,2021,1,0.786
2021-01-28 14:11:42,Afternoon Run,15.01,5443.0,2.758,218.3,-1.1,16.8,163.0,184.0,208.0,0.0,903.0,0.0,11853.7,90.72,6.04,Road,2021,1,0.985
2021-01-24 10:36:34,21pb,21.11,5897.0,3.581,0.0,0.0,2.5,160.0,181.0,197.0,0.0,872.0,0.0,0.0,98.28,4.66,Road,2021,1,0.746
2021-01-23 08:05:57,Morning Run,7.01,3500.0,2.003,282.6,-1.0,47.3,131.0,188.0,41.0,0.0,401.0,0.0,0.0,58.33,8.32,Road,2021,1,1.09
2021-01-20 14:11:03,poik xaidari,16.79,5541.0,3.031,408.3,0.0,12.0,164.0,186.0,214.0,87.0,0.0,0.0,11354.7,92.35,5.5,Road,2021,1,0.902
2021-01-13 16:25:07,Evening Run,10.0,3456.0,2.895,36.6,-0.1,3.5,154.0,181.0,93.0,0.0,507.0,0.0,0.0,57.6,5.76,Road,2021,1,0.887
2021-01-10 09:37:25,Lunch Run,15.0,5604.0,2.677,229.8,-0.6,35.6,161.0,187.0,200.0,0.0,807.0,0.0,0.0,93.4,6.23,Road,2021,1,1.003
2021-01-09 07:16:45,Morning Run,15.49,6597.0,2.349,374.2,-1.6,35.8,154.0,192.0,181.0,0.0,936.0,0.0,0.0,109.95,7.1,Road,2021,1,1.093
2021-01-06 14:43:52,Afternoon Run,6.01,2078.0,2.895,34.1,0.0,12.5,138.0,173.0,22.0,0.0,269.0,0.0,0.0,34.63,5.76,Road,2021,1,0.795
2021-01-05 15:52:03,Afternoon Run,6.99,2305.0,3.035,0.0,0.0,4.9,148.0,175.0,48.0,0.0,336.0,0.0,0.0,38.42,5.5,Road,2021,1,0.814
2021-01-03 09:51:40,Lunch Run,15.01,9794.0,1.533,978.2,-0.1,50.0,142.0,205.0,202.0,0.0,1269.0,0.0,0.0,163.23,10.87,Road,2021,1,1.544
2020-12-13 08:42:04,Morning Run,16.0,6159.0,2.599,353.4,0.0,13.3,164.0,182.0,241.0,0.0,961.0,0.0,0.0,102.65,6.42,Road,2020,12,1.053
2020-12-06 08:11:29,Morning Run,16.0,6482.0,2.469,292.1,-0.9,30.2,153.0,188.0,162.0,0.0,859.0,0.0,0.0,108.03,6.75,Road,2020,12,1.033
2020-12-02 15:25:28,Afternoon Run,8.0,2301.0,3.479,124.7,-1.3,15.4,167.0,177.0,103.0,0.0,380.0,0.0,0.0,38.35,4.79,Road,2020,12,0.8
2020-11-22 08:14:39,Morning Run,16.01,6155.0,2.601,322.5,-0.3,17.1,157.0,195.0,183.0,0.0,866.0,0.0,0.0,102.58,6.41,Road,2020,11,1.006
2020-11-15 11:39:14,Afternoon Run,15.01,6904.0,2.174,529.4,-0.2,40.0,152.0,192.0,168.0,0.0,827.0,0.0,0.0,115.07,7.67,Road,2020,11,1.166
2020-11-12 11:33:54,Afternoon Run,15.0,6341.0,2.366,425.5,-0.2,41.0,149.0,184.0,133.0,0.0,789.0,0.0,0.0,105.68,7.05,Road,2020,11,1.05
2020-11-01 09:29:51,Parnassos ,15.24,8022.0,1.9,1063.8,0.0,49.8,129.0,199.0,86.0,0.0,1010.0,0.0,458.7,133.7,8.77,Road,2020,11,1.131
2020-10-11 07:31:37,Tiheio 21,19.32,9164.0,2.108,793.4,0.0,44.4,167.0,198.0,395.0,0.0,1385.0,0.0,0.0,152.73,7.91,Road,2020,10,1.321
2020-09-26 05:26:08,  ,9.9,4434.0,2.233,641.4,6.5,13.6,160.0,195.0,138.0,0.0,642.0,0.0,0.0,73.9,7.46,Road,2020,9,1.194
2020-09-20 07:06:39,Divris 10 ,9.14,3929.0,2.327,435.6,0.0,43.9,157.0,206.0,120.0,0.0,553.0,0.0,2606.8,65.48,7.16,Road,2020,9,1.124
2020-09-13 12:39:54,Olympos,8.11,4243.0,1.913,31.4,-18.6,49.8,150.0,193.0,93.0,0.0,566.0,0.0,8118.5,70.72,8.72,Road,2020,9,1.308
2020-09-13 05:04:11,mytikas Hike,18.74,7664.0,2.445,1703.7,7.7,49.8,134.0,172.0,74.0,0.0,0.0,0.0,18300.3,127.73,6.82,Road,2020,9,0.914
2020-09-12 07:49:13,Enipeas,10.5,6149.0,1.708,661.9,0.0,45.7,153.0,184.0,154.0,0.0,837.0,0.0,10466.8,102.48,9.76,Road,2020,9,1.493
2020-09-06 05:45:03,Morning Run,20.3,10611.0,1.913,1065.0,0.3,45.5,161.0,196.0,375.0,0.0,1396.0,0.0,0.0,176.85,8.71,Road,2020,9,1.402
2020-09-01 15:58:21,Evening Run,8.0,3936.0,2.034,295.0,-1.1,40.5,163.0,188.0,148.0,0.0,597.0,0.0,0.0,65.6,8.2,Road,2020,9,1.337
2020-08-23 15:29:21,Evening Run,14.0,6975.0,2.007,617.2,0.0,46.7,160.0,196.0,237.0,0.0,1006.0,0.0,0.0,116.25,8.3,Road,2020,8,1.328
2020-08-07 04:55:36,agios arsenis,13.06,5068.0,2.578,920.3,-0.1,49.3,128.0,174.0,31.0,0.0,0.0,0.0,5286.1,84.47,6.47,Road,2020,8,0.828
2020-07-22 19:24:32,crew,8.68,4894.0,1.774,485.4,-0.1,39.8,158.0,188.0,156.0,73.0,0.0,0.0,8684.4,81.57,9.4,Road,2020,7,1.485
2020-07-19 06:41:32,crew,14.29,6837.0,2.091,636.0,0.0,42.3,159.0,187.0,224.0,78.0,0.0,0.0,11856.3,113.95,7.97,Road,2020,7,1.267
2020-07-12 06:37:26,skyros,4.65,1534.0,3.035,15.9,0.0,3.6,169.0,194.0,71.0,88.0,0.0,0.0,0.0,25.57,5.5,Road,2020,7,0.93
2020-06-17 19:30:22,poikilo crew,14.06,4967.0,2.831,339.6,0.0,22.8,160.0,183.0,167.0,86.0,0.0,0.0,7114.9,82.78,5.89,Road,2020,6,0.942
2020-05-17 17:26:58,Evening Run,8.97,3717.0,2.415,62.2,-2.6,8.5,138.0,172.0,36.0,83.0,0.0,0.0,6486.1,61.95,6.91,Road,2020,5,0.954
2020-05-07 17:05:07,Evening Run,11.23,4878.0,2.303,176.0,-0.8,11.9,160.0,193.0,167.0,85.0,0.0,0.0,7675.8,81.3,7.24,Road,2020,5,1.158
2020-05-02 15:45:49,Evening Run,15.95,5486.0,2.908,91.9,-0.1,6.3,165.0,181.0,218.0,88.0,0.0,0.0,8694.1,91.43,5.73,Road,2020,5,0.945
2020-04-18 16:10:24,Evening Run,12.08,4510.0,2.679,172.7,-1.6,9.4,143.0,175.0,65.0,85.0,0.0,0.0,0.0,75.17,6.22,Road,2020,4,0.889
2020-04-14 15:47:00,Evening Run,15.02,5823.0,2.58,311.6,-0.1,15.0,151.0,181.0,135.0,86.0,0.0,0.0,0.0,97.05,6.46,Road,2020,4,0.975
2020-04-13 16:32:57,Evening Run,12.09,4470.0,2.706,255.2,-0.1,12.3,154.0,202.0,122.0,86.0,0.0,0.0,0.0,74.5,6.16,Road,2020,4,0.949
2020-04-09 17:11:36,Evening Run,8.02,2490.0,3.221,92.9,-1.9,10.5,166.0,186.0,107.0,87.0,0.0,0.0,127.9,41.5,5.17,Road,2020,4,0.858
2020-04-02 17:07:06,Evening Run,11.14,3328.0,3.35,134.7,-1.6,9.6,171.0,209.0,171.0,89.0,0.0,0.0,0.0,55.47,4.98,Road,2020,4,0.852
2020-03-28 09:52:32,Lunch Run,16.07,8622.0,1.865,403.2,-0.1,27.2,136.0,181.0,98.0,69.0,0.0,0.0,0.0,143.7,8.94,Road,2020,3,1.216
2020-03-22 10:49:00,Lunch Run,9.01,6041.0,1.491,317.4,-0.8,25.9,126.0,184.0,37.0,64.0,0.0,0.0,0.0,100.68,11.17,Road,2020,3,1.407
2020-03-20 10:41:35,tritsi,14.48,5252.0,2.758,95.7,0.0,8.4,167.0,190.0,231.0,87.0,0.0,0.0,6572.3,87.53,6.04,Road,2020,3,1.009
2020-03-08 15:48:28,Afternoon Run,15.47,5311.0,2.914,99.3,0.0,6.2,165.0,185.0,210.0,86.0,0.0,0.0,0.0,88.52,5.72,Road,2020,3,0.944
2020-02-23 15:23:34,tritsi parko Run,15.03,5125.0,2.933,109.2,0.0,6.4,169.0,193.0,241.0,87.0,0.0,0.0,11764.9,85.42,5.68,Road,2020,2,0.96
2020-02-16 08:00:04,ymittos 15 race,15.08,5045.0,2.989,284.6,0.0,14.1,182.0,201.0,316.0,86.0,0.0,0.0,0.0,84.08,5.58,Road,2020,2,1.016
2020-02-09 09:00:07,Salomon,10.65,4642.0,2.294,347.5,0.0,28.8,172.0,199.0,240.0,79.0,0.0,0.0,0.0,77.37,7.26,Road,2020,2,1.249
2020-02-04 18:59:05,Evening Run,9.61,3234.0,2.972,78.8,0.0,3.3,168.0,182.0,145.0,89.0,0.0,0.0,0.0,53.9,5.61,Road,2020,2,0.942
2020-02-02 15:22:36,Afternoon Run,6.95,2395.0,2.905,77.0,0.2,11.1,150.0,169.0,55.0,88.0,0.0,0.0,0.0,39.92,5.74,Road,2020,2,0.861
2020-01-19 08:50:45,Levados,10.37,4622.0,2.244,690.9,0.1,48.9,167.0,200.0,206.0,76.0,0.0,0.0,672.4,77.03,7.43,Road,2020,1,1.241
2020-01-05 07:41:11,Race tatoi,6.22,2402.0,2.589,191.4,0.0,47.7,160.0,189.0,80.0,81.0,0.0,0.0,4639.5,40.03,6.44,Road,2020,1,1.03
2020-01-02 08:36:58,Ag arsenis,8.11,6436.0,1.26,690.1,-0.5,50.0,135.0,190.0,67.0,63.0,0.0,0.0,3623.1,107.27,13.23,Road,2020,1,1.786
2019-12-25 07:33:04,Morning Run,3.15,2318.0,1.361,105.8,0.0,28.0,118.0,165.0,10.0,60.0,0.0,0.0,0.0,38.63,12.26,Road,2019,12,1.447
2019-11-17 12:17:07,tritsi run,9.56,3204.0,2.984,71.8,0.1,13.1,169.0,182.0,150.0,87.0,0.0,0.0,8615.4,53.4,5.59,Road,2019,11,0.945
2019-10-28 07:24:27,trelos race,10.62,4596.0,2.311,507.8,-0.8,40.5,174.0,188.0,259.0,77.0,0.0,0.0,0.0,76.6,7.21,Road,2019,10,1.255
2019-10-26 06:04:38,trelos,7.56,4569.0,1.655,611.5,-0.4,45.0,151.0,185.0,105.0,71.0,0.0,0.0,0.0,76.15,10.07,Road,2019,10,1.521
2019-10-20 07:49:05,Morning Run,10.25,4049.0,2.532,21.4,0.0,3.7,155.0,181.0,119.0,86.0,0.0,0.0,0.0,67.48,6.58,Road,2019,10,1.02
2019-10-20 07:03:27,Morning Run,4.8,1324.0,3.632,10.0,0.0,3.9,176.0,186.0,81.0,91.0,0.0,0.0,0.0,22.07,4.6,Road,2019,10,0.81
2019-10-13 06:12:35,Morning Run,7.78,2275.0,3.421,46.9,-0.3,10.9,154.0,185.0,61.0,89.0,0.0,0.0,0.0,37.92,4.87,Road,2019,10,0.75
2019-10-11 17:44:39,Evening Run,6.57,2248.0,2.927,34.1,0.0,2.8,151.0,164.0,52.0,88.0,0.0,0.0,0.0,37.47,5.7,Road,2019,10,0.861
2019-10-06 07:36:46,Alpamayo race,7.0,3367.0,2.08,328.2,0.0,37.9,172.0,190.0,183.0,76.0,0.0,0.0,5098.4,56.12,8.02,Road,2019,10,1.379
2019-09-29 07:18:48,Morning Run,7.99,2793.0,2.862,120.0,0.0,10.4,162.0,179.0,101.0,85.0,0.0,0.0,0.0,46.55,5.83,Road,2019,9,0.944
2019-09-24 17:54:25,Evening Run,9.91,3173.0,3.126,81.3,0.0,3.4,161.0,179.0,111.0,88.0,0.0,0.0,0.0,52.88,5.34,Road,2019,9,0.86
2019-09-22 07:42:48,Tyros,4.64,1260.0,3.684,0.0,0.0,2.4,176.0,184.0,78.0,91.0,0.0,0.0,0.0,21.0,4.53,Road,2019,9,0.797
2019-09-18 17:23:19,Evening Run,7.04,2014.0,3.498,57.6,0.0,4.5,163.0,185.0,75.0,90.0,0.0,0.0,0.0,33.57,4.77,Road,2019,9,0.778
2019-09-16 17:40:55,Evening Run,6.44,1892.0,3.404,50.6,0.0,3.2,169.0,180.0,93.0,90.0,0.0,0.0,0.0,31.53,4.9,Road,2019,9,0.828
2019-09-13 15:38:47,Evening Run,7.0,2351.0,2.979,59.5,0.1,7.5,153.0,185.0,58.0,90.0,0.0,0.0,6593.4,39.18,5.6,Road,2019,9,0.857
2019-09-10 16:22:07,Evening Run,7.09,2421.0,2.929,57.8,0.1,6.6,165.0,187.0,96.0,88.0,0.0,0.0,0.0,40.35,5.69,Road,2019,9,0.939
2019-09-06 17:01:05,Evening Run,9.71,3047.0,3.19,77.9,0.0,3.2,166.0,184.0,126.0,88.0,0.0,0.0,0.0,50.78,5.23,Road,2019,9,0.868
2019-09-01 08:58:56,nauplio,4.0,1492.0,2.685,24.8,-0.4,6.2,153.0,166.0,38.0,84.0,0.0,0.0,4005.7,24.87,6.22,Road,2019,9,0.952
2019-08-31 15:36:50,Nemea,12.26,3795.0,3.231,102.5,0.0,12.7,172.0,183.0,207.0,89.0,0.0,0.0,0.0,63.25,5.16,Road,2019,8,0.888
2019-08-25 06:41:09,Morning Run,4.55,1662.0,2.742,13.0,0.1,4.0,167.0,187.0,73.0,87.0,0.0,0.0,0.0,27.7,6.09,Road,2019,8,1.017
2019-08-19 16:44:21,Evening Run,14.93,5147.0,2.901,313.8,0.0,10.4,161.0,176.0,170.0,85.0,0.0,0.0,0.0,85.78,5.75,Road,2019,8,0.926
2019-08-14 16:43:09,Evening Run,5.03,1690.0,2.981,83.0,0.0,10.8,159.0,177.0,56.0,85.0,0.0,0.0,0.0,28.17,5.6,Road,2019,8,0.89
2019-08-08 16:29:23,Evening Run,9.93,3163.0,3.141,228.8,0.0,10.0,169.0,188.0,153.0,86.0,0.0,0.0,0.0,52.72,5.31,Road,2019,8,0.897
2019-08-01 04:56:20,xwrio,4.55,3128.0,1.457,344.5,-0.1,48.7,107.0,156.0,9.0,64.0,0.0,0.0,0.0,52.13,11.46,Road,2019,8,1.226
2019-07-25 08:28:24,Lunch Run,4.25,1308.0,3.25,21.0,0.0,3.1,169.0,184.0,62.0,88.0,0.0,0.0,0.0,21.8,5.13,Road,2019,7,0.867
2019-06-29 15:05:33,Evening Run,4.92,1463.0,3.363,25.5,0.0,11.8,141.0,159.0,16.0,90.0,0.0,0.0,0.0,24.38,4.96,Road,2019,6,0.699
2019-06-09 06:10:33,Souli race,10.28,5103.0,2.015,712.9,5.4,49.7,174.0,192.0,288.0,72.0,0.0,0.0,0.0,85.05,8.27,Road,2019,6,1.439
2019-06-01 09:07:40,psatha run,3.41,1406.0,2.43,3.5,0.0,1.8,143.0,171.0,19.0,83.0,0.0,0.0,0.0,23.43,6.87,Road,2019,6,0.982
2019-05-28 17:28:10,Evening Run,9.91,3379.0,2.933,82.9,0.0,3.4,158.0,174.0,103.0,86.0,0.0,0.0,0.0,56.32,5.68,Road,2019,5,0.897
2019-05-01 15:19:07,Evening Run,5.95,2357.0,2.526,119.1,0.7,12.1,158.0,177.0,73.0,85.0,0.0,0.0,0.0,39.28,6.6,Road,2019,5,1.043
2019-04-21 10:05:17,psatha,2.51,1313.0,1.915,145.3,4.5,33.0,137.0,172.0,19.0,72.0,0.0,0.0,0.0,21.88,8.72,Road,2019,4,1.195
2019-04-07 07:20:07,8 poikilo,8.26,3824.0,2.162,405.3,0.0,44.7,170.0,187.0,190.0,77.0,0.0,0.0,6333.2,63.73,7.72,Road,2019,4,1.312
2019-03-31 07:15:37,10 race agious,10.26,3207.0,3.202,74.4,0.0,4.1,151.0,175.0,76.0,89.0,0.0,0.0,3082.4,53.45,5.21,Road,2019,3,0.787
2019-03-17 09:52:03,Lunch Run,8.89,3128.0,2.844,135.7,-0.5,18.3,171.0,186.0,159.0,85.0,0.0,0.0,0.0,52.13,5.86,Road,2019,3,1.002
2019-02-21 07:41:06,wuppertal,5.06,1609.0,3.146,0.0,0.0,0.4,152.0,167.0,38.0,89.0,0.0,0.0,2895.5,26.82,5.3,Road,2019,2,0.806
2019-02-17 08:00:26,Morning Run,8.44,2894.0,2.919,221.9,0.1,10.9,156.0,184.0,86.0,86.0,0.0,0.0,0.0,48.23,5.71,Road,2019,2,0.891
2019-02-11 11:23:47,Afternoon Run,5.45,2369.0,2.3,70.9,0.0,11.3,160.0,180.0,81.0,84.0,0.0,0.0,0.0,39.48,7.24,Road,2019,2,1.158
2019-01-27 09:50:34,Pavliani,13.22,6778.0,1.95,323.0,-1.3,49.2,147.0,190.0,131.0,75.0,0.0,0.0,1406.0,112.97,8.55,Road,2019,1,1.257
2018-12-09 07:05:53,the toc merython,9.69,3116.0,3.11,150.1,0.0,16.6,173.0,194.0,166.0,89.0,0.0,0.0,0.0,51.93,5.36,Road,2018,12,0.927
