Activity ID,Activity Date,Activity Name,Activity Type,Activity Description,Elapsed Time,Distance,Max Heart Rate,Relative Effort,Commute,Activity Private Note,Activity Gear,Filename,Athlete Weight,Bike Weight,Elapsed Time,Moving Time,Distance,Max Speed,Average Speed,Elevation Gain,Elevation Loss,Elevation Low,Elevation High,Max Grade,Average Grade,Average Positive Grade,Average Negative Grade,Max Cadence,Average Cadence,Max Heart Rate,Average Heart Rate,Max Watts,Average Watts,Calories,Max Temperature,Average Temperature,Relative Effort,Total Work,Number of Runs,Uphill Time,Downhill Time,Other Time,Perceived Exertion,Type,Start Time,Weighted Average Power,Power Count,Prefer Perceived Exertion,Perceived Relative Effort,Commute,Total Weight Lifted,From Upload,Grade Adjusted Distance,Weather Observation Time,Weather Condition,Weather Temperature,Apparent Temperature,Dewpoint,Humidity,Weather Pressure,Wind Speed,Wind Gust,Wind Bearing,Precipitation Intensity,Sunrise Time,Sunset Time,Moon Phase,Bike,Gear,Precipitation Probability,Precipitation Type,Cloud Cover,Weather Visibility,UV Index,Weather Ozone,Jump Count,Total Grit,Average Flow,Flagged,Average Elapsed Speed,Dirt Distance,Newly Explored Distance,Newly Explored Dirt Distance,Activity Count,Total Steps,Carbon Saved,Pool Length,Training Load,Intensity,Average Grade Adjusted Pace,Timer Time,Total Cycles,Recovery,With Pet,Competition,Long Run,For a Cause,With Kid,Downhill Distance,Total Sets,Total Reps,Media
18149312261,"Apr 17, 2026, 2:19:24 PM",Afternoon Trail Run,Run,,2578,5.09,158.0,22,,,,activities/19251463445.fit.gz,,,2578.0,2291.0,5090.9,4.58,2.222,187.0,193.0,137.0,235.0,48.9,-0.1,,,124.0,79.0,158.0,131.0,,,328.0,,24.0,22.0,,,,,,,,,,,,,0.0,,1.0,6242.8,,,,,,,,,,,,,,,,,,,,,,,,,,,1.975,456.1,,,,5950.0,0.0,,,,2.725,,,,,,,,,,,,""
18149309018,"Apr 17, 2026, 8:10:16 AM",Lunch Weight Training,Weight Training,,2119,0,139.0,6,,,,activities/19251460146.fit.gz,,,2119.0,2119.0,0.0,0.0,0.0,0.0,0.0,0.0,0.0,0.0,0.0,,,,,139.0,104.0,,,153.0,,25.0,6.0,,,,,,,,,,,,,0.0,,1.0,,,,,,,,,,,,,,,,,,,,,,,,,,,,0.0,0.0,,,,,0.0,,,,,,8.0,0.0,0.0,,,,0.0,,,,""
18135747876,"Apr 16, 2026, 2:44:10 PM",Afternoon Trail Run,Run,,3654,7.05,164.0,31,,,,activities/19237800476.fit.gz,,,3654.0,3498.0,7051.2,3.783,2.016,300.0,299.0,187.4,451.0,47.7,0.0,,,98.0,74.0,164.0,131.0,,,464.0,,23.0,31.0,,,,,,,,,,,,,0.0,,1.0,8434.9,,,,,,,,,,,,,,,,,,,,,,,,,,,1.93,6165.7,,,,7830.0,0.0,,,,2.411,,,,,,,,,,,,""
18135747789,"Apr 16, 2026, 7:48:40 AM",Morning Weight Training,Weight Training,,2538,0,128.0,6,,,,activities/19237800447.fit.gz,,,2538.0,2538.0,0.0,0.0,0.0,0.0,0.0,0.0,0.0,0.0,0.0,,,,,128.0,99.0,,,162.0,,26.0,6.0,,,,,,,,,,,,,0.0,,1.0,,,,,,,,,,,,,,,,,,,,,,,,,,,,0.0,0.0,,,,,0.0,,,,,,270.0,0.0,0.0,,,,0.0,,,,""
18115445341,"Apr 15, 2026, 7:57:15 AM",Morning Run,Run,,3288,8.20,169.0,86,,,,activities/19217348030.fit.gz,,,3288.0,3175.0,8199.7,4.433,2.583,79.0,80.0,194.0,221.4,25.5,0.0,,,91.0,82.0,169.0,150.0,,,479.0,,22.0,86.0,,,,,,,,,,,,,0.0,,1.0,8373.4,,,,,,,,,,,,,,,,,,,,,,,,,,,2.494,7489.0,,,,8698.0,0.0,,,,2.637,,,,,,,,,,,,""
18115441425,"Apr 14, 2026, 9:04:17 AM",Lunch Run,Run,,2553,7.13,158.0,61,,,,activities/19217344064.fit.gz,,,2553.0,2455.0,7137.4,3.822,2.907,6.0,6.0,251.4,256.8,15.4,0.0,,,115.0,83.0,158.0,147.0,,,406.0,,23.0,61.0,,,,,,,,,,,,,0.0,,1.0,7145.0,,,,,,,,,,,,,,,,,,,,,,,,,,,2.796,7063.6,,,,6820.0,0.0,,,,2.91,,,,,,,,,,,,""
18115441387,"Apr 13, 2026, 9:50:06 AM",Lunch Weight Training,Weight Training,,731,0,126.0,1,,,,activities/19217343984.fit.gz,,,731.0,731.0,0.0,0.0,0.0,0.0,0.0,0.0,0.0,0.0,0.0,,,,,126.0,89.0,,,39.0,,26.0,1.0,,,,,,,,,,,,,0.0,,1.0,,,,,,,,,,,,,,,,,,,,,,,,,,,,0.0,0.0,,,,,0.0,,,,,,8.0,0.0,0.0,,,,0.0,,,,""
18087997683,"Apr 11, 2026, 4:18:51 PM",Evening Run,Run,,495,0.85,123.0,1,,,,activities/19189746336.fit.gz,,,495.0,474.0,849.4,2.75,1.792,42.0,4.0,169.6,215.2,29.4,4.7,,,111.0,72.0,123.0,113.0,,,57.0,,20.0,1.0,,,,,,,,,,,,,0.0,,1.0,1061.4,,,,,,,,,,,,,,,,,,,,,,,,,,,1.716,123.3,,,,1112.0,0.0,,,,2.239,,,,,,,,,,,,""
18087997671,"Apr 11, 2026, 3:56:31 PM",Evening Weight Training,Weight Training,,1319,0,141.0,3,,,,activities/19189746381.fit.gz,,,1319.0,1319.0,0.0,0.0,0.0,0.0,0.0,0.0,0.0,0.0,0.0,,,,,141.0,97.0,,,83.0,,23.0,3.0,,,,,,,,,,,,,0.0,,1.0,,,,,,,,,,,,,,,,,,,,,,,,,,,,0.0,0.0,,,,,0.0,,,,,,36.0,0.0,0.0,,,,0.0,,,,""
18087994371,"Apr 11, 2026, 2:32:40 PM",Afternoon Run,Run,,4968,9.04,170.0,84,,,,activities/19189742845.fit.gz,,,4968.0,4453.0,9040.6,3.86,2.03,273.0,318.0,165.6,453.8,49.6,-0.5,,,123.0,78.0,170.0,143.0,,,606.0,,22.0,84.0,,,,,,,,,,,,,0.0,,1.0,10497.9,,,,,,,,,,,,,,,,,,,,,,,,,,,1.82,6762.5,,,,11044.0,0.0,,,,2.357,,,,,,,,,,,,""
18055360627,"Apr 10, 2026, 2:34:57 PM",Afternoon Run,Run,,2751,6.75,152.0,34,,,,activities/19156699154.fit.gz,,,2751.0,2630.0,6757.3,3.843,2.569,127.0,125.0,170.4,234.6,22.5,0.0,,,87.0,82.0,152.0,137.0,,,384.0,,25.0,34.0,,,,,,,,,,,,,0.0,,1.0,7127.9,,,,,,,,,,,,,,,,,,,,,,,,,,,2.456,0.0,,,,7178.0,0.0,,,,2.71,,,,,,,,,,,,""
18041146742,"Apr 9, 2026, 10:45:45 AM",Afternoon Run,Run,,2429,7.50,165.0,79,,,,activities/19142376077.fit.gz,,,2429.0,2429.0,7501.9,4.64,3.088,55.0,65.0,206.4,219.2,14.3,-0.1,,,87.0,84.0,165.0,154.0,,,402.0,,25.0,79.0,,,,,,,,,,,,,0.0,,1.0,7580.4,,,,,,,,,,,,,,,,,,,,,,,,,,,3.088,0.0,,,,6826.0,0.0,,,,3.121,,,,,,,,,,,,""
18041114913,"Apr 8, 2026, 3:19:32 PM",Evening Weight Training,Weight Training,,3786,0,128.0,9,,,,activities/19142343805.fit.gz,,,3786.0,3786.0,0.0,0.0,0.0,0.0,0.0,0.0,0.0,0.0,0.0,,,,,128.0,97.0,,,222.0,,26.0,9.0,,,,,,,,,,,,,0.0,,1.0,,,,,,,,,,,,,,,,,,,,,,,,,,,,0.0,0.0,,,,,0.0,,,,,,10.0,,,,,,,,,,""
18041109382,"Apr 8, 2026, 10:00:50 AM",Afternoon Run,Run,,1837,5.11,161.0,29,,,,activities/19142338151.fit.gz,,,1837.0,1826.0,5115.9,3.34,2.802,4.0,6.0,111.0,116.6,2.3,-0.1,,,89.0,84.0,161.0,138.0,,,287.0,,31.0,29.0,,,,,,,,,,,,,0.0,,1.0,5119.7,,,,,,,,,,,,,,,,,,,,,,,,,,,2.785,0.0,,,,5118.0,0.0,,,,2.804,,,,,,,,,,,,""
18022180731,"Apr 7, 2026, 4:04:11 PM",Evening Weight Training,Weight Training,,2613,0,129.0,6,,,,activities/19123124274.fit.gz,,,2613.0,2613.0,0.0,0.0,0.0,0.0,0.0,0.0,0.0,0.0,0.0,,,,,129.0,98.0,,,163.0,,26.0,6.0,,,,,,,,,,,,,0.0,,1.0,,,,,,,,,,,,,,,,,,,,,,,,,,,,0.0,0.0,,,,,0.0,,,,,,28.0,,,,,,,,,,""
18022180740,"Apr 7, 2026, 10:25:28 AM",Afternoon Run,Run,,1116,2.47,155.0,14,,,,activities/19123124340.fit.gz,,,1116.0,1001.0,2475.6,5.114,2.473,26.0,24.0,144.2,164.8,11.0,0.1,,,93.0,83.0,155.0,138.0,,,158.0,,29.0,14.0,,,,,,,,,,,,,0.0,,1.0,2521.9,,,,,,,,,,,,,,,,,,,,,,,,,,,2.218,0.0,,,,2882.0,0.0,,,,2.519,,,,,,,,,,,,""
18008258920,"Apr 6, 2026, 4:45:14 PM",Evening Run,Run,,1275,3.03,157.0,30,,,,activities/19108974102.fit.gz,,,1275.0,1275.0,3031.7,2.922,2.378,32.0,35.0,323.6,333.8,12.1,-0.1,,,86.0,83.0,157.0,144.0,,,193.0,,19.0,30.0,,,,,,,,,,,,,0.0,,1.0,3071.6,,,,,,,,,,,,,,,,,,,,,,,,,,,2.378,0.0,,,,3514.0,0.0,,,,2.409,,,,,,,,,,,,""
17910280112,"Mar 29, 2026, 6:34:17 AM",Krokodeilos trail 21km,Run,"",11758,20.74,189.0,479,,,,activities/19010178587.fit.gz,,,11758.0,11372.0,20748.1,5.6,1.824,1326.0,1336.0,-13.0,354.6,50.0,0.0,,,124.0,70.0,189.0,161.0,,,1633.0,,21.0,479.0,,,,,,,,,,,,,0.0,,1.0,29168.2,,,,,,,,,,,,,,,,,,,,,,,,,,,1.765,13437.7,,,,25546.0,0.0,,,,2.565,,,0.0,0.0,,,,0.0,,,,""
17910270059,"Mar 29, 2026, 6:04:53 AM",Morning Trail Run,Run,,1008,1.92,146.0,5,,,,activities/19010168718.fit.gz,,,1008.0,752.0,1923.6,3.678,2.558,8.0,10.0,-2.4,5.2,8.8,-0.1,,,96.0,83.0,146.0,128.0,,,122.0,,19.0,5.0,,,,,,,,,,,,,0.0,,1.0,1937.9,,,,,,,,,,,,,,,,,,,,,,,,,,,1.908,0.0,,,,2246.0,0.0,,,,2.577,,,,,,,,,,,,""
17895976218,"Mar 27, 2026, 11:30:30 AM",Afternoon Trail Run,Run,,1791,3.69,159.0,23,,,,activities/18995651954.fit.gz,,,1791.0,1697.0,3695.9,4.5,2.178,170.0,171.0,209.2,363.8,50.0,-0.1,,,86.0,69.0,159.0,134.0,,,220.0,,20.0,23.0,,,,,,,,,,,,,0.0,,1.0,4562.5,,,,,,,,,,,,,,,,,,,,,,,,,,,2.064,2508.6,,,,3860.0,0.0,,,,2.689,,,,,,,,,,,,""
17867555907,"Mar 26, 2026, 11:31:54 AM",Afternoon Trail Run,Run,,2914,6.00,167.0,33,,,,activities/18967118984.fit.gz,,,2914.0,2764.0,6002.0,3.86,2.171,255.0,257.0,206.4,444.2,46.9,0.0,,,120.0,74.0,167.0,134.0,,,375.0,,25.0,33.0,,,,,,,,,,,,,0.0,,1.0,7331.5,,,,,,,,,,,,,,,,,,,,,,,,,,,2.06,4863.4,,,,6902.0,0.0,,,,2.652,,,,,,,,,,,,""
17857699427,"Mar 25, 2026, 10:41:18 AM",Lunch Run,Run,,3599,8.04,160.0,71,,,,activities/18957206033.fit.gz,,,3599.0,3286.0,8041.6,4.178,2.447,40.0,33.0,99.0,111.6,19.4,0.1,,,88.0,83.0,160.0,144.0,,,475.0,,22.0,71.0,,,,,,,,,,,,,0.0,,1.0,8124.7,,,,,,,,,,,,,,,,,,,,,,,,,,,2.234,1316.3,,,,9310.0,0.0,,,,2.473,,,,,,,,,,,,""
17814498101,"Mar 22, 2026, 10:02:02 AM",Half marathon Warsow,Run,"",6221,21.31,175.0,230,,,,activities/18913779418.fit.gz,,,6221.0,6221.0,21313.8,5.65,3.426,81.0,85.0,78.4,107.6,5.6,0.0,,,94.0,89.0,175.0,158.0,,,1155.0,,20.0,230.0,,,,,,,,,,,,,0.0,,1.0,21383.9,,,,,,,,,,,,,,,,,,,,,,,,,,,3.426,0.0,,,,18488.0,0.0,,,,3.437,,,0.0,0.0,,,,0.0,,,,""
17814487893,"Mar 22, 2026, 9:30:31 AM",Morning Run,Run,,814,1.43,152.0,11,,,,activities/18913768961.fit.gz,,,814.0,684.0,1430.3,2.825,2.091,11.0,2.0,78.8,92.2,2.9,0.6,,,87.0,82.0,152.0,138.0,,,93.0,,23.0,11.0,,,,,,,,,,,,,0.0,,1.0,1455.4,,,,,,,,,,,,,,,,,,,,,,,,,,,1.757,0.0,,,,1964.0,0.0,,,,2.128,,,,,,,,,,,,""
17807425153,"Mar 21, 2026, 7:14:55 AM",Morning Run,Run,,2681,5.98,156.0,38,,,,activities/18906605280.fit.gz,,,2681.0,2263.0,5987.7,5.071,2.646,49.0,34.0,85.8,111.2,42.2,0.0,,,94.0,85.0,156.0,140.0,,,363.0,,17.0,38.0,,,,,,,,,,,,,0.0,,1.0,6129.4,,,,,,,,,,,,,,,,,,,,,,,,,,,2.233,1397.0,,,,6550.0,0.0,,,,2.709,,,,,,,,,,,,""
17787412806,"Mar 19, 2026, 11:32:42 AM",Afternoon Trail Run,Run,,3481,8.20,185.0,107,,,,activities/18886413601.fit.gz,,,3481.0,3388.0,8202.1,4.1,2.421,264.0,272.0,204.2,438.6,49.5,-0.1,,,120.0,75.0,185.0,153.0,,,533.0,,18.0,107.0,,,,,,,,,,,,,0.0,,1.0,9416.4,,,,,,,,,,,,,,,,,,,,,,,,,,,2.356,6972.9,,,,8398.0,0.0,,,,2.779,,,,,,,,,,,,""
17787412780,"Mar 18, 2026, 6:20:21 PM",Evening Weight Training,Weight Training,,1683,0,125.0,4,,,,activities/18886413626.fit.gz,,,1683.0,1683.0,0.0,0.0,0.0,0.0,0.0,0.0,0.0,0.0,0.0,,,,,125.0,94.0,,,102.0,,28.0,4.0,,,,,,,,,,,,,0.0,,1.0,,,,,,,,,,,,,,,,,,,,,,,,,,,,0.0,0.0,,,,,0.0,,,,,,24.0,,,,,,,,,,""
17787412810,"Mar 17, 2026, 11:36:35 AM",Afternoon Trail Run,Run,,4081,8.43,180.0,115,,,,activities/18886413592.fit.gz,,,4081.0,4006.0,8433.4,4.183,2.105,511.0,514.0,209.8,359.6,49.6,0.0,,,87.0,72.0,180.0,151.0,,,590.0,,19.0,115.0,,,,,,,,,,,,,0.0,,1.0,11432.5,,,,,,,,,,,,,,,,,,,,,,,,,,,2.067,5799.6,,,,9384.0,0.0,,,,2.854,,,,,,,,,,,,""
17742274925,"Mar 16, 2026, 11:45:41 AM",Afternoon Run,Run,,2967,8.31,172.0,76,,,,activities/18841122299.fit.gz,,,2967.0,2864.0,8318.8,4.65,2.905,69.0,64.0,205.2,214.0,15.9,0.0,,,92.0,84.0,172.0,149.0,,,470.0,,18.0,76.0,,,,,,,,,,,,,0.0,,1.0,8435.2,,,,,,,,,,,,,,,,,,,,,,,,,,,2.804,7534.5,,,,8008.0,0.0,,,,2.945,,,,,,,,,,,,""
17742275143,"Mar 15, 2026, 4:14:32 PM",Evening Weight Training,Weight Training,,2073,0,133.0,6,,,,activities/18841122434.fit.gz,,,2073.0,2073.0,0.0,0.0,0.0,0.0,0.0,0.0,0.0,0.0,0.0,,,,,133.0,110.0,,,166.0,,26.0,6.0,,,,,,,,,,,,,0.0,,1.0,,,,,,,,,,,,,,,,,,,,,,,,,,,,0.0,0.0,,,,,0.0,,,,,,48.0,,,,,,,,,,""
17717323219,"Mar 14, 2026, 8:09:56 AM",Morning Trail Run,Run,"",10139,17.10,173.0,246,,,,activities/18815918007.fit.gz,,,10139.0,9969.0,17105.6,4.1,1.716,1324.0,742.0,490.2,1291.2,49.5,3.4,,,109.0,69.0,173.0,147.0,,,1259.0,,16.0,246.0,,,,,,,,,,,,,0.0,,1.0,24890.5,,,,,,,,,,,,,,,,,,,,,,,,,,,1.687,16390.6,,,,21828.0,0.0,,,,2.497,,,0.0,0.0,,,,0.0,,,,""
17711140875,"Mar 13, 2026, 3:21:25 PM",Afternoon Run,Run,,3909,9.60,168.0,55,,,,activities/18809689552.fit.gz,,,3909.0,3369.0,9603.0,6.44,2.85,59.0,59.0,205.6,214.4,16.4,0.0,,,120.0,84.0,168.0,139.0,,,539.0,,19.0,55.0,,,,,,,,,,,,,0.0,,1.0,9699.6,,,,,,,,,,,,,,,,,,,,,,,,,,,2.457,8826.8,,,,9612.0,0.0,,,,2.879,,,,,,,,,,,,""
17705282914,"Mar 12, 2026, 12:32:26 PM",Afternoon Weight Training,Weight Training,,1972,0,120.0,4,,,,activities/18803801482.fit.gz,,,1972.0,1972.0,0.0,0.0,0.0,0.0,0.0,0.0,0.0,0.0,0.0,,,,,120.0,93.0,,,109.0,,26.0,4.0,,,,,,,,,,,,,0.0,,1.0,,,,,,,,,,,,,,,,,,,,,,,,,,,,0.0,0.0,,,,,0.0,,,,,,52.0,,,,,,,,,,""
17690067912,"Mar 11, 2026, 12:37:06 PM",Afternoon Trail Run,Run,,4629,11.68,173.0,87,,,,activities/18788518303.fit.gz,,,4629.0,4548.0,11681.4,4.7,2.568,351.0,357.0,139.2,453.8,17.2,-0.1,,,124.0,82.0,173.0,143.0,,,664.0,,22.0,87.0,,,,,,,,,,,,,0.0,,1.0,12631.7,,,,,,,,,,,,,,,,,,,,,,,,,,,2.524,7947.9,,,,12316.0,0.0,,,,2.777,,,,,,,,,,,,""
17672499445,"Mar 10, 2026, 11:49:11 AM",Afternoon Trail Run,Run,,3894,8.57,187.0,104,,,,activities/18770894681.fit.gz,,,3894.0,3861.0,8571.2,4.42,2.22,424.0,430.0,179.6,438.8,49.5,-0.1,,,113.0,74.0,187.0,150.0,,,561.0,,22.0,104.0,,,,,,,,,,,,,0.0,,1.0,10692.5,,,,,,,,,,,,,,,,,,,,,,,,,,,2.201,5820.8,,,,9496.0,0.0,,,,2.769,,,,,,,,,,,,""
17659939921,"Mar 9, 2026, 11:50:40 AM",Afternoon Trail Run,Run,,2813,6.00,161.0,50,,,,activities/18758274705.fit.gz,,,2813.0,2643.0,6008.9,3.66,2.274,261.0,266.0,209.2,369.4,26.7,0.0,,,121.0,80.0,161.0,141.0,,,376.0,,21.0,50.0,,,,,,,,,,,,,0.0,,1.0,7119.8,,,,,,,,,,,,,,,,,,,,,,,,,,,2.136,4385.4,,,,7198.0,0.0,,,,2.694,,,,,,,,,,,,""
17656450580,"Mar 8, 2026, 2:36:24 PM",Afternoon Trail Run,Run,,5728,11.30,140.0,21,,,,activities/18754757207.fit.gz,,,5728.0,5727.0,11301.2,3.033,1.973,258.0,259.0,205.4,371.8,23.0,0.0,,,87.0,79.0,140.0,120.0,,,618.0,,20.0,21.0,,,,,,,,,,,,,0.0,,1.0,11952.9,,,,,,,,,,,,,,,,,,,,,,,,,,,1.973,10395.0,,,,14252.0,0.0,,,,2.087,,,,,,,,,,,,""
17635423639,"Mar 7, 2026, 10:00:03 AM",Lunch Trail Run,Run,,8537,8.00,166.0,121,,,,activities/18733502208.fit.gz,,,8537.0,7471.0,8008.3,4.05,1.072,1068.0,1074.0,492.2,1053.0,50.0,0.0,,,123.0,62.0,166.0,142.0,,,898.0,,24.0,121.0,,,,,,,,,,,,,0.0,,1.0,16405.5,,,,,,,,,,,,,,,,,,,,,,,,,,,0.938,4267.1,,,,13954.0,0.0,,,,2.196,,,,,,,,,,,,""
17627504377,"Mar 6, 2026, 3:44:15 PM",Afternoon Run,Run,,3617,10.51,173.0,72,,,,activities/18725493207.fit.gz,,,3617.0,3465.0,10513.3,4.72,3.034,70.0,71.0,193.6,213.6,18.6,0.0,,,114.0,84.0,173.0,144.0,,,583.0,,18.0,72.0,,,,,,,,,,,,,0.0,,1.0,10631.9,,,,,,,,,,,,,,,,,,,,,,,,,,,2.907,9724.2,,,,9682.0,0.0,,,,3.068,,,,,,,,,,,,""
17601571181,"Mar 4, 2026, 11:33:11 AM",Afternoon Trail Run,Run,,6034,15.06,158.0,136,,,,activities/18699483853.fit.gz,,,6034.0,5953.0,15061.9,3.75,2.53,418.0,422.0,224.2,450.8,25.2,0.0,,,88.0,82.0,158.0,145.0,,,850.0,,25.0,136.0,,,,,,,,,,,,,0.0,,1.0,16214.1,,,,,,,,,,,,,,,,,,,,,,,,,,,2.496,13159.6,,,,16282.0,0.0,,,,2.724,,,,,,,,,,,,""
17601565426,"Mar 3, 2026, 11:30:30 AM",Afternoon Run,Run,,3432,9.06,169.0,61,,,,activities/18699478224.fit.gz,,,3432.0,3002.0,9066.1,4.686,3.02,12.0,11.0,111.8,119.2,40.0,0.0,,,120.0,84.0,169.0,144.0,,,521.0,,24.0,61.0,,,,,,,,,,,,,0.0,,1.0,9111.3,,,,,,,,,,,,,,,,,,,,,,,,,,,2.642,0.0,,,,8250.0,0.0,,,,3.035,,,,,,,,,,,,""
17601559707,"Mar 2, 2026, 11:27:02 AM",Afternoon Run,Run,,2422,6.60,153.0,35,,,,activities/18699472440.fit.gz,,,2422.0,2392.0,6606.3,3.8,2.762,38.0,42.0,204.4,215.2,8.4,0.0,,,87.0,83.0,153.0,138.0,,,361.0,,22.0,35.0,,,,,,,,,,,,,0.0,,1.0,6633.1,,,,,,,,,,,,,,,,,,,,,,,,,,,2.728,6582.7,,,,6662.0,0.0,,,,2.773,,,,,,,,,,,,""
17563047404,"Mar 1, 2026, 8:35:57 AM",Morning Trail Run,Run,,9844,20.00,180.0,240,,,,activities/18660768107.fit.gz,,,9844.0,9655.0,20007.8,4.129,2.072,1025.0,1023.0,174.8,452.0,49.6,0.0,,,117.0,75.0,180.0,147.0,,,1305.0,,21.0,240.0,,,,,,,,,,,,,0.0,,1.0,25859.0,,,,,,,,,,,,,,,,,,,,,,,,,,,2.032,11125.4,,,,23498.0,0.0,,,,2.678,,,,,,,,,,,,""
17550711755,"Feb 28, 2026, 9:34:24 AM",Lunch Trail Run,Run,,4230,4.13,167.0,47,,,,activities/18648296211.fit.gz,,,4230.0,3434.0,4131.7,3.14,1.203,614.0,42.0,494.8,1076.0,49.5,13.9,,,90.0,63.0,167.0,136.0,,,464.0,,18.0,47.0,,,,,,,,,,,,,0.0,,1.0,7985.5,,,,,,,,,,,,,,,,,,,,,,,,,,,0.977,2059.1,,,,6990.0,0.0,,,,2.325,,,,,,,,,,,,""
17550704221,"Feb 27, 2026, 4:53:14 PM",Evening Run,Run,,3573,7.80,168.0,53,,,,activities/18648288653.fit.gz,,,3573.0,2951.0,7800.7,4.98,2.643,80.0,87.0,202.4,219.0,18.9,-0.1,,,95.0,81.0,168.0,141.0,,,465.0,,13.0,53.0,,,,,,,,,,,,,0.0,,1.0,7978.2,,,,,,,,,,,,,,,,,,,,,,,,,,,2.183,7139.7,,,,8184.0,0.0,,,,2.704,,,,,,,,,,,,""
17518301997,"Feb 25, 2026, 11:04:44 AM",Afternoon Trail Run,Run,"",5244,12.17,171.0,101,,,,activities/18615736365.fit.gz,,,5244.0,4698.0,12172.0,4.117,2.591,299.0,302.0,207.8,371.6,30.8,0.0,,,124.0,81.0,171.0,144.0,,,722.0,,22.0,101.0,,,,,,,,,,,,,0.0,,1.0,13124.4,,,,,,,,,,,,,,,,,,,,,,,,,,,2.321,10337.4,,,,12944.0,0.0,,,,2.794,,,0.0,0.0,,,,0.0,,,,""
17518296163,"Feb 24, 2026, 11:35:56 AM",Afternoon Trail Run,Run,,4073,8.00,154.0,42,,,,activities/18615730560.fit.gz,,,4073.0,3870.0,8000.7,3.58,2.067,375.0,379.0,210.8,438.2,49.4,0.0,,,120.0,72.0,154.0,133.0,,,501.0,,24.0,42.0,,,,,,,,,,,,,0.0,,1.0,9740.4,,,,,,,,,,,,,,,,,,,,,,,,,,,1.964,5760.7,,,,8738.0,0.0,,,,2.517,,,,,,,,,,,,""
17492790775,"Feb 23, 2026, 9:58:33 AM",Lunch Trail Run,Run,,3501,7.50,170.0,89,,,,activities/18590153411.fit.gz,,,3501.0,3248.0,7502.2,3.68,2.31,340.0,337.0,6.0,43.6,43.2,0.0,,,123.0,81.0,170.0,150.0,,,495.0,,20.0,89.0,,,,,,,,,,,,,0.0,,1.0,9387.9,,,,,,,,,,,,,,,,,,,,,,,,,,,2.143,7344.3,,,,8814.0,0.0,,,,2.89,,,,,,,,,,,,""
17488296442,"Feb 22, 2026, 9:23:12 AM",Lunch Trail Run,Run,,2898,5.29,154.0,33,,,,activities/18585630296.fit.gz,,,2898.0,2857.0,5293.7,4.8,1.853,267.0,266.0,205.2,439.2,48.7,0.0,,,113.0,68.0,154.0,134.0,,,336.0,,20.0,33.0,,,,,,,,,,,,,0.0,,1.0,6637.4,,,,,,,,,,,,,,,,,,,,,,,,,,,1.827,3190.8,,,,6296.0,0.0,,,,2.323,,,,,,,,,,,,""
17470941501,"Feb 21, 2026, 9:15:08 AM",Lunch Trail Run,Run,,8161,16.00,159.0,124,,,,activities/18568146915.fit.gz,,,8161.0,7982.0,16008.3,4.0,2.006,713.0,705.0,180.8,456.2,49.5,0.0,,,120.0,75.0,159.0,139.0,,,1016.0,,24.0,124.0,,,,,,,,,,,,,0.0,,1.0,19294.3,,,,,,,,,,,,,,,,,,,,,,,,,,,1.962,10956.1,,,,19350.0,0.0,,,,2.417,,,,,,,,,,,,""
17463353420,"Feb 20, 2026, 3:30:11 PM",Afternoon Run,Run,,4163,10.37,163.0,62,,,,activities/18560528868.fit.gz,,,4163.0,3774.0,10373.7,10.267,2.749,93.0,90.0,195.4,210.4,44.4,0.1,,,92.0,83.0,163.0,139.0,,,584.0,,17.0,62.0,,,,,,,,,,,,,0.0,,1.0,10603.0,,,,,,,,,,,,,,,,,,,,,,,,,,,2.492,9602.3,,,,10650.0,0.0,,,,2.757,,,,,,,,,,,,""
17443709582,"Feb 18, 2026, 1:51:24 PM",Afternoon Trail Run,Run,"",6481,16.03,171.0,160,,,,activities/18540820147.fit.gz,,,6481.0,6373.0,16035.6,4.8,2.516,401.0,407.0,205.0,385.4,28.6,0.0,,,98.0,82.0,171.0,149.0,,,948.0,,19.0,160.0,,,,,,,,,,,0.0,,0.0,,1.0,17277.9,,,,,,,,,,,,,,,,,,,,,,,,,,,2.474,12270.8,,,,17660.0,0.0,,,,2.711,,,0.0,0.0,,,,0.0,,,,""
17424486097,"Feb 17, 2026, 6:26:30 AM",Morning Run,Run,,3459,9.11,165.0,70,,,,activities/18521531782.fit.gz,,,3459.0,3084.0,9116.9,4.783,2.956,61.0,62.0,208.2,221.6,22.2,0.0,,,96.0,85.0,165.0,146.0,,,536.0,,17.0,70.0,,,,,,,,,,,,,0.0,,1.0,9220.1,,,,,,,,,,,,,,,,,,,,,,,,,,,2.636,8327.8,,,,8850.0,0.0,,,,2.99,,,,,,,,,,,,""
17392143632,"Feb 14, 2026, 8:34:24 AM",Morning Trail Run,Run,,4435,5.04,174.0,91,,,,activities/18488996151.fit.gz,,,4435.0,3874.0,5047.4,3.84,1.303,608.0,40.0,496.2,1070.0,50.0,11.2,,,87.0,67.0,174.0,148.0,,,568.0,,22.0,91.0,,,,,,,,,,,,,0.0,,1.0,8766.2,,,,,,,,,,,,,,,,,,,,,,,,,,,1.138,3945.5,,,,7464.0,0.0,,,,2.263,,,,,,,,,,,,""
17385466614,"Feb 13, 2026, 11:58:35 AM",Afternoon Run,Run,,4541,10.00,172.0,85,,,,activities/18482283207.fit.gz,,,4541.0,3708.0,10006.0,4.229,2.698,25.0,23.0,108.0,118.0,25.9,0.0,,,123.0,85.0,172.0,147.0,,,559.0,,21.0,85.0,,,,,,,,,,,,,0.0,,1.0,10053.1,,,,,,,,,,,,,,,,,,,,,,,,,,,2.203,0.0,,,,9830.0,0.0,,,,2.711,,,,,,,,,,,,""
17382764848,"Feb 12, 2026, 12:41:15 PM",Afternoon Weight Training,Weight Training,,1007,0,135.0,3,,,,activities/18479571162.fit.gz,,,1007.0,1007.0,0.0,0.0,0.0,0.0,0.0,0.0,0.0,0.0,0.0,,,,,135.0,116.0,,,99.0,,28.0,3.0,,,,,,,,,,,,,0.0,,1.0,,,,,,,,,,,,,,,,,,,,,,,,,,,,0.0,0.0,,,,,0.0,,,,,,12.0,,,,,,,,,,""
17382764908,"Feb 12, 2026, 11:48:28 AM",Afternoon Run,Run,,2238,6.05,160.0,52,,,,activities/18479571181.fit.gz,,,2238.0,2222.0,6050.5,3.84,2.723,52.0,45.0,105.8,127.8,10.1,0.1,,,90.0,85.0,160.0,146.0,,,347.0,,23.0,52.0,,,,,,,,,,,,,0.0,,1.0,6157.1,,,,,,,,,,,,,,,,,,,,,,,,,,,2.704,0.0,,,,6244.0,0.0,,,,2.771,,,,,,,,,,,,""
17351965693,"Feb 10, 2026, 12:56:01 PM",Afternoon Trail Run,Run,"",8681,15.83,164.0,135,,"",,activities/18448698781.fit.gz,,,8681.0,6921.0,15831.8,3.8,2.288,516.0,525.0,204.4,417.6,45.8,-0.1,,,115.0,78.0,164.0,144.0,,,1026.0,,21.0,135.0,,,,,,,,,,,,,0.0,,1.0,17985.8,,,,,,,,,,,,,,,,,,,,,,,,,,,1.824,12893.2,,,,17932.0,0.0,,,,2.599,,,0.0,0.0,,,,0.0,,,,""
17343301865,"Feb 9, 2026, 11:49:08 AM",Afternoon Trail Run,Run,,3171,8.11,188.0,89,,,,activities/18439996511.fit.gz,,,3171.0,2964.0,8116.5,4.15,2.738,155.0,156.0,204.4,226.2,14.5,0.0,,,114.0,83.0,188.0,152.0,,,476.0,,22.0,89.0,,,,,,,,,,,,,0.0,,1.0,8562.2,,,,,,,,,,,,,,,,,,,,,,,,,,,2.56,4729.5,,,,8190.0,0.0,,,,2.889,,,,,,,,,,,,""
17328813692,"Feb 8, 2026, 9:59:43 AM",Lunch Trail Run,Run,"",4289,5.09,154.0,59,,,,activities/18425371706.fit.gz,,,4289.0,3891.0,5090.7,2.65,1.308,618.0,37.0,495.0,1078.6,50.0,11.5,,,120.0,60.0,154.0,136.0,,,493.0,,22.0,59.0,,,,,,,,,,,0.0,,0.0,,1.0,8774.7,,,,,,,,,,,,,,,,,,,,,,,,,,,1.187,4816.3,,,,7754.0,0.0,,,,2.255,,,0.0,0.0,,,,0.0,,,,""
17328713225,"Feb 7, 2026, 6:03:45 PM",Evening Run,Run,,292,0.30,105.0,0,,,,activities/18425270069.fit.gz,,,292.0,292.0,306.3,1.31,1.049,24.0,0.0,185.6,211.4,12.0,8.4,,,78.0,45.0,105.0,99.0,,,21.0,,29.0,0.0,,,,,,,,,,,,,0.0,,1.0,415.5,,,,,,,,,,,,,,,,,,,,,,,,,,,1.049,0.0,,,,430.0,0.0,,,,1.423,,,,,,,,,,,,""
17317597137,"Feb 7, 2026, 11:08:34 AM",Afternoon Trail Run,Run,,5867,13.67,184.0,154,,,,activities/18414011581.fit.gz,,,5867.0,5648.0,13678.8,4.3,2.422,345.0,349.0,211.0,374.4,37.7,0.0,,,122.0,76.0,184.0,150.0,,,831.0,,25.0,154.0,,,,,,,,,,,,,0.0,,1.0,14982.2,,,,,,,,,,,,,,,,,,,,,,,,,,,2.331,12158.8,,,,14068.0,0.0,,,,2.653,,,,,,,,,,,,""
17317590047,"Feb 4, 2026, 3:43:52 PM",Afternoon Run,Run,,110,0.11,130.0,0,,,,activities/18414004291.fit.gz,,,110.0,78.0,110.8,4.86,1.421,7.0,0.0,216.4,225.0,37.0,7.8,,,61.0,56.0,130.0,121.0,,,12.0,,22.0,0.0,,,,,,,,,,,,,0.0,,1.0,161.0,,,,,,,,,,,,,,,,,,,,,,,,,,,1.007,0.0,,,,202.0,0.0,,,,2.064,,,,,,,,,,,,""
17317584006,"Feb 4, 2026, 3:13:24 PM",Afternoon Run,Run,,1790,3.08,157.0,25,,,,activities/18413998348.fit.gz,,,1790.0,1461.0,3083.2,4.5,2.11,21.0,34.0,206.8,221.0,17.6,-0.4,,,89.0,84.0,157.0,142.0,,,215.0,,20.0,25.0,,,,,,,,,,,,,0.0,,1.0,3129.3,,,,,,,,,,,,,,,,,,,,,,,,,,,1.722,2792.1,,,,5012.0,0.0,,,,2.142,,,,,,,,,,,,""
17271762591,"Feb 3, 2026, 9:59:46 AM",Lunch Trail Run,Run,,6188,15.00,154.0,114,,,,activities/18367840631.fit.gz,,,6188.0,6145.0,15001.7,3.86,2.441,388.0,388.0,217.8,439.4,29.6,0.0,,,124.0,81.0,154.0,142.0,,,859.0,,22.0,114.0,,,,,,,,,,,,,0.0,,1.0,16069.4,,,,,,,,,,,,,,,,,,,,,,,,,,,2.424,12762.6,,,,16594.0,0.0,,,,2.615,,,,,,,,,,,,""
17271762394,"Feb 2, 2026, 11:33:22 AM",Afternoon Run,Run,,3209,8.01,169.0,50,,,,activities/18367840453.fit.gz,,,3209.0,2843.0,8009.2,5.525,2.817,15.0,18.0,112.8,116.8,11.0,0.0,,,120.0,83.0,169.0,142.0,,,459.0,,23.0,50.0,,,,,,,,,,,,,0.0,,1.0,8035.3,,,,,,,,,,,,,,,,,,,,,,,,,,,2.496,0.0,,,,7670.0,0.0,,,,2.826,,,,,,,,,,,,""
17252224422,"Feb 1, 2026, 10:01:11 AM",Lunch Trail Run,Run,,3551,6.38,156.0,46,,,,activities/18348134499.fit.gz,,,3551.0,3274.0,6379.9,5.1,1.949,352.0,352.0,169.8,456.2,40.0,0.0,,,121.0,74.0,156.0,138.0,,,433.0,,23.0,46.0,,,,,,,,,,,,,0.0,,1.0,8167.8,,,,,,,,,,,,,,,,,,,,,,,,,,,1.797,3133.0,,,,8332.0,0.0,,,,2.495,,,,,,,,,,,,""
17238171177,"Jan 31, 2026, 10:49:07 AM",Lunch Trail Run,Run,,7949,17.00,156.0,119,,,,activities/18333906035.fit.gz,,,7949.0,6731.0,17005.4,3.867,2.526,414.0,420.0,202.0,412.8,44.1,0.0,,,123.0,82.0,156.0,142.0,,,989.0,,23.0,119.0,,,,,,,,,,,,,0.0,,1.0,18220.9,,,,,,,,,,,,,,,,,,,,,,,,,,,2.139,15680.8,,,,18620.0,0.0,,,,2.707,,,,,,,,,,,,""
17229703730,"Jan 30, 2026, 3:25:15 PM",Afternoon Run,Run,,2667,7.05,158.0,55,,,,activities/18325362201.fit.gz,,,2667.0,2515.0,7049.5,5.375,2.803,59.0,55.0,197.0,216.8,21.6,0.0,,,117.0,84.0,158.0,145.0,,,401.0,,21.0,55.0,,,,,,,,,,,,,0.0,,1.0,7164.7,,,,,,,,,,,,,,,,,,,,,,,,,,,2.643,6247.5,,,,6982.0,0.0,,,,2.849,,,,,,,,,,,,""
17229703457,"Jan 29, 2026, 5:07:04 PM",Evening Run,Run,,1948,5.20,176.0,60,,,,activities/18325362114.fit.gz,,,1948.0,1943.0,5203.6,4.033,2.678,116.0,114.0,140.2,209.0,47.5,0.0,,,89.0,81.0,176.0,154.0,,,313.0,,21.0,60.0,,,,,,,,,,,,,0.0,,1.0,5673.7,,,,,,,,,,,,,,,,,,,,,,,,,,,2.671,0.0,,,,5194.0,0.0,,,,2.92,,,,,,,,,,,,""
17207086892,"Jan 28, 2026, 2:12:30 PM",Afternoon Trail Run,Run,,5944,13.44,165.0,103,,,,activities/18302629845.fit.gz,,,5944.0,5677.0,13448.7,4.12,2.369,453.0,455.0,207.2,452.4,46.3,0.0,,,121.0,78.0,165.0,142.0,,,775.0,,20.0,103.0,,,,,,,,,,,,,0.0,,1.0,15116.6,,,,,,,,,,,,,,,,,,,,,,,,,,,2.263,10297.0,,,,14228.0,0.0,,,,2.663,,,,,,,,,,,,""
17207081074,"Jan 26, 2026, 12:11:10 PM",Afternoon Weight Training,Weight Training,,687,0,141.0,2,,,,activities/18302624038.fit.gz,,,687.0,687.0,0.0,0.0,0.0,0.0,0.0,0.0,0.0,0.0,0.0,,,,,141.0,118.0,,,72.0,,26.0,2.0,,,,,,,,,,,,,0.0,,1.0,,,,,,,,,,,,,,,,,,,,,,,,,,,,0.0,0.0,,,,,0.0,,,,,,30.0,,,,,,,,,,""
17207081075,"Jan 26, 2026, 11:35:47 AM",Afternoon Run,Run,,2017,7.29,168.0,58,,,,activities/18302624046.fit.gz,,,2017.0,2017.0,7290.2,4.33,3.614,0.0,0.0,0.0,0.0,0.0,0.0,,,123.0,83.0,168.0,152.0,,,320.0,,24.0,58.0,,,,,,,,,,,,,0.0,,1.0,7288.5,,,,,,,,,,,,,,,,,,,,,,,,,,,3.614,0.0,,,,5544.0,0.0,,,,,,,,,,,,,,,,""
17172493857,"Jan 25, 2026, 12:17:10 PM",Afternoon Trail Run,Run,,4464,9.80,168.0,100,,,,activities/18267778191.fit.gz,,,4464.0,3959.0,9804.4,3.971,2.476,278.0,282.0,206.2,433.8,48.9,0.0,,,120.0,76.0,168.0,149.0,,,585.0,,20.0,100.0,,,,,,,,,,,,,0.0,,1.0,10989.6,,,,,,,,,,,,,,,,,,,,,,,,,,,2.196,3030.5,,,,9776.0,0.0,,,,2.776,,,,,,,,,,,,""
17172486758,"Jan 24, 2026, 5:03:34 PM",Evening Weight Training,Weight Training,,2321,0,144.0,7,,,,activities/18267771158.fit.gz,,,2321.0,2321.0,0.0,0.0,0.0,0.0,0.0,0.0,0.0,0.0,0.0,,,,,144.0,108.0,,,176.0,,27.0,7.0,,,,,,,,,,,,,0.0,,1.0,,,,,,,,,,,,,,,,,,,,,,,,,,,,0.0,0.0,,,,,0.0,,,,,,38.0,,,,,,,,,,""
17172486831,"Jan 24, 2026, 8:19:59 AM",Morning Trail Run,Run,,3776,7.16,161.0,55,,,,activities/18267771195.fit.gz,,,3776.0,3664.0,7160.7,3.3,1.954,289.0,292.0,178.8,437.8,48.7,-0.1,,,124.0,72.0,161.0,140.0,,,490.0,,23.0,55.0,,,,,,,,,,,,,0.0,,1.0,8529.3,,,,,,,,,,,,,,,,,,,,,,,,,,,1.896,5732.5,,,,8446.0,0.0,,,,2.328,,,,,,,,,,,,""
17149199932,"Jan 23, 2026, 11:54:51 AM",Afternoon Run,Run,,1736,5.01,153.0,18,,,,activities/18244278708.fit.gz,,,1736.0,1736.0,5014.0,3.6,2.888,3.0,4.0,111.6,117.0,6.3,0.0,,,90.0,86.0,153.0,131.0,,,280.0,,21.0,18.0,,,,,,,,,,,,,0.0,,1.0,5011.7,,,,,,,,,,,,,,,,,,,,,,,,,,,2.888,0.0,,,,4964.0,0.0,,,,2.887,,,,,,,,,,,,""
17149200135,"Jan 22, 2026, 5:43:41 PM",Evening Run,Run,,2268,7.00,169.0,42,,,,activities/18244278863.fit.gz,,,2268.0,2268.0,7007.5,4.29,3.09,0.0,0.0,0.0,0.0,0.0,0.0,,,89.0,78.0,169.0,140.0,,,304.0,,24.0,42.0,,,,,,,,,,,,,0.0,,1.0,7005.8,,,,,,,,,,,,,,,,,,,,,,,,,,,3.09,0.0,,,,5836.0,0.0,,,,,,,,,,,,,,,,""
17149199908,"Jan 21, 2026, 10:31:18 AM",Lunch Weight Training,Weight Training,,5157,0,146.0,21,,,,activities/18244278602.fit.gz,,,5157.0,5157.0,0.0,0.0,0.0,0.0,0.0,0.0,0.0,0.0,0.0,,,,,146.0,117.0,,,416.0,,23.0,21.0,,,,,,,,,,,,,0.0,,1.0,,,,,,,,,,,,,,,,,,,,,,,,,,,,0.0,0.0,,,,,0.0,,,,,,20.0,,,,,,,,,,""
17149194422,"Jan 20, 2026, 6:21:42 PM",Evening Weight Training,Weight Training,,1546,0,146.0,5,,,,activities/18244273203.fit.gz,,,1546.0,1546.0,0.0,0.0,0.0,0.0,0.0,0.0,0.0,0.0,0.0,,,,,146.0,108.0,,,121.0,,26.0,5.0,,,,,,,,,,,,,0.0,,1.0,,,,,,,,,,,,,,,,,,,,,,,,,,,,0.0,0.0,,,,,0.0,,,,,,14.0,,,,,,,,,,""
17149194418,"Jan 20, 2026, 5:49:13 PM",Evening Run,Run,,1809,5.45,169.0,32,,,,activities/18244273185.fit.gz,,,1809.0,1809.0,5451.8,4.26,3.014,0.0,0.0,0.0,0.0,0.0,0.0,,,89.0,80.0,169.0,138.0,,,243.0,,23.0,32.0,,,,,,,,,,,,,0.0,,1.0,5451.8,,,,,,,,,,,,,,,,,,,,,,,,,,,3.014,0.0,,,,4774.0,0.0,,,,,,,,,,,,,,,,""
17092521558,"Jan 18, 2026, 9:13:30 AM",Lunch Trail Run,Run,,11596,11.00,159.0,28,,,,activities/18187172370.fit.gz,,,11596.0,7149.0,11002.8,6.51,1.539,669.0,676.0,627.6,1086.4,49.2,0.0,,,124.0,61.0,159.0,113.0,,,865.0,,13.0,28.0,,,,,,,,,,,,,0.0,,1.0,15041.5,,,,,,,,,,,,,,,,,,,,,,,,,,,0.949,10082.9,,,,14842.0,0.0,,,,2.104,,,,,,,,,,,,""
17070901840,"Jan 16, 2026, 2:28:32 PM",Afternoon Run,Run,"",4727,10.35,161.0,59,,,,activities/18165286173.fit.gz,,,4727.0,3763.0,10353.7,4.76,2.751,32.0,29.0,1.4,34.8,10.3,0.0,,,113.0,84.0,161.0,139.0,,,608.0,,19.0,59.0,,,,,,,,,,,,,0.0,,1.0,10397.9,,,,,,,,,,,,,,,,,,,,,,,,,,,2.19,4091.9,,,,10818.0,0.0,,,,2.763,,,0.0,0.0,,,,,,,,""
17070084851,"Jan 12, 2026, 11:35:25 AM",Afternoon Weight Training,Weight Training,,1860,0,149.0,9,,,,activities/18164456685.fit.gz,,,1860.0,1860.0,0.0,0.0,0.0,0.0,0.0,0.0,0.0,0.0,0.0,,,,,149.0,122.0,,,197.0,,25.0,9.0,,,,,,,,,,,,,0.0,,1.0,,,,,,,,,,,,,,,,,,,,,,,,,,,,0.0,0.0,,,,,0.0,,,,,,10.0,,,,,,,,,,""
17070084849,"Jan 12, 2026, 11:03:06 AM",Afternoon Run,Run,,1874,6.75,156.0,29,,,,activities/18164456717.fit.gz,,,1874.0,1874.0,6755.0,4.43,3.605,0.0,0.0,0.0,0.0,0.0,0.0,,,124.0,84.0,156.0,136.0,,,256.0,,22.0,29.0,,,,,,,,,,,,,0.0,,1.0,6755.0,,,,,,,,,,,,,,,,,,,,,,,,,,,3.605,0.0,,,,5142.0,0.0,,,,,,,,,,,,,,,,""
17010381126,"Jan 11, 2026, 9:03:51 AM",Lunch Trail Run,Run,"",5334,9.00,168.0,60,,,,activities/18104293762.fit.gz,,,5334.0,5143.0,9007.0,3.543,1.751,531.0,542.0,201.2,438.8,50.0,0.0,,,124.0,68.0,168.0,134.0,,,583.0,,20.0,60.0,,,,,,,,,,,0.0,,0.0,,1.0,12037.0,,,,,,,,,,,,,,,,,,,,,,,,,,,1.689,5508.2,,,,8800.0,0.0,,,,2.34,,,0.0,0.0,,,,,,,,""
17000387731,"Jan 10, 2026, 10:54:06 AM",Lunch Trail Run,Run,,6143,13.75,167.0,164,,,,activities/18094164983.fit.gz,,,6143.0,6060.0,13758.1,3.386,2.27,416.0,413.0,204.6,368.8,47.7,0.0,,,86.0,77.0,167.0,151.0,,,881.0,,26.0,164.0,,,,,,,,,,,,,0.0,,1.0,15275.5,,,,,,,,,,,,,,,,,,,,,,,,,,,2.24,11395.1,,,,15610.0,0.0,,,,2.521,,,,,,,,,,,,""
17000379758,"Jan 9, 2026, 7:16:04 AM",Morning Weight Training,Weight Training,,817,0,158.0,11,,,,activities/18094156882.fit.gz,,,817.0,817.0,0.0,0.0,0.0,0.0,0.0,0.0,0.0,0.0,0.0,,,,,158.0,136.0,,,108.0,,19.0,11.0,,,,,,,,,,,,,0.0,,1.0,,,,,,,,,,,,,,,,,,,,,,,,,,,,0.0,0.0,,,,,0.0,,,,,,18.0,,,,,,,,,,""
17000375543,"Jan 9, 2026, 6:53:59 AM",Morning Run,Run,,1139,3.16,157.0,20,,,,activities/18094152408.fit.gz,,,1139.0,1139.0,3165.2,3.94,2.779,38.0,35.0,209.0,227.0,15.0,0.0,,,89.0,84.0,157.0,141.0,,,178.0,,16.0,20.0,,,,,,,,,,,,,0.0,,1.0,3258.3,,,,,,,,,,,,,,,,,,,,,,,,,,,2.779,2215.2,,,,3180.0,0.0,,,,2.861,,,,,,,,,,,,""
16986767486,"Jan 7, 2026, 2:06:46 PM",Afternoon Trail Run,Run,,4287,10.19,153.0,53,,,,activities/18080368672.fit.gz,,,4287.0,4193.0,10197.0,3.5,2.432,252.0,258.0,207.0,370.2,32.1,-0.1,,,86.0,81.0,153.0,137.0,,,596.0,,21.0,53.0,,,,,,,,,,,,,0.0,,1.0,10849.6,,,,,,,,,,,,,,,,,,,,,,,,,,,2.379,9369.2,,,,11416.0,0.0,,,,2.588,,,,,,,,,,,,""
16955544643,"Jan 6, 2026, 10:37:15 AM",Lunch Trail Run,Run,,5624,8.00,161.0,79,,,,activities/18048908306.fit.gz,,,5624.0,5070.0,8003.2,3.64,1.579,624.0,626.0,492.4,1072.8,49.6,0.0,,,123.0,70.0,161.0,140.0,,,646.0,,20.0,79.0,,,,,,,,,,,,,0.0,,1.0,12179.9,,,,,,,,,,,,,,,,,,,,,,,,,,,1.423,6243.2,,,,11440.0,0.0,,,,2.402,,,,,,,,,,,,""
16955537664,"Jan 5, 2026, 9:14:30 AM",Lunch Run,Run,,2612,7.06,166.0,73,,,,activities/18048901329.fit.gz,,,2612.0,2612.0,7066.6,4.8,2.705,98.0,91.0,196.0,213.6,23.4,0.1,,,90.0,84.0,166.0,151.0,,,414.0,,21.0,73.0,,,,,,,,,,,,,0.0,,1.0,7284.8,,,,,,,,,,,,,,,,,,,,,,,,,,,2.705,6390.3,,,,7318.0,0.0,,,,2.789,,,,,,,,,,,,""
16902834279,"Jan 1, 2026, 9:28:37 AM",Lunch Run,Run,,1959,6.01,161.0,54,,,,activities/17995561415.fit.gz,,,1959.0,1959.0,6009.2,3.689,3.067,2.0,1.0,208.6,211.0,1.2,0.0,,,88.0,85.0,161.0,151.0,,,335.0,,16.0,54.0,,,,,,,,,,,,,0.0,,1.0,6014.2,,,,,,,,,,,,,,,,,,,,,,,,,,,3.067,0.0,,,,5554.0,0.0,,,,3.07,,,,,,,,,,,,""
16902833526,"Dec 29, 2025, 1:33:16 PM",Afternoon Trail Run,Run,,2749,1.58,116.0,2,,,,activities/17995560724.fit.gz,,,2749.0,1292.0,1583.1,3.05,1.225,110.0,119.0,583.2,690.2,48.2,-0.3,,,123.0,56.0,116.0,86.0,,,134.0,,28.0,2.0,,,,,,,,,,,,,0.0,,1.0,2372.5,,,,,,,,,,,,,,,,,,,,,,,,,,,0.576,0.0,,,,3004.0,0.0,,,,1.836,,,,,,,,,,,,""
16865762189,"Dec 28, 2025, 9:51:55 AM",Lunch Trail Run,Run,,3494,7.19,180.0,89,,,,activities/17957880694.fit.gz,,,3494.0,3320.0,7192.5,4.38,2.166,348.0,350.0,194.2,515.8,24.0,0.0,,,122.0,79.0,180.0,150.0,,,515.0,,20.0,89.0,,,,,,,,,,,,,0.0,,1.0,8670.7,,,,,,,,,,,,,,,,,,,,,,,,,,,2.059,0.0,,,,8704.0,0.0,,,,2.612,,,,,,,,,,,,""
16838267244,"Dec 25, 2025, 9:44:28 AM",Lunch Trail Run,Run,,4271,8.82,156.0,43,,,,activities/17929854663.fit.gz,,,4271.0,4194.0,8821.9,3.3,2.103,260.0,268.0,209.0,448.8,35.4,-0.1,,,120.0,80.0,156.0,133.0,,,509.0,,23.0,43.0,,,,,,,,,,,,,0.0,,1.0,9671.2,,,,,,,,,,,,,,,,,,,,,,,,,,,2.066,8115.1,,,,11060.0,0.0,,,,2.306,,,,,,,,,,,,""
16826447466,"Dec 24, 2025, 6:53:34 AM",Morning Trail Run,Run,,4333,8.80,171.0,109,,,,activities/17917819643.fit.gz,,,4333.0,4292.0,8801.6,3.68,2.051,405.0,402.0,206.8,365.2,50.0,0.0,,,119.0,74.0,171.0,149.0,,,618.0,,20.0,109.0,,,,,,,,,,,,,0.0,,1.0,10849.3,,,,,,,,,,,,,,,,,,,,,,,,,,,2.031,5022.1,,,,10316.0,0.0,,,,2.528,,,,,,,,,,,,""
16822322642,"Dec 23, 2025, 2:11:26 PM",Afternoon Trail Run,Run,,3216,7.46,189.0,124,,,,activities/17913641793.fit.gz,,,3216.0,3155.0,7464.5,5.32,2.366,330.0,351.0,201.8,434.8,48.5,-0.2,,,124.0,79.0,189.0,159.0,,,500.0,,18.0,124.0,,,,,,,,,,,,,0.0,,1.0,9077.9,,,,,,,,,,,,,,,,,,,,,,,,,,,2.321,5296.6,,,,8094.0,0.0,,,,2.877,,,,,,,,,,,,""
16822318840,"Dec 23, 2025, 6:58:40 AM",Morning Weight Training,Weight Training,,735,0,142.0,2,,,,activities/17913637989.fit.gz,,,735.0,735.0,0.0,0.0,0.0,0.0,0.0,0.0,0.0,0.0,0.0,,,,,142.0,113.0,,,69.0,,25.0,2.0,,,,,,,,,,,,,0.0,,1.0,,,,,,,,,,,,,,,,,,,,,,,,,,,,0.0,0.0,,,,,0.0,,,,,,128.0,,,,,,,,,,""
16822318498,"Dec 22, 2025, 4:10:12 PM",Evening Weight Training,Weight Training,,3090,0,148.0,11,,,,activities/17913637625.fit.gz,,,3090.0,3090.0,0.0,0.0,0.0,0.0,0.0,0.0,0.0,0.0,0.0,,,,,148.0,113.0,,,267.0,,26.0,11.0,,,,,,,,,,,,,0.0,,1.0,,,,,,,,,,,,,,,,,,,,,,,,,,,,0.0,0.0,,,,,0.0,,,,,,74.0,,,,,,,,,,""
16822314498,"Dec 22, 2025, 7:01:15 AM",Morning Trail Run,Run,,2157,6.01,162.0,57,,,,activities/17913633609.fit.gz,,,2157.0,2130.0,6012.4,4.24,2.823,62.0,57.0,201.0,218.0,17.0,0.1,,,87.0,83.0,162.0,150.0,,,338.0,,19.0,57.0,,,,,,,,,,,,,0.0,,1.0,6149.2,,,,,,,,,,,,,,,,,,,,,,,,,,,2.787,5157.8,,,,5912.0,0.0,,,,2.887,,,,,,,,,,,,""
16822313877,"Dec 21, 2025, 3:24:13 PM",Afternoon Weight Training,Weight Training,,1589,0,133.0,5,,,,activities/17913633068.fit.gz,,,1589.0,1589.0,0.0,0.0,0.0,0.0,0.0,0.0,0.0,0.0,0.0,,,,,133.0,113.0,,,142.0,,26.0,5.0,,,,,,,,,,,,,0.0,,1.0,,,,,,,,,,,,,,,,,,,,,,,,,,,,0.0,0.0,,,,,0.0,,,,,,20.0,,,,,,,,,,""
16800802175,"Dec 21, 2025, 9:53:03 AM",Lunch Trail Run,Run,,3325,2.72,164.0,38,,,,activities/17891885022.fit.gz,,,3325.0,2868.0,2719.0,1.938,0.948,592.0,12.0,491.4,1069.2,50.0,21.3,,,80.0,52.0,164.0,132.0,,,418.0,,19.0,38.0,,,,,,,,,,,,,0.0,,1.0,6591.2,,,,,,,,,,,,,,,,,,,,,,,,,,,0.818,1545.1,,,,2566.0,0.0,,,,2.298,,,,,,,,,,,,""
16799203753,"Dec 20, 2025, 8:02:31 AM",Morning Weight Training,Weight Training,,3134,0,154.0,20,,,,activities/17890253369.fit.gz,,,3134.0,3134.0,0.0,0.0,0.0,0.0,0.0,0.0,0.0,0.0,0.0,,,,,154.0,121.0,,,323.0,,23.0,20.0,,,,,,,,,,,,,0.0,,1.0,,,,,,,,,,,,,,,,,,,,,,,,,,,,0.0,0.0,,,,,0.0,,,,,,8.0,,,,,,,,,,""
16776687927,"Dec 18, 2025, 12:08:20 PM",Afternoon Trail Run,Run,,4217,9.35,176.0,93,,,,activities/17867400285.fit.gz,,,4217.0,4133.0,9353.5,3.74,2.263,370.0,380.0,231.6,450.0,42.7,-0.1,,,103.0,76.0,176.0,147.0,,,595.0,,22.0,93.0,,,,,,,,,,,,,0.0,,1.0,10849.4,,,,,,,,,,,,,,,,,,,,,,,,,,,2.218,6864.0,,,,10338.0,0.0,,,,2.625,,,,,,,,,,,,""
16776687962,"Dec 17, 2025, 11:32:57 AM",Afternoon Trail Run,Run,,2564,5.04,168.0,43,,,,activities/17867400305.fit.gz,,,2564.0,2557.0,5040.5,3.52,1.971,287.0,295.0,233.6,367.0,47.1,-0.1,,,117.0,69.0,168.0,142.0,,,340.0,,24.0,43.0,,,,,,,,,,,,,0.0,,1.0,6768.6,,,,,,,,,,,,,,,,,,,,,,,,,,,1.966,3501.4,,,,5742.0,0.0,,,,2.647,,,,,,,,,,,,""
16776683936,"Dec 16, 2025, 9:14:57 AM",Lunch Weight Training,Weight Training,,1334,0,140.0,4,,,,activities/17867396196.fit.gz,,,1334.0,1334.0,0.0,0.0,0.0,0.0,0.0,0.0,0.0,0.0,0.0,,,,,140.0,109.0,,,117.0,,26.0,4.0,,,,,,,,,,,,,0.0,,1.0,,,,,,,,,,,,,,,,,,,,,,,,,,,,0.0,0.0,,,,,0.0,,,,,,14.0,,,,,,,,,,""
16755847934,"Dec 16, 2025, 8:12:49 AM",Morning Run,Run,,2356,6.01,154.0,39,,,,activities/17846339617.fit.gz,,,2356.0,2278.0,6014.6,3.96,2.64,42.0,49.0,208.0,223.4,34.9,-0.1,,,121.0,82.0,154.0,140.0,,,340.0,,19.0,39.0,,,,,,,,,,,,,0.0,,1.0,6112.2,,,,,,,,,,,,,,,,,,,,,,,,,,,2.553,5455.8,,,,6192.0,0.0,,,,2.683,,,,,,,,,,,,""
16755847886,"Dec 13, 2025, 4:32:12 PM",Evening Weight Training,Weight Training,,4202,0,160.0,17,,,,activities/17846339588.fit.gz,,,4202.0,4202.0,0.0,0.0,0.0,0.0,0.0,0.0,0.0,0.0,0.0,,,,,160.0,114.0,,,351.0,,26.0,17.0,,,,,,,,,,,,,0.0,,1.0,,,,,,,,,,,,,,,,,,,,,,,,,,,,0.0,0.0,,,,,0.0,,,,,,42.0,,,,,,,,,,""
16755847912,"Dec 10, 2025, 4:05:41 PM",Evening Weight Training,Weight Training,,2480,0,126.0,6,,,,activities/17846339567.fit.gz,,,2480.0,2480.0,0.0,0.0,0.0,0.0,0.0,0.0,0.0,0.0,0.0,,,,,126.0,98.0,,,155.0,,23.0,6.0,,,,,,,,,,,,,0.0,,1.0,,,,,,,,,,,,,,,,,,,,,,,,,,,,0.0,0.0,,,,,0.0,,,,,,14.0,,,,,,,,,,""
16678467223,"Dec 7, 2025, 7:46:09 AM",Morning Trail Run,Run,,16278,20.94,182.0,410,,,,activities/17767952388.fit.gz,,,16278.0,13848.0,20943.6,4.5,1.512,1804.0,1161.0,366.8,1761.0,49.6,3.1,,,124.0,64.0,182.0,152.0,,,1740.0,,18.0,410.0,,,,,,,,,,,,,0.0,,1.0,32128.8,,,,,,,,,,,,,,,,,,,,,,,,,,,1.287,4886.5,,,,30328.0,0.0,,,,2.32,,,,,,,,,,,,""
16678456106,"Dec 7, 2025, 7:18:47 AM",Morning Trail Run,Run,,489,1.01,148.0,4,,,,activities/17767941325.fit.gz,,,489.0,489.0,1009.2,2.733,2.064,20.0,25.0,682.4,694.4,17.9,-0.2,,,85.0,81.0,148.0,128.0,,,59.0,,20.0,4.0,,,,,,,,,,,,,0.0,,1.0,1074.3,,,,,,,,,,,,,,,,,,,,,,,,,,,2.064,0.0,,,,1318.0,0.0,,,,2.197,,,,,,,,,,,,""
16678456142,"Dec 5, 2025, 5:10:33 PM",Evening Ride,Ride,,1868,0,144.0,8,,,,activities/17767941172.fit.gz,,9.0,1868.0,1868.0,0.0,0.0,0.0,0.0,0.0,0.0,0.0,0.0,0.0,,,,,144.0,112.0,,,167.0,,26.0,8.0,,,,,,,,,,,,,0.0,,1.0,,,,,,,,,,,,,,,,,,,,,,,,,,,,0.0,0.0,,,,,0.0,,,,,,,,,,,,,,,,""
16647675642,"Dec 4, 2025, 11:48:52 AM",Afternoon Trail Run,Run,,2051,4.99,162.0,37,,,,activities/17736638090.fit.gz,,,2051.0,2051.0,4997.7,4.08,2.437,200.0,202.0,208.8,372.8,47.2,0.0,,,85.0,79.0,162.0,143.0,,,298.0,,22.0,37.0,,,,,,,,,,,,,0.0,,1.0,5840.3,,,,,,,,,,,,,,,,,,,,,,,,,,,2.437,3821.0,,,,5310.0,0.0,,,,2.848,,,,,,,,,,,,""
16647671193,"Dec 3, 2025, 11:38:51 AM",Afternoon Run,Run,,1695,4.41,152.0,30,,,,activities/17736633551.fit.gz,,,1695.0,1695.0,4411.8,3.886,2.603,35.0,26.0,210.4,223.0,19.8,0.2,,,84.0,81.0,152.0,141.0,,,250.0,,21.0,30.0,,,,,,,,,,,,,0.0,,1.0,4497.8,,,,,,,,,,,,,,,,,,,,,,,,,,,2.603,3658.0,,,,4572.0,0.0,,,,2.654,,,,,,,,,,,,""
16609782784,"Nov 30, 2025, 7:04:39 AM",Dirfys 32 km,Run,"",13944,31.48,175.0,436,,,,activities/17698190859.fit.gz,,,13944.0,13860.0,31483.4,5.0,2.272,1677.0,1674.0,413.6,1164.6,50.0,0.0,,,117.0,76.0,175.0,155.0,,,2002.0,,14.0,436.0,,,,,,,,,,,,,0.0,,1.0,40515.3,,,,,,,,,,,,,,,,,,,,,,,,,,,2.258,16175.6,,,,35180.0,0.0,,,,2.923,,,0.0,,,,,,,,,""
16609769735,"Nov 30, 2025, 6:38:06 AM",Morning Trail Run,Run,,1162,2.28,156.0,12,,,,activities/17698178053.fit.gz,,,1162.0,832.0,2288.7,3.657,2.751,12.0,83.0,418.2,494.6,19.9,-3.1,,,112.0,82.0,156.0,138.0,,,145.0,,16.0,12.0,,,,,,,,,,,,,0.0,,1.0,2230.7,,,,,,,,,,,,,,,,,,,,,,,,,,,1.97,0.0,,,,2392.0,0.0,,,,2.681,,,,,,,,,,,,""
16609763351,"Nov 29, 2025, 9:14:18 AM",Lunch Run,Run,,943,2.11,147.0,8,,,,activities/17698171507.fit.gz,,,943.0,940.0,2110.7,3.867,2.245,34.0,27.0,202.4,223.2,24.8,0.3,,,84.0,81.0,147.0,133.0,,,120.0,,22.0,8.0,,,,,,,,,,,,,0.0,,1.0,2227.7,,,,,,,,,,,,,,,,,,,,,,,,,,,2.238,1608.1,,,,2542.0,0.0,,,,2.37,,,,,,,,,,,,""
16609763401,"Nov 28, 2025, 3:11:07 PM",Afternoon Trail Run,Run,,2832,6.17,151.0,25,,,,activities/17698171443.fit.gz,,,2832.0,2311.0,6175.5,6.133,2.672,36.0,45.0,205.0,228.2,18.8,-0.1,,,113.0,82.0,151.0,134.0,,,314.0,,20.0,25.0,,,,,,,,,,,,,0.0,,1.0,6230.2,,,,,,,,,,,,,,,,,,,,,,,,,,,2.181,5993.0,,,,6402.0,0.0,,,,2.696,,,,,,,,,,,,""
16609763374,"Nov 27, 2025, 11:17:20 AM",Afternoon Trail Run,Run,,2260,5.69,151.0,29,,,,activities/17698171430.fit.gz,,,2260.0,2252.0,5696.6,4.02,2.53,157.0,160.0,207.2,362.8,24.8,0.0,,,84.0,81.0,151.0,137.0,,,323.0,,24.0,29.0,,,,,,,,,,,,,0.0,,1.0,6139.3,,,,,,,,,,,,,,,,,,,,,,,,,,,2.521,4809.1,,,,6072.0,0.0,,,,2.726,,,,,,,,,,,,""
16578704182,"Nov 26, 2025, 11:28:44 AM",Afternoon Trail Run,Run,,2848,6.48,164.0,43,,,,activities/17666510147.fit.gz,,,2848.0,2781.0,6485.9,3.72,2.332,247.0,251.0,211.0,441.2,48.1,-0.1,,,115.0,77.0,164.0,141.0,,,397.0,,24.0,43.0,,,,,,,,,,,,,0.0,,1.0,7636.3,,,,,,,,,,,,,,,,,,,,,,,,,,,2.277,4918.3,,,,7050.0,0.0,,,,2.746,,,,,,,,,,,,""
16568798704,"Nov 25, 2025, 11:01:52 AM",Afternoon Run,Run,,3813,10.01,179.0,59,,,,activities/17656418679.fit.gz,,,3813.0,3428.0,10016.7,4.95,2.922,18.0,15.0,113.0,119.8,30.1,0.0,,,117.0,82.0,179.0,141.0,,,566.0,,26.0,59.0,,,,,,,,,,,,,0.0,,1.0,10066.3,,,,,,,,,,,,,,,,,,,,,,,,,,,2.627,0.0,,,,9434.0,0.0,,,,2.936,,,,,,,,,,,,""
16542701050,"Nov 23, 2025, 9:46:18 AM",Lunch Trail Run,Run,"",5640,14.01,191.0,210,,,,activities/17629962497.fit.gz,,,5640.0,5231.0,14011.6,4.36,2.679,448.0,328.0,89.4,454.6,27.2,0.9,,,91.0,83.0,191.0,160.0,,,873.0,,23.0,210.0,,,,,,,,,,,,,0.0,,1.0,15327.9,,,,,,,,,,,,,,,,,,,,,,,,,,,2.484,9190.9,,,,14568.0,0.0,,,,2.93,,,0.0,0.0,,,,0.0,,,,""
16531245104,"Nov 22, 2025, 8:47:14 AM",Morning Trail Run,Run,,4255,6.64,167.0,110,,,,activities/17618336083.fit.gz,,,4255.0,4059.0,6643.5,3.757,1.637,668.0,83.0,491.8,1077.0,50.0,8.8,,,124.0,70.0,167.0,152.0,,,653.0,,20.0,110.0,,,,,,,,,,,,,0.0,,1.0,10554.2,,,,,,,,,,,,,,,,,,,,,,,,,,,1.561,3790.5,,,,8096.0,0.0,,,,2.6,,,,,,,,,,,,""
16522553982,"Nov 21, 2025, 6:31:42 AM",Morning Run,Run,"",2781,6.62,160.0,49,,,,activities/17609525480.fit.gz,,,2781.0,2696.0,6624.5,4.66,2.457,136.0,137.0,178.2,213.6,30.0,0.0,,,121.0,82.0,160.0,142.0,,,392.0,,24.0,49.0,,,,,,,,,,,,,0.0,,1.0,6998.4,,,,,,,,,,,,,,,,,,,,,,,,,,,2.382,5274.6,,,,7292.0,0.0,,,,2.596,,,0.0,,,,,,,,,""
16508134580,"Nov 19, 2025, 2:06:43 PM",Afternoon Trail Run,Run,"",5498,11.00,166.0,69,,,,activities/17594949257.fit.gz,,,5498.0,5137.0,11000.2,5.74,2.141,428.0,436.0,235.4,453.6,48.7,-0.1,,,122.0,74.0,166.0,137.0,,,705.0,,22.0,69.0,,,,,,,,,,,,,0.0,,1.0,13433.1,,,,,,,,,,,,,,,,,,,,,,,,,,,2.001,7046.8,,,,12458.0,0.0,,,,2.615,,,0.0,,,,,,,,,""
16498031651,"Nov 18, 2025, 11:33:52 AM",Afternoon Trail Run,Run,,4168,11.15,161.0,69,,,,activities/17584776618.fit.gz,,,4168.0,4130.0,11153.0,3.771,2.7,230.0,241.0,207.8,383.4,34.3,-0.1,,,88.0,82.0,161.0,140.0,,,627.0,,25.0,69.0,,,,,,,,,,,,,0.0,,1.0,11755.3,,,,,,,,,,,,,,,,,,,,,,,,,,,2.676,10105.5,,,,11268.0,0.0,,,,2.846,,,,,,,,,,,,""
16484190078,"Nov 17, 2025, 6:46:37 AM",Morning Run,Run,,1776,4.20,150.0,15,,,,activities/17570868263.fit.gz,,,1776.0,1743.0,4201.3,4.722,2.41,28.0,35.0,207.6,219.2,34.1,-0.2,,,86.0,83.0,150.0,134.0,,,224.0,,22.0,15.0,,,,,,,,,,,,,0.0,,1.0,4264.6,,,,,,,,,,,,,,,,,,,,,,,,,,,2.366,3470.9,,,,4914.0,0.0,,,,2.447,,,,,,,,,,,,""
16475276048,"Nov 16, 2025, 9:50:43 AM",Lunch Trail Run,Run,,5843,16.01,160.0,82,,,,activities/17561861673.fit.gz,,,5843.0,5782.0,16011.7,3.714,2.769,187.0,193.0,5.8,60.8,23.9,0.0,,,89.0,84.0,160.0,139.0,,,888.0,,25.0,82.0,,,,,,,,,,,,,0.0,,1.0,16566.4,,,,,,,,,,,,,,,,,,,,,,,,,,,2.74,15335.1,,,,16026.0,0.0,,,,2.865,,,,,,,,,,,,""
16463010256,"Nov 15, 2025, 8:16:07 AM",Morning Trail Run,Run,,5832,12.21,193.0,130,,,,activities/17549445229.fit.gz,,,5832.0,5733.0,12218.7,4.9,2.131,659.0,656.0,207.2,441.0,50.0,0.0,,,120.0,69.0,193.0,146.0,,,768.0,,25.0,130.0,,,,,,,,,,,,,0.0,,1.0,15451.2,,,,,,,,,,,,,,,,,,,,,,,,,,,2.095,8265.2,,,,12580.0,0.0,,,,2.695,,,,,,,,,,,,""
16457322111,"Nov 14, 2025, 4:12:13 PM",Evening Run,Run,"",3580,10.12,170.0,60,,,,activities/17543696143.fit.gz,,,3580.0,3513.0,10128.3,5.14,2.883,180.0,182.0,195.4,216.0,27.5,0.0,,,91.0,84.0,170.0,142.0,,,575.0,,19.0,60.0,,,,,,,,,,,,,0.0,,1.0,10557.7,,,,,,,,,,,,,,,,,,,,,,,,,,,2.829,9306.0,,,,9880.0,0.0,,,,3.005,,,0.0,,,,,,,,,""
16426440277,"Nov 11, 2025, 8:02:54 AM",Morning Trail Run,Run,,7542,12.20,182.0,157,,,,activities/17512630284.fit.gz,,,7542.0,7211.0,12202.4,3.44,1.692,798.0,799.0,490.8,1166.8,49.6,0.0,,,123.0,69.0,182.0,146.0,,,924.0,,22.0,157.0,,,,,,,,,,,,,0.0,,1.0,17433.5,,,,,,,,,,,,,,,,,,,,,,,,,,,1.618,6997.9,,,,16552.0,0.0,,,,2.418,,,,,,,,,,,,""
16417429402,"Nov 10, 2025, 5:56:29 PM",Evening Run,Run,,4061,9.72,177.0,65,,,,activities/17503557946.fit.gz,,,4061.0,3565.0,9719.4,4.583,2.726,7.0,0.0,111.4,120.2,7.2,0.1,,,118.0,84.0,177.0,143.0,,,543.0,,19.0,65.0,,,,,,,,,,,,,0.0,,1.0,9747.5,,,,,,,,,,,,,,,,,,,,,,,,,,,2.393,0.0,,,,8948.0,0.0,,,,2.734,,,,,,,,,,,,""
16402935531,"Nov 9, 2025, 7:23:06 AM",Morning Trail Run,Run,,3020,4.85,156.0,39,,,,activities/17488941589.fit.gz,,,3020.0,2949.0,4854.3,3.62,1.646,411.0,406.0,198.8,453.0,45.9,0.1,,,113.0,70.0,156.0,136.0,,,353.0,,26.0,39.0,,,,,,,,,,,,,0.0,,1.0,7568.7,,,,,,,,,,,,,,,,,,,,,,,,,,,1.607,941.8,,,,6808.0,0.0,,,,2.567,,,,,,,,,,,,""
16395287282,"Nov 8, 2025, 7:52:24 AM",Morning Trail Run,Run,,6997,16.30,171.0,155,,,,activities/17481195975.fit.gz,,,6997.0,6792.0,16299.6,5.88,2.4,526.0,515.0,202.0,438.8,50.0,0.1,,,106.0,77.0,171.0,146.0,,,951.0,,23.0,155.0,,,,,,,,,,,,,0.0,,1.0,18772.7,,,,,,,,,,,,,,,,,,,,,,,,,,,2.33,12223.6,,,,16900.0,0.0,,,,2.764,,,,,,,,,,,,""
16381576896,"Nov 7, 2025, 7:11:36 AM",Morning Trail Run,Run,"",6116,15.08,186.0,211,,,,activities/17467352579.fit.gz,,,6116.0,6033.0,15079.1,3.962,2.499,661.0,75.0,486.4,1085.2,17.8,3.9,,,120.0,87.0,186.0,157.0,,,989.0,,19.0,211.0,,,,,,,,,,,,,0.0,,1.0,17448.4,,,,,,,,,,,,,,,,,,,,,,,,,,,2.466,750.1,,,,17410.0,0.0,,,,2.892,,,0.0,,,,,,,,,""
16373161248,"Nov 6, 2025, 11:07:39 AM",Afternoon Run,Run,,3112,8.72,162.0,54,,,,activities/17458886140.fit.gz,,,3112.0,2987.0,8722.3,5.025,2.92,15.0,13.0,108.8,117.6,7.3,0.0,,,94.0,86.0,162.0,142.0,,,461.0,,25.0,54.0,,,,,,,,,,,,,0.0,,1.0,8745.7,,,,,,,,,,,,,,,,,,,,,,,,,,,2.803,0.0,,,,8370.0,0.0,,,,2.928,,,,,,,,,,,,""
16367527553,"Nov 5, 2025, 11:05:05 AM",Afternoon Trail Run,Run,,3698,9.27,156.0,60,,,,activities/17453217476.fit.gz,,,3698.0,3598.0,9276.7,4.517,2.578,201.0,206.0,208.0,381.8,24.1,-0.1,,,92.0,83.0,156.0,141.0,,,515.0,,22.0,60.0,,,,,,,,,,,,,0.0,,1.0,9779.1,,,,,,,,,,,,,,,,,,,,,,,,,,,2.509,8542.0,,,,9986.0,0.0,,,,2.718,,,,,,,,,,,,""
16342709771,"Nov 3, 2025, 11:08:15 AM",Afternoon Run,Run,,3441,9.59,172.0,57,,,,activities/17428272514.fit.gz,,,3441.0,3261.0,9595.3,4.96,2.942,2.0,2.0,115.0,118.0,5.8,0.0,,,120.0,83.0,172.0,143.0,,,537.0,,29.0,57.0,,,,,,,,,,,,,0.0,,1.0,9614.8,,,,,,,,,,,,,,,,,,,,,,,,,,,2.789,0.0,,,,8780.0,0.0,,,,2.948,,,,,,,,,,,,""
16339367491,"Nov 2, 2025, 12:09:35 PM",Afternoon Trail Run,Run,"",3180,6.75,170.0,57,,,,activities/17424896619.fit.gz,,,3180.0,3126.0,6754.7,4.217,2.161,316.0,319.0,23.6,105.8,33.1,0.0,,,122.0,76.0,170.0,143.0,,,431.0,,30.0,57.0,,,,,,,,,,,,,0.0,,1.0,8366.2,,,,,,,,,,,,,,,,,,,,,,,,,,,2.124,5612.4,,,,7860.0,0.0,,,,2.676,,,0.0,,,,,,,,,""
16323072816,"Nov 1, 2025, 12:38:02 PM",Afternoon Trail Run,Run,"",8749,19.00,177.0,233,,,,activities/17408192921.fit.gz,,,8749.0,8620.0,19004.7,4.74,2.205,951.0,946.0,181.4,453.8,49.6,0.0,,,121.0,77.0,177.0,149.0,,,1218.0,,24.0,233.0,,,,,,,,,,,,,0.0,,1.0,24339.2,,,,,,,,,,,,,,,,,,,,,,,,,,,2.172,9953.7,,,,21692.0,0.0,,,,2.824,,,0.0,,,,,,,,,""
16314302080,"Oct 31, 2025, 4:23:30 PM",Evening Run,Run,,3900,11.02,173.0,103,,,,activities/17399275382.fit.gz,,,3900.0,3539.0,11020.7,4.65,3.114,6.0,9.0,111.6,117.6,32.6,0.0,,,94.0,86.0,173.0,152.0,,,606.0,,23.0,103.0,,,,,,,,,,,,,0.0,,1.0,11045.0,,,,,,,,,,,,,,,,,,,,,,,,,,,2.826,0.0,,,,10238.0,0.0,,,,3.121,,,,,,,,,,,,""
16314298631,"Oct 30, 2025, 6:14:56 PM",Evening Weight Training,Weight Training,,1028,0,137.0,3,,,,activities/17399271909.fit.gz,,,1028.0,1028.0,0.0,0.0,0.0,0.0,0.0,0.0,0.0,0.0,0.0,,,,,137.0,106.0,,,85.0,,27.0,3.0,,,,,,,,,,,,,0.0,,1.0,,,,,,,,,,,,,,,,,,,,,,,,,,,,0.0,0.0,,,,,0.0,,,,,,18.0,,,,,,,,,,""
16293094768,"Oct 29, 2025, 11:34:59 AM",Afternoon Run,Run,"",3351,8.20,168.0,43,,,,activities/17377888750.fit.gz,,,3351.0,2832.0,8202.8,5.35,2.896,122.0,121.0,198.8,215.0,22.8,0.0,,,122.0,84.0,168.0,138.0,,,474.0,,24.0,43.0,,,,,,,,,,,,,0.0,,1.0,8465.3,,,,,,,,,,,,,,,,,,,,,,,,,,,2.448,8202.8,,,,8064.0,0.0,,,,2.989,,,0.0,,,,,,,,,""
16280409259,"Oct 28, 2025, 7:53:40 AM",Morning Trail Run,Run,,6007,15.02,163.0,142,,,,activities/17365114211.fit.gz,,,6007.0,6005.0,15023.4,4.233,2.502,359.0,351.0,206.6,380.8,45.3,0.1,,,90.0,82.0,163.0,147.0,,,881.0,,28.0,142.0,,,,,,,,,,,,,0.0,,1.0,16071.9,,,,,,,,,,,,,,,,,,,,,,,,,,,2.501,12867.4,,,,16056.0,0.0,,,,2.676,,,,,,,,,,,,""
16280402445,"Oct 27, 2025, 5:51:21 PM",Evening Weight Training,Weight Training,,2029,0,120.0,4,,,,activities/17365107551.fit.gz,,,2029.0,2029.0,0.0,0.0,0.0,0.0,0.0,0.0,0.0,0.0,0.0,,,,,120.0,94.0,,,117.0,,29.0,4.0,,,,,,,,,,,,,0.0,,1.0,,,,,,,,,,,,,,,,,,,,,,,,,,,,0.0,0.0,,,,,0.0,,,,,,42.0,,,,,,,,,,""
16261185254,"Oct 26, 2025, 8:19:11 AM",Morning Trail Run,Run,"",10929,21.12,167.0,245,,,,activities/17345667868.fit.gz,,,10929.0,10489.0,21119.1,3.94,2.013,974.0,984.0,616.0,906.8,49.1,0.0,,,124.0,75.0,167.0,147.0,,,1382.0,,26.0,245.0,,,,,,,,,,,,,0.0,,1.0,25841.6,,,,,,,,,,,,,,,,,,,,,,,,,,,1.932,15715.0,,,,26180.0,0.0,,,,2.464,,,0.0,,,,,,,,,""
16251166715,"Oct 25, 2025, 10:41:30 AM",Afternoon Trail Run,Run,,5378,13.01,175.0,111,,,,activities/17335502661.fit.gz,,,5378.0,4921.0,13010.0,4.98,2.644,219.0,223.0,197.8,220.8,29.0,0.0,,,121.0,83.0,175.0,146.0,,,750.0,,28.0,111.0,,,,,,,,,,,,,0.0,,1.0,13510.5,,,,,,,,,,,,,,,,,,,,,,,,,,,2.419,12524.5,,,,13700.0,0.0,,,,2.745,,,,,,,,,,,,""
16248939778,"Oct 24, 2025, 2:44:34 PM",Afternoon Trail Run,Run,,3859,8.11,163.0,53,,,,activities/17333254060.fit.gz,,,3859.0,3623.0,8109.7,4.133,2.238,284.0,279.0,169.4,436.0,25.0,0.0,,,120.0,81.0,163.0,137.0,,,502.0,,24.0,53.0,,,,,,,,,,,,,0.0,,1.0,9252.1,,,,,,,,,,,,,,,,,,,,,,,,,,,2.102,5822.8,,,,9778.0,0.0,,,,2.554,,,,,,,,,,,,""
16235480059,"Oct 23, 2025, 10:50:07 AM",Afternoon Trail Run,Run,,3396,9.10,168.0,76,,,,activities/17319688042.fit.gz,,,3396.0,3344.0,9102.7,4.233,2.722,201.0,207.0,211.2,376.6,22.7,0.0,,,86.0,83.0,168.0,146.0,,,519.0,,28.0,76.0,,,,,,,,,,,,,0.0,,1.0,9568.5,,,,,,,,,,,,,,,,,,,,,,,,,,,2.68,8404.2,,,,9214.0,0.0,,,,2.861,,,,,,,,,,,,""
16222427078,"Oct 22, 2025, 10:50:46 AM",Afternoon Run,Run,,3507,9.80,170.0,72,,,,activities/17306566327.fit.gz,,,3507.0,3312.0,9808.6,5.08,2.962,4.0,7.0,113.2,117.0,13.1,0.0,,,123.0,84.0,170.0,146.0,,,546.0,,26.0,72.0,,,,,,,,,,,,,0.0,,1.0,9818.2,,,,,,,,,,,,,,,,,,,,,,,,,,,2.797,0.0,,,,8824.0,0.0,,,,2.964,,,,,,,,,,,,""
16220084091,"Oct 19, 2025, 3:02:43 PM",Evening Run,Run,,3690,7.83,149.0,21,,,,activities/17304207061.fit.gz,,,3690.0,3655.0,7830.5,3.32,2.142,205.0,202.0,210.8,366.8,26.4,0.0,,,88.0,81.0,149.0,128.0,,,455.0,,22.0,21.0,,,,,,,,,,,,,0.0,,1.0,8512.6,,,,,,,,,,,,,,,,,,,,,,,,,,,2.122,5950.9,,,,9860.0,0.0,,,,2.329,,,,,,,,,,,,""
16177961466,"Oct 18, 2025, 7:35:24 AM",Morning Trail Run,Run,"",7407,16.62,169.0,166,,,,activities/17261704748.fit.gz,,,7407.0,7072.0,16619.8,5.02,2.35,639.0,642.0,496.6,1056.6,49.6,0.0,,,108.0,76.0,169.0,147.0,,,1032.0,,23.0,166.0,,,,,,,,,,,,,0.0,,1.0,19273.2,,,,,,,,,,,,,,,,,,,,,,,,,,,2.244,14029.0,,,,17636.0,0.0,,,,2.725,,,0.0,,,,,,,,,""
16158125177,"Oct 16, 2025, 9:35:06 AM",Lunch Run,Run,,2765,7.10,169.0,48,,,,activities/17241688734.fit.gz,,,2765.0,2648.0,7106.3,5.225,2.684,67.0,64.0,252.8,271.8,23.5,0.0,,,112.0,82.0,169.0,142.0,,,398.0,,25.0,48.0,,,,,,,,,,,,,0.0,,1.0,7308.8,,,,,,,,,,,,,,,,,,,,,,,,,,,2.57,1994.3,,,,7136.0,0.0,,,,2.76,,,,,,,,,,,,""
16148614863,"Oct 15, 2025, 10:12:37 AM",Afternoon Trail Run,Run,"",5709,15.00,165.0,124,,,,activities/17232095795.fit.gz,,,5709.0,5626.0,15006.1,4.233,2.667,345.0,351.0,215.8,380.4,21.1,0.0,,,93.0,84.0,165.0,145.0,,,862.0,,26.0,124.0,,,,,,,,,,,,,0.0,,1.0,15779.7,,,,,,,,,,,,,,,,,,,,,,,,,,,2.628,12250.5,,,,15648.0,0.0,,,,2.805,,,0.0,,,,,,,,,""
16137586328,"Oct 14, 2025, 8:35:42 AM",Lunch Trail Run,Run,,7684,10.26,163.0,84,,,,activities/17220979628.fit.gz,,,7684.0,6365.0,10262.2,3.65,1.612,679.0,665.0,488.6,1065.0,49.6,0.0,,,116.0,71.0,163.0,138.0,,,753.0,,21.0,84.0,,,,,,,,,,,,,0.0,,1.0,14514.0,,,,,,,,,,,,,,,,,,,,,,,,,,,1.336,9656.7,,,,14416.0,0.0,,,,2.28,,,,,,,,,,,,""
16127044183,"Oct 13, 2025, 10:07:44 AM",Afternoon Run,Run,,3216,8.25,174.0,49,,,,activities/17210342725.fit.gz,,,3216.0,2914.0,8254.0,5.96,2.833,6.0,7.0,110.6,115.8,11.3,0.0,,,124.0,84.0,174.0,142.0,,,448.0,,28.0,49.0,,,,,,,,,,,,,0.0,,1.0,8262.4,,,,,,,,,,,,,,,,,,,,,,,,,,,2.567,0.0,,,,7756.0,0.0,,,,2.835,,,,,,,,,,,,""
16120990331,"Oct 12, 2025, 3:17:30 PM",Evening Trail Run,Run,,3688,6.73,140.0,12,,,,activities/17204190851.fit.gz,,,3688.0,3219.0,6735.8,2.978,2.093,236.0,235.0,211.8,436.6,43.0,0.0,,,121.0,77.0,140.0,119.0,,,382.0,,23.0,12.0,,,,,,,,,,,,,0.0,,1.0,7642.8,,,,,,,,,,,,,,,,,,,,,,,,,,,1.826,6001.1,,,,8434.0,0.0,,,,2.374,,,,,,,,,,,,""
16120986600,"Oct 11, 2025, 3:49:56 PM",Evening Run,Run,,2605,6.01,143.0,14,,,,activities/17204187098.fit.gz,,,2605.0,2585.0,6018.4,4.04,2.328,50.0,56.0,197.4,214.6,45.7,-0.1,,,120.0,83.0,143.0,127.0,,,343.0,,23.0,14.0,,,,,,,,,,,,,0.0,,1.0,6137.9,,,,,,,,,,,,,,,,,,,,,,,,,,,2.31,5431.5,,,,7200.0,0.0,,,,2.374,,,,,,,,,,,,""
16040319310,"Oct 5, 2025, 6:00:07 AM",Morning Trail Run,Run,"",14332,25.11,174.0,349,,,,activities/17122622032.fit.gz,,,14332.0,14110.0,25114.6,5.38,1.78,1969.0,1967.0,744.6,1931.6,50.0,0.0,,,112.0,69.0,174.0,148.0,,,1652.0,,16.0,349.0,,,,,,,,,,,,,0.0,,1.0,38119.8,,,,,,,,,,,,,,,,,,,,,,,,,,,1.752,3456.6,,,,32636.0,0.0,,,,2.702,,,0.0,,,,,,,,,""
16033322132,"Oct 4, 2025, 8:47:08 AM",Lunch Hike,Hike,,3007,2.59,131.0,7,,,,activities/17115502254.fit.gz,,,3007.0,2544.0,2589.8,9.9,1.018,150.0,138.0,802.8,912.0,48.6,0.4,,,121.0,60.0,131.0,103.0,,,195.0,,19.0,7.0,,,,,,,,,,,,,0.0,,1.0,,,,,,,,,,,,,,,,,,,,,,,,,,,,0.861,0.0,,,,2654.0,0.0,,,,,,2654.0,,,,,,,,,,""
16033322110,"Oct 3, 2025, 10:34:30 AM",Afternoon Run,Run,,1501,4.17,167.0,22,,,,activities/17115502238.fit.gz,,,1501.0,1413.0,4171.6,5.48,2.952,3.0,9.0,111.4,117.6,11.8,-0.1,,,96.0,86.0,167.0,141.0,,,237.0,,27.0,22.0,,,,,,,,,,,,,0.0,,1.0,4173.6,,,,,,,,,,,,,,,,,,,,,,,,,,,2.779,0.0,,,,4042.0,0.0,,,,2.954,,,,,,,,,,,,""
16033317506,"Oct 2, 2025, 10:30:21 AM",Afternoon Trail Run,Run,,56,0.09,118.0,0,,,,activities/17115497569.fit.gz,,,56.0,49.0,98.6,3.157,2.012,0.0,0.0,211.8,213.0,13.3,-0.8,,,88.0,84.0,118.0,101.0,,,7.0,,25.0,0.0,,,,,,,,,,,,,0.0,,1.0,97.5,,,,,,,,,,,,,,,,,,,,,,,,,,,1.761,100.6,,,,152.0,0.0,,,,1.99,,,,,,,,,,,,""
15999506679,"Oct 1, 2025, 2:27:46 PM",Afternoon Trail Run,Run,"",2623,6.45,182.0,40,,,,activities/17081245569.fit.gz,,,2623.0,2531.0,6451.2,3.9,2.549,255.0,252.0,208.4,437.2,49.6,0.1,,,120.0,81.0,182.0,140.0,,,385.0,,23.0,40.0,,,,,,,,,,,,,0.0,,1.0,7646.1,,,,,,,,,,,,,,,,,,,,,,,,,,,2.459,4148.0,,,,6754.0,0.0,,,,3.021,,,0.0,,,,,,,,,""
15987798645,"Sep 30, 2025, 10:32:52 AM",Afternoon Run,Run,,2315,6.50,172.0,31,,,,activities/17069396392.fit.gz,,,2315.0,2084.0,6503.3,5.22,3.121,4.0,5.0,113.0,117.4,4.4,0.0,,,112.0,85.0,172.0,138.0,,,351.0,,26.0,31.0,,,,,,,,,,,,,0.0,,1.0,6507.7,,,,,,,,,,,,,,,,,,,,,,,,,,,2.809,0.0,,,,5894.0,0.0,,,,3.123,,,,,,,,,,,,""
15975700556,"Sep 29, 2025, 10:36:42 AM",Afternoon Trail Run,Run,,3632,8.73,158.0,44,,,,activities/17057149323.fit.gz,,,3632.0,3455.0,8729.8,5.06,2.527,258.0,258.0,215.8,447.0,25.0,0.0,,,99.0,83.0,158.0,137.0,,,492.0,,23.0,44.0,,,,,,,,,,,,,0.0,,1.0,9418.9,,,,,,,,,,,,,,,,,,,,,,,,,,,2.404,7864.4,,,,9542.0,0.0,,,,2.726,,,,,,,,,,,,""
15971787111,"Sep 28, 2025, 9:35:02 AM",Lunch Trail Run,Run,"",4856,13.00,164.0,99,,,,activities/17053161731.fit.gz,,,4856.0,4826.0,13008.7,4.08,2.696,307.0,310.0,37.6,135.2,50.0,0.0,,,116.0,83.0,164.0,144.0,,,749.0,,26.0,99.0,,,,,,,,,,,,,0.0,,1.0,13851.7,,,,,,,,,,,,,,,,,,,,,,,,,,,2.679,9991.7,,,,13224.0,0.0,,,,2.87,,,0.0,,,,,,,,,""
15951515602,"Sep 27, 2025, 8:25:16 AM",Lunch Trail Run,Run,"",9006,18.75,177.0,255,,,,activities/17032402772.fit.gz,,,9006.0,8583.0,18754.8,4.567,2.185,1078.0,501.0,494.2,1073.8,50.0,3.1,,,121.0,79.0,177.0,152.0,,,1206.0,,25.0,255.0,,,,,,,,,,,,,0.0,,1.0,23644.2,,,,,,,,,,,,,,,,,,,,,,,,,,,2.082,15245.6,,,,21162.0,0.0,,,,2.755,,,0.0,,,,,,,,,""
15933084845,"Sep 25, 2025, 10:46:02 AM",Afternoon Run,Run,,2854,8.70,164.0,68,,,,activities/17013555737.fit.gz,,,2854.0,2819.0,8706.4,5.74,3.088,93.0,92.0,198.8,215.2,18.8,0.0,,,90.0,86.0,164.0,147.0,,,455.0,,31.0,68.0,,,,,,,,,,,,,0.0,,1.0,8872.5,,,,,,,,,,,,,,,,,,,,,,,,,,,3.051,8706.4,,,,8040.0,0.0,,,,3.147,,,,,,,,,,,,""
15922525893,"Sep 24, 2025, 10:37:09 AM",Afternoon Trail Run,Run,,2529,6.03,174.0,59,,,,activities/17002759466.fit.gz,,,2529.0,2434.0,6033.4,5.36,2.479,238.0,239.0,209.2,442.2,35.4,0.0,,,89.0,81.0,174.0,148.0,,,354.0,,31.0,59.0,,,,,,,,,,,,,0.0,,1.0,6995.1,,,,,,,,,,,,,,,,,,,,,,,,,,,2.386,4215.3,,,,6584.0,0.0,,,,2.874,,,,,,,,,,,,""
15909300242,"Sep 23, 2025, 10:28:43 AM",Afternoon Run,Run,,3367,7.23,171.0,38,,,,activities/16989195949.fit.gz,,,3367.0,2446.0,7232.8,5.08,2.957,19.0,12.0,114.4,123.2,30.8,0.1,,,120.0,82.0,171.0,139.0,,,432.0,,30.0,38.0,,,,,,,,,,,,,0.0,,1.0,7269.9,,,,,,,,,,,,,,,,,,,,,,,,,,,2.148,0.0,,,,7020.0,0.0,,,,2.972,,,,,,,,,,,,""
15898688768,"Sep 22, 2025, 10:30:02 AM",Afternoon Trail Run,Run,,3449,8.74,165.0,89,,,,activities/16978348186.fit.gz,,,3449.0,3444.0,8745.6,3.54,2.539,207.0,208.0,227.6,387.0,31.7,0.0,,,87.0,82.0,165.0,149.0,,,508.0,,32.0,89.0,,,,,,,,,,,,,0.0,,1.0,9291.5,,,,,,,,,,,,,,,,,,,,,,,,,,,2.536,7188.4,,,,9346.0,0.0,,,,2.698,,,,,,,,,,,,""
15886616632,"Sep 21, 2025, 9:02:55 AM",Lunch Trail Run,Run,"",6355,16.50,173.0,155,,,,activities/16965911606.fit.gz,,,6355.0,6223.0,16507.4,4.629,2.653,535.0,536.0,495.2,978.4,46.6,0.0,,,120.0,84.0,173.0,148.0,,,945.0,,27.0,155.0,,,,,,,,,,,,,0.0,,1.0,18076.0,,,,,,,,,,,,,,,,,,,,,,,,,,,2.598,13249.9,,,,17520.0,0.0,,,,2.905,,,0.0,,,,,,,,,""
15874547040,"Sep 20, 2025, 8:36:16 AM",Lunch Trail Run,Run,,8355,10.09,167.0,122,,,,activities/16953484098.fit.gz,,,8355.0,7691.0,10090.3,3.68,1.312,1239.0,652.0,487.8,1076.6,50.0,5.8,,,123.0,65.0,167.0,138.0,,,968.0,,26.0,122.0,,,,,,,,,,,,,0.0,,1.0,17464.6,,,,,,,,,,,,,,,,,,,,,,,,,,,1.208,7658.8,,,,14810.0,0.0,,,,2.271,,,,,,,,,,,,""
15868944980,"Sep 19, 2025, 3:56:21 PM",Evening Run,Run,,3574,10.70,173.0,70,,,,activities/16947704813.fit.gz,,,3574.0,3385.0,10704.4,4.5,3.162,17.0,14.0,252.8,258.0,8.3,0.0,,,94.0,87.0,173.0,145.0,,,591.0,,22.0,70.0,,,,,,,,,,,,,0.0,,1.0,10735.1,,,,,,,,,,,,,,,,,,,,,,,,,,,2.995,0.0,,,,9882.0,0.0,,,,3.171,,,,,,,,,,,,""
15853621889,"Sep 18, 2025, 10:27:59 AM",Afternoon Trail Run,Run,,4070,11.24,163.0,96,,,,activities/16932015370.fit.gz,,,4070.0,4004.0,11242.9,4.58,2.808,278.0,281.0,201.2,452.0,30.5,0.0,,,90.0,84.0,163.0,147.0,,,636.0,,26.0,96.0,,,,,,,,,,,,,0.0,,1.0,11910.7,,,,,,,,,,,,,,,,,,,,,,,,,,,2.762,10432.7,,,,11322.0,0.0,,,,2.975,,,,,,,,,,,,""
15843058379,"Sep 17, 2025, 10:32:50 AM",Afternoon Trail Run,Run,,4249,9.00,166.0,83,,,,activities/16921190883.fit.gz,,,4249.0,4153.0,9006.1,3.957,2.169,424.0,422.0,201.2,443.8,45.7,0.0,,,100.0,79.0,166.0,145.0,,,566.0,,33.0,83.0,,,,,,,,,,,,,0.0,,1.0,10982.4,,,,,,,,,,,,,,,,,,,,,,,,,,,2.12,6252.5,,,,10722.0,0.0,,,,2.644,,,,,,,,,,,,""
15834237787,"Sep 16, 2025, 4:02:14 PM",Evening Run,Run,,2668,7.40,168.0,45,,,,activities/16912129883.fit.gz,,,2668.0,2503.0,7404.9,4.683,2.958,8.0,7.0,252.4,257.2,5.7,0.0,,,91.0,86.0,168.0,144.0,,,420.0,,26.0,45.0,,,,,,,,,,,,,0.0,,1.0,7424.3,,,,,,,,,,,,,,,,,,,,,,,,,,,2.775,7404.9,,,,7106.0,0.0,,,,2.966,,,,,,,,,,,,""
15834228845,"Sep 15, 2025, 5:05:25 PM",Evening Run,Run,,2331,6.09,155.0,24,,,,activities/16912120956.fit.gz,,,2331.0,2096.0,6091.9,5.2,2.906,59.0,71.0,196.2,213.8,13.2,-0.2,,,120.0,84.0,155.0,134.0,,,325.0,,26.0,24.0,,,,,,,,,,,,,0.0,,1.0,6198.0,,,,,,,,,,,,,,,,,,,,,,,,,,,2.613,5944.6,,,,5778.0,0.0,,,,2.957,,,,,,,,,,,,""
15834228815,"Sep 15, 2025, 10:32:42 AM",Afternoon Run,Run,,802,2.16,139.0,5,,,,activities/16912120929.fit.gz,,,802.0,798.0,2163.7,3.08,2.711,2.0,1.0,113.6,117.0,6.9,0.1,,,88.0,86.0,139.0,131.0,,,115.0,,35.0,5.0,,,,,,,,,,,,,0.0,,1.0,2171.5,,,,,,,,,,,,,,,,,,,,,,,,,,,2.698,0.0,,,,2276.0,0.0,,,,2.721,,,,,,,,,,,,""
15795520454,"Sep 13, 2025, 7:56:38 AM",Morning Trail Run,Run,,10812,12.04,165.0,198,,,,activities/16871808005.fit.gz,,,10812.0,9916.0,12041.5,11.0,1.214,1569.0,402.0,480.8,1148.2,50.0,4.8,,,117.0,63.0,165.0,145.0,,,1257.0,,29.0,198.0,,,,,,,,,,,,,0.0,,1.0,21597.9,,,,,,,,,,,,,,,,,,,,,,,,,,,1.114,11321.8,,,,17256.0,0.0,,,,2.178,,,,,,,,,,,,""
15789269786,"Sep 12, 2025, 3:48:30 PM",Evening Run,Run,"",4943,15.00,171.0,143,,,,activities/16865162312.fit.gz,,,4943.0,4922.0,15006.7,3.614,3.049,4.0,4.0,251.8,255.8,39.3,0.0,,,92.0,87.0,171.0,152.0,,,815.0,,29.0,143.0,,,,,,,,,,,,,0.0,,1.0,15012.8,,,,,,,,,,,,,,,,,,,,,,,,,,,3.036,14953.4,,,,14272.0,0.0,,,,3.05,,,0.0,,,,,,,,,""
15762851188,"Sep 10, 2025, 10:42:09 AM",Afternoon Run,Run,,2409,7.05,166.0,78,,,,activities/16837279128.fit.gz,,,2409.0,2344.0,7055.0,3.483,3.01,12.0,16.0,105.6,116.4,12.2,0.0,,,90.0,87.0,166.0,156.0,,,399.0,,34.0,78.0,,,,,,,,,,,,,0.0,,1.0,7078.9,,,,,,,,,,,,,,,,,,,,,,,,,,,2.929,0.0,,,,6752.0,0.0,,,,3.02,,,,,,,,,,,,""
15761785742,"Sep 9, 2025, 11:24:21 AM",Afternoon Trail Run,Run,,5602,6.01,164.0,85,,,,activities/16836160204.fit.gz,,,5602.0,4819.0,6010.6,4.357,1.247,733.0,732.0,494.6,1056.0,50.0,0.0,,,110.0,62.0,164.0,139.0,,,650.0,,32.0,85.0,,,,,,,,,,,,,0.0,,1.0,11627.7,,,,,,,,,,,,,,,,,,,,,,,,,,,1.073,3719.0,,,,9968.0,0.0,,,,2.413,,,,,,,,,,,,""
15749408345,"Sep 8, 2025, 10:40:05 AM",Afternoon Trail Run,Run,,3145,7.12,174.0,70,,,,activities/16823119489.fit.gz,,,3145.0,3045.0,7125.8,4.183,2.34,267.0,266.0,207.0,438.0,50.0,0.0,,,120.0,75.0,174.0,146.0,,,441.0,,31.0,70.0,,,,,,,,,,,,,0.0,,1.0,8372.0,,,,,,,,,,,,,,,,,,,,,,,,,,,2.266,4618.9,,,,7462.0,0.0,,,,2.749,,,,,,,,,,,,""
15727747481,"Sep 7, 2025, 7:59:35 AM",Morning Trail Run,Run,,10280,16.09,167.0,146,,,,activities/16800130698.fit.gz,,,10280.0,9702.0,16095.4,4.22,1.659,1071.0,1065.0,492.4,1254.6,49.5,0.0,,,123.0,70.0,167.0,140.0,,,1102.0,,28.0,146.0,,,,,,,,,,,,,0.0,,1.0,22703.5,,,,,,,,,,,,,,,,,,,,,,,,,,,1.566,13124.8,,,,21722.0,0.0,,,,2.34,,,,,,,,,,,,""
15714839182,"Sep 6, 2025, 9:06:37 AM",Lunch Trail Run,Run,,4663,8.50,170.0,76,,,,activities/16786470745.fit.gz,,,4663.0,4129.0,8501.7,4.483,2.059,380.0,378.0,219.4,437.0,48.7,0.0,,,121.0,68.0,170.0,143.0,,,577.0,,33.0,76.0,,,,,,,,,,,,,0.0,,1.0,10405.6,,,,,,,,,,,,,,,,,,,,,,,,,,,1.823,6100.7,,,,8968.0,0.0,,,,2.52,,,,,,,,,,,,""
15713167118,"Sep 5, 2025, 3:38:06 PM",Evening Run,Run,,2174,5.71,154.0,16,,,,activities/16784712286.fit.gz,,,2174.0,1931.0,5709.2,5.24,2.957,13.0,11.0,251.4,259.2,5.6,0.0,,,103.0,83.0,154.0,131.0,,,298.0,,28.0,16.0,,,,,,,,,,,,,0.0,,1.0,5734.7,,,,,,,,,,,,,,,,,,,,,,,,,,,2.626,2779.8,,,,5380.0,0.0,,,,2.97,,,,,,,,,,,,""
15694170783,"Sep 4, 2025, 10:09:19 AM",Afternoon Trail Run,Run,"",6173,12.64,188.0,212,,,,activities/16764501512.fit.gz,,,6173.0,5974.0,12648.8,4.44,2.117,628.0,637.0,220.0,451.8,48.7,-0.1,,,123.0,73.0,188.0,157.0,,,873.0,,33.0,212.0,,,,,,,,,,,,,0.0,,1.0,15882.8,,,,,,,,,,,,,,,,,,,,,,,,,,,2.049,6740.2,,,,13860.0,0.0,,,,2.659,,,0.0,,,,,,,,,""
15694165440,"Sep 3, 2025, 4:42:21 PM",Evening Trail Run,Run,,2664,5.22,155.0,29,,,,activities/16764495878.fit.gz,,,2664.0,2653.0,5219.1,3.733,1.967,243.0,243.0,209.6,437.8,49.5,0.0,,,123.0,72.0,155.0,134.0,,,319.0,,29.0,29.0,,,,,,,,,,,,,0.0,,1.0,6424.9,,,,,,,,,,,,,,,,,,,,,,,,,,,1.959,3749.9,,,,6188.0,0.0,,,,2.422,,,,,,,,,,,,""
15694159100,"Sep 2, 2025, 10:37:49 AM",Afternoon Trail Run,Run,,3444,5.60,170.0,80,,,,activities/16764489169.fit.gz,,,3444.0,3300.0,5603.6,5.267,1.698,403.0,397.0,207.8,364.0,49.1,0.1,,,124.0,68.0,170.0,149.0,,,468.0,,34.0,80.0,,,,,,,,,,,,,0.0,,1.0,8470.5,,,,,,,,,,,,,,,,,,,,,,,,,,,1.627,2087.1,,,,7062.0,0.0,,,,2.567,,,,,,,,,,,,""
15658348446,"Sep 1, 2025, 5:59:44 AM",Morning Run,Run,,2144,6.08,160.0,43,,,,activities/16724996186.fit.gz,,,2144.0,2140.0,6084.0,4.133,2.843,41.0,42.0,210.0,217.6,40.0,0.0,,,87.0,84.0,160.0,144.0,,,326.0,,29.0,43.0,,,,,,,,,,,,,0.0,,1.0,6170.5,,,,,,,,,,,,,,,,,,,,,,,,,,,2.838,5240.8,,,,6012.0,0.0,,,,2.883,,,,,,,,,,,,""
15658348453,"Aug 31, 2025, 4:11:45 PM",Evening Run,Run,,3519,7.28,155.0,36,,,,activities/16724996158.fit.gz,,,3519.0,2703.0,7283.5,4.217,2.695,72.0,71.0,198.4,216.8,20.8,0.0,,,123.0,82.0,155.0,137.0,,,409.0,,30.0,36.0,,,,,,,,,,,,,0.0,,1.0,7423.6,,,,,,,,,,,,,,,,,,,,,,,,,,,2.07,6618.5,,,,7474.0,0.0,,,,2.746,,,,,,,,,,,,""
15639801579,"Aug 30, 2025, 1:10:04 PM",Afternoon Trail Run,Run,,1495,1.36,131.0,2,,,,activities/16704541404.fit.gz,,,1495.0,942.0,1367.0,2.013,1.451,50.0,43.0,672.8,711.6,29.1,0.5,,,121.0,56.0,131.0,108.0,,,105.0,,34.0,2.0,,,,,,,,,,,,,0.0,,1.0,1560.4,,,,,,,,,,,,,,,,,,,,,,,,,,,0.914,1341.3,,,,1788.0,0.0,,,,1.656,,,,,,,,,,,,""
15639801900,"Aug 30, 2025, 6:55:28 AM",Parnonas 1935,Run,"",13034,16.14,167.0,122,,,,activities/16704541498.fit.gz,,,13034.0,10284.0,16147.2,3.983,1.57,1154.0,1147.0,905.2,1921.8,50.0,0.0,,,124.0,68.0,167.0,134.0,,,1210.0,,27.0,122.0,,,,,,,,,,,,,0.0,,1.0,23494.5,,,,,,,,,,,,,,,,,,,,,,,,,,,1.239,0.0,,,,23142.0,0.0,,,,2.285,,,0.0,,,,,,,,,""
15639789167,"Aug 29, 2025, 3:47:30 PM",Evening Trail Run,Run,,3744,5.00,161.0,20,,,,activities/16704527427.fit.gz,,,3744.0,2799.0,5005.0,3.8,1.788,268.0,263.0,760.6,975.2,46.7,0.0,,,113.0,74.0,161.0,125.0,,,359.0,,26.0,20.0,,,,,,,,,,,,,0.0,,1.0,6530.7,,,,,,,,,,,,,,,,,,,,,,,,,,,1.337,0.0,,,,6816.0,0.0,,,,2.333,,,,,,,,,,,,""
15616699016,"Aug 28, 2025, 1:38:28 PM",Afternoon Trail Run,Run,"",3814,5.53,187.0,98,,,,activities/16679387310.fit.gz,,,3814.0,3553.0,5530.8,3.34,1.557,658.0,71.0,478.8,1079.8,49.1,10.6,,,120.0,65.0,187.0,150.0,,,521.0,,28.0,98.0,,,,,,,,,,,,,0.0,,1.0,9437.2,,,,,,,,,,,,,,,,,,,,,,,,,,,1.45,4619.2,,,,7538.0,0.0,,,,2.656,,,0.0,0.0,,,,0.0,,,,""
15607913394,"Aug 27, 2025, 3:46:31 PM",Evening Run,Run,,3839,12.02,160.0,98,,,,activities/16669967403.fit.gz,,,3839.0,3839.0,12019.8,3.871,3.131,23.0,22.0,252.2,258.6,5.6,0.0,,,89.0,86.0,160.0,148.0,,,650.0,,28.0,98.0,,,,,,,,,,,,,0.0,,1.0,12060.6,,,,,,,,,,,,,,,,,,,,,,,,,,,3.131,12019.8,,,,10928.0,0.0,,,,3.142,,,,,,,,,,,,""
15607913110,"Aug 25, 2025, 3:12:36 PM",Evening Run,Run,,3019,8.00,167.0,51,,,,activities/16669967220.fit.gz,,,3019.0,2971.0,8002.0,4.1,2.693,132.0,140.0,175.8,239.8,34.0,-0.1,,,100.0,82.0,167.0,143.0,,,446.0,,30.0,51.0,,,,,,,,,,,,,0.0,,1.0,8375.1,,,,,,,,,,,,,,,,,,,,,,,,,,,2.651,3951.7,,,,8118.0,0.0,,,,2.819,,,,,,,,,,,,""
15607906066,"Aug 24, 2025, 8:35:07 AM",Lunch Trail Run,Run,,6543,8.32,172.0,101,,,,activities/16669959698.fit.gz,,,6543.0,5673.0,8325.1,3.54,1.467,821.0,242.0,497.6,1093.4,49.6,7.0,,,91.0,67.0,172.0,141.0,,,781.0,,29.0,101.0,,,,,,,,,,,,,0.0,,1.0,13099.6,,,,,,,,,,,,,,,,,,,,,,,,,,,1.272,6577.5,,,,11924.0,0.0,,,,2.309,,,,,,,,,,,,""
15607897698,"Aug 22, 2025, 3:01:36 PM",Evening Trail Run,Run,,4703,12.19,184.0,182,,,,activities/16669950957.fit.gz,,,4703.0,4658.0,12198.5,4.02,2.619,267.0,262.0,31.2,119.2,33.3,0.0,,,88.0,79.0,184.0,159.0,,,742.0,,31.0,182.0,,,,,,,,,,,,,0.0,,1.0,12970.3,,,,,,,,,,,,,,,,,,,,,,,,,,,2.594,9760.8,,,,12178.0,0.0,,,,2.785,,,,,,,,,,,,""
15607897752,"Aug 19, 2025, 4:17:37 PM",Evening Trail Run,Run,,3793,8.07,155.0,25,,,,activities/16669950943.fit.gz,,,3793.0,3263.0,8078.4,4.08,2.476,87.0,92.0,183.2,217.8,19.3,0.0,,,110.0,80.0,155.0,123.0,,,434.0,,28.0,25.0,,,,,,,,,,,,,0.0,,1.0,8297.1,,,,,,,,,,,,,,,,,,,,,,,,,,,2.13,7176.5,,,,8728.0,0.0,,,,2.543,,,,,,,,,,,,""
15514086079,"Aug 18, 2025, 6:19:42 AM",Morning Trail Run,Run,,6556,7.31,149.0,23,,,,activities/16568039773.fit.gz,,,6556.0,3755.0,7315.4,5.48,1.948,351.0,351.0,257.0,522.0,25.0,0.0,,,115.0,67.0,149.0,126.0,,,495.0,,27.0,23.0,,,,,,,,,,,,,0.0,,1.0,8825.4,,,,,,,,,,,,,,,,,,,,,,,,,,,1.116,0.0,,,,8544.0,0.0,,,,2.35,,,,,,,,,,,,""
15488005696,"Aug 17, 2025, 6:51:07 AM",Morning Trail Run,Run,,8877,20.03,167.0,194,,,,activities/16540223693.fit.gz,,,8877.0,8154.0,20038.9,4.833,2.458,502.0,497.0,557.6,703.4,44.4,0.0,,,111.0,81.0,167.0,148.0,,,1179.0,,28.0,194.0,,,,,,,,,,,,,0.0,,1.0,22058.3,,,,,,,,,,,,,,,,,,,,,,,,,,,2.257,19996.6,,,,21770.0,0.0,,,,2.705,,,,,,,,,,,,""
15477965218,"Aug 16, 2025, 9:57:42 AM",Lunch Weight Training,Weight Training,,1635,0,127.0,4,,,,activities/16529404750.fit.gz,,,1635.0,1635.0,0.0,0.0,0.0,0.0,0.0,0.0,0.0,0.0,0.0,,,,,127.0,102.0,,,113.0,,31.0,4.0,,,,,,,,,,,,,0.0,,1.0,,,,,,,,,,,,,,,,,,,,,,,,,,,,0.0,0.0,,,,,0.0,,,,,,40.0,,,,,,,,,,""
15477965306,"Aug 16, 2025, 8:14:25 AM",Lunch Trail Run,Run,,5330,9.60,166.0,87,,,,activities/16529404770.fit.gz,,,5330.0,4904.0,9604.2,4.08,1.958,599.0,598.0,257.0,593.6,49.6,-0.1,,,120.0,77.0,166.0,142.0,,,655.0,,33.0,87.0,,,,,,,,,,,,,0.0,,1.0,12733.3,,,,,,,,,,,,,,,,,,,,,,,,,,,1.802,0.0,,,,12578.0,0.0,,,,2.597,,,,,,,,,,,,""
15477958719,"Aug 15, 2025, 9:40:55 AM",Lunch Weight Training,Weight Training,,902,0,133.0,3,,,,activities/16529398000.fit.gz,,,902.0,902.0,0.0,0.0,0.0,0.0,0.0,0.0,0.0,0.0,0.0,,,,,133.0,115.0,,,87.0,,32.0,3.0,,,,,,,,,,,,,0.0,,1.0,,,,,,,,,,,,,,,,,,,,,,,,,,,,0.0,0.0,,,,,0.0,,,,,,110.0,,,,,,,,,,""
15464916883,"Aug 15, 2025, 6:26:38 AM",Morning Trail Run,Run,"",6579,15.00,177.0,151,,,,activities/16515464744.fit.gz,,,6579.0,6213.0,15003.1,3.9,2.415,508.0,494.0,541.8,833.0,42.0,0.1,,,90.0,81.0,177.0,149.0,,,896.0,,29.0,151.0,,,,,,,,,,,,,0.0,,1.0,16824.2,,,,,,,,,,,,,,,,,,,,,,,,,,,2.28,14627.5,,,,16558.0,0.0,,,,2.708,,,,,,,,,,,,""
15464911680,"Aug 14, 2025, 9:10:18 AM",Lunch Stand Up Paddling,Stand Up Paddling,,3007,2.82,118.0,5,,,,activities/16515459228.fit.gz,,,3007.0,2269.0,2823.9,4.98,1.245,12.5,12.8,14.0,22.5,39.7,0.0,,,74.0,31.0,118.0,92.0,,,147.0,,32.0,5.0,,,,,,,,,,,,,0.0,,1.0,,,,,,,,,,,,,,,,,,,,,,,,,,,,0.939,0.0,,,,,0.0,,,,,,,,,,,,,,,,""
15447724473,"Aug 13, 2025, 4:21:24 PM",Evening Trail Run,Run,,5346,7.04,164.0,65,,,,activities/16497077579.fit.gz,,,5346.0,3646.0,7040.0,3.86,1.931,421.0,415.0,249.2,558.4,47.7,0.1,,,111.0,77.0,164.0,142.0,,,528.0,,32.0,65.0,,,,,,,,,,,,,0.0,,1.0,9424.3,,,,,,,,,,,,,,,,,,,,,,,,,,,1.317,0.0,,,,9640.0,0.0,,,,2.585,,,,,,,,,,,,""
15447717177,"Aug 13, 2025, 8:27:55 AM",Lunch Stand Up Paddling,Stand Up Paddling,,1435,1.05,115.0,2,,,,activities/16497069872.fit.gz,,,1435.0,867.0,1055.7,1.957,1.218,22.7,17.8,7.2,27.6,34.2,0.0,,,48.0,32.0,115.0,94.0,,,75.0,,34.0,2.0,,,,,,,,,,,,,0.0,,1.0,,,,,,,,,,,,,,,,,,,,,,,,,,,,0.736,1055.7,,,,,0.0,,,,,,,,,,,,,,,,""
15447716995,"Aug 12, 2025, 4:38:41 PM",Evening Run,Run,,3931,10.34,172.0,112,,,,activities/16497069803.fit.gz,,,3931.0,3744.0,10344.7,4.943,2.763,86.0,90.0,141.6,208.2,19.6,0.0,,,116.0,83.0,172.0,152.0,,,601.0,,32.0,112.0,,,,,,,,,,,,,0.0,,1.0,10598.9,,,,,,,,,,,,,,,,,,,,,,,,,,,2.632,0.0,,,,10318.0,0.0,,,,2.831,,,,,,,,,,,,""
15447716961,"Aug 12, 2025, 9:48:25 AM",Lunch Weight Training,Weight Training,,3628,0,132.0,10,,,,activities/16497069924.fit.gz,,,3628.0,3628.0,0.0,0.0,0.0,0.0,0.0,0.0,0.0,0.0,0.0,,,,,132.0,102.0,,,186.0,,30.0,10.0,,,,,,,,,,,,,0.0,,1.0,,,,,,,,,,,,,,,,,,,,,,,,,,,,0.0,0.0,,,,,0.0,,,,,,216.0,,,,,,,,,,""
15423903511,"Aug 11, 2025, 5:07:15 PM",Evening Trail Run,Run,,3238,9.00,152.0,52,,,,activities/16471669327.fit.gz,,,3238.0,3233.0,9005.7,3.2,2.786,23.0,26.0,178.4,198.4,9.5,0.0,,,124.0,84.0,152.0,139.0,,,497.0,,30.0,52.0,,,,,,,,,,,,,0.0,,1.0,9055.8,,,,,,,,,,,,,,,,,,,,,,,,,,,2.781,0.0,,,,8886.0,0.0,,,,2.801,,,,,,,,,,,,""
15423896366,"Aug 11, 2025, 8:36:21 AM",Lunch Weight Training,Weight Training,,2489,0,145.0,8,,,,activities/16471662103.fit.gz,,,2489.0,2489.0,0.0,0.0,0.0,0.0,0.0,0.0,0.0,0.0,0.0,,,,,145.0,111.0,,,195.0,,31.0,8.0,,,,,,,,,,,,,0.0,,1.0,,,,,,,,,,,,,,,,,,,,,,,,,,,,0.0,0.0,,,,,0.0,,,,,,22.0,,,,,,,,,,""
15409055854,"Aug 10, 2025, 7:36:57 AM",Morning Trail Run,Run,,8648,18.00,191.0,291,,,,activities/16455762757.fit.gz,,,8648.0,8388.0,17999.5,3.6,2.146,601.0,603.0,557.8,834.4,41.9,0.0,,,120.0,76.0,191.0,157.0,,,1249.0,,33.0,291.0,,,,,,,,,,,,,0.0,,1.0,20155.4,,,,,,,,,,,,,,,,,,,,,,,,,,,2.081,17247.1,,,,21238.0,0.0,,,,2.403,,,,,,,,,,,,""
15389462436,"Aug 8, 2025, 1:26:34 PM",Afternoon Hike,Run,"",1846,2.26,141.0,5,,,,activities/16434802845.fit.gz,,,1846.0,1595.0,2264.3,3.74,1.42,91.0,69.0,93.8,172.8,45.3,0.9,,,80.0,54.0,141.0,113.0,,,151.0,,31.0,5.0,,,,,,,,,,,,,0.0,,1.0,2614.9,,,,,,,,,,,,,,,,,,,,,,,,,,,1.227,2035.7,,,,3272.0,0.0,,,,,,3272.0,,,,,,,,,,""
15389462419,"Aug 8, 2025, 11:30:26 AM",Afternoon Hike,Hike,,2598,2.42,136.0,7,,,,activities/16434802774.fit.gz,,,2598.0,2058.0,2425.0,5.3,1.178,73.0,92.0,79.4,167.4,25.5,-0.7,,,113.0,54.0,136.0,114.0,,,210.0,,34.0,7.0,,,,,,,,,,,,,0.0,,1.0,,,,,,,,,,,,,,,,,,,,,,,,,,,,0.933,2191.2,,,,3186.0,0.0,,,,,,3186.0,,,,,,,,,,""
15386583476,"Aug 8, 2025, 10:34:53 AM",Afternoon Trail Run,Run,"",2606,5.21,187.0,72,,,,activities/16431746339.fit.gz,,,2606.0,2580.0,5214.7,4.033,2.021,211.0,210.0,57.6,183.0,43.9,0.0,,,120.0,78.0,187.0,152.0,,,366.0,,35.0,72.0,,,,,,,,,,,,,0.0,,1.0,6042.8,,,,,,,,,,,,,,,,,,,,,,,,,,,2.001,196.5,,,,6468.0,0.0,,,,2.342,,,,,,,,,,,,""
15386577729,"Aug 8, 2025, 9:08:20 AM",Lunch Weight Training,Weight Training,,1293,0,131.0,4,,,,activities/16431740388.fit.gz,,,1293.0,1293.0,0.0,0.0,0.0,0.0,0.0,0.0,0.0,0.0,0.0,,,,,131.0,112.0,,,112.0,,31.0,4.0,,,,,,,,,,,,,0.0,,1.0,,,,,,,,,,,,,,,,,,,,,,,,,,,,0.0,0.0,,,,,0.0,,,,,,118.0,,,,,,,,,,""
15381247616,"Aug 7, 2025, 4:48:41 PM",Evening Run,Run,,3007,6.69,183.0,49,,,,activities/16425991595.fit.gz,,,3007.0,2310.0,6698.2,5.529,2.9,94.0,97.0,128.0,198.8,11.8,-0.1,,,112.0,83.0,183.0,144.0,,,414.0,,30.0,49.0,,,,,,,,,,,,,0.0,,1.0,6864.7,,,,,,,,,,,,,,,,,,,,,,,,,,,2.228,0.0,,,,6686.0,0.0,,,,2.972,,,,,,,,,,,,""
15366351660,"Aug 6, 2025, 1:31:30 PM",Afternoon Trail Run,Run,,5282,7.35,186.0,85,,,,activities/16410148045.fit.gz,,,5282.0,3067.0,7357.8,4.2,2.399,203.0,208.0,12.4,154.2,45.4,-0.1,,,109.0,80.0,186.0,150.0,,,572.0,,31.0,85.0,,,,,,,,,,,,,0.0,,1.0,8118.3,,,,,,,,,,,,,,,,,,,,,,,,,,,1.393,6603.5,,,,8640.0,0.0,,,,2.647,,,,,,,,,,,,""
15366344265,"Aug 6, 2025, 8:43:07 AM",Lunch Weight Training,Weight Training,,2616,0,133.0,8,,,,activities/16410140003.fit.gz,,,2616.0,2616.0,0.0,0.0,0.0,0.0,0.0,0.0,0.0,0.0,0.0,,,,,133.0,108.0,,,200.0,,31.0,8.0,,,,,,,,,,,,,0.0,,1.0,,,,,,,,,,,,,,,,,,,,,,,,,,,,0.0,0.0,,,,,0.0,,,,,,46.0,,,,,,,,,,""
15352260879,"Aug 5, 2025, 11:25:14 AM",Afternoon Trail Run,Run,"",3931,5.05,172.0,25,,,,activities/16395163695.fit.gz,,,3931.0,2880.0,5054.5,12.66,1.755,221.6,482.0,65.2,168.0,48.6,0.0,,,121.0,65.0,172.0,129.0,,,343.0,,28.0,25.0,,,,,,,,,,,,,0.0,,1.0,6566.9,,,,,,,,,,,,,,,,,,,,,,,,,,,1.286,3787.2,,,,6812.0,0.0,,,,2.15,,,,,,,,,,,,""
15352254649,"Aug 5, 2025, 10:01:44 AM",Afternoon Trail Run,Run,"",3403,6.55,176.0,82,,,,activities/16395157027.fit.gz,,,3403.0,3230.0,6551.6,3.92,2.028,304.0,304.0,59.8,133.8,39.2,0.0,,,124.0,77.0,176.0,148.0,,,463.0,,31.0,82.0,,,,,,,,,,,,,0.0,,1.0,8068.2,,,,,,,,,,,,,,,,,,,,,,,,,,,1.925,2747.6,,,,8146.0,0.0,,,,2.486,,,,,,,,,,,,""
15343669043,"Aug 4, 2025, 4:09:14 PM",Evening Trail Run,Run,,3451,7.23,171.0,79,,,,activities/16385965148.fit.gz,,,3451.0,3445.0,7230.3,3.467,2.099,355.0,358.0,221.6,567.8,23.5,0.0,,,84.0,79.0,171.0,147.0,,,473.0,,28.0,79.0,,,,,,,,,,,,,0.0,,1.0,8736.2,,,,,,,,,,,,,,,,,,,,,,,,,,,2.095,0.0,,,,9104.0,0.0,,,,2.536,,,,,,,,,,,,""
15333956683,"Aug 3, 2025, 4:05:53 PM",Evening Run,Run,,5666,15.01,163.0,129,,,,activities/16375470376.fit.gz,,,5666.0,5596.0,15015.3,3.686,2.683,195.0,196.0,129.8,170.2,12.6,0.0,,,86.0,83.0,163.0,146.0,,,853.0,,29.0,129.0,,,,,,,,,,,,,0.0,,1.0,15423.2,,,,,,,,,,,,,,,,,,,,,,,,,,,2.65,0.0,,,,15496.0,0.0,,,,2.756,,,,,,,,,,,,""
15333956778,"Aug 3, 2025, 3:51:55 PM",Evening Run,Run,,181,0.32,136.0,0,,,,activities/16375470420.fit.gz,,,181.0,167.0,320.8,3.12,1.921,0.0,0.0,137.4,139.4,3.5,-0.2,,,81.0,80.0,136.0,114.0,,,20.0,,32.0,0.0,,,,,,,,,,,,,0.0,,1.0,321.8,,,,,,,,,,,,,,,,,,,,,,,,,,,1.772,0.0,,,,324.0,0.0,,,,1.927,,,,,,,,,,,,""
15321405102,"Aug 2, 2025, 2:44:38 PM",Afternoon Trail Run,Run,"",6175,10.00,177.0,128,,"",,activities/16362035085.fit.gz,,,6175.0,4668.0,10001.1,5.94,2.142,416.0,418.0,55.8,176.8,42.6,0.0,,,107.0,78.0,177.0,151.0,,,736.0,,30.0,128.0,,,,,,,,,,,,,0.0,,1.0,11851.0,,,,,,,,,,,,,,,,,,,,,,,,,,,1.62,4606.6,,,,12084.0,0.0,,,,2.539,,,,,,,,,,,,""
15317037169,"Aug 2, 2025, 8:14:47 AM",4 glutes,Weight Training,"",4163,0,145.0,16,,,,activities/16357392063.fit.gz,,,4163.0,4163.0,0.0,0.0,0.0,0.0,0.0,0.0,0.0,0.0,0.0,,,,,145.0,116.0,,,337.0,,30.0,16.0,,,,,,,,,,,,,0.0,,1.0,,,,,,,,,,,,,,,,,,,,,,,,,,,,0.0,0.0,,,,,0.0,,,,,,114.0,,,,,,,,,,""
15307270365,"Aug 1, 2025, 7:51:36 AM",Morning Trail Run,Run,,4710,9.01,182.0,191,,,,activities/16346935517.fit.gz,,,4710.0,4350.0,9009.3,3.5,2.071,390.0,399.0,559.0,835.8,47.6,-0.1,,,120.0,74.0,182.0,163.0,,,689.0,,30.0,191.0,,,,,,,,,,,,,0.0,,1.0,10430.3,,,,,,,,,,,,,,,,,,,,,,,,,,,1.913,8798.0,,,,10820.0,0.0,,,,2.398,,,,,,,,,,,,""
15301748736,"Jul 31, 2025, 4:43:55 PM",Evening Trail Run,Run,,3306,7.00,165.0,54,,,,activities/16340973567.fit.gz,,,3306.0,3220.0,7006.6,3.667,2.176,352.0,495.0,243.0,479.0,21.8,-0.1,,,85.0,80.0,165.0,142.0,,,426.0,,28.0,54.0,,,,,,,,,,,,,0.0,,1.0,8502.7,,,,,,,,,,,,,,,,,,,,,,,,,,,2.119,0.0,,,,8668.0,0.0,,,,2.641,,,,,,,,,,,,""
15301744199,"Jul 31, 2025, 9:09:01 AM",Lunch Stand Up Paddling,Stand Up Paddling,,4267,1.55,125.0,3,,,,activities/16340968899.fit.gz,,,4267.0,1321.0,1550.7,10.357,1.174,21.2,15.5,29.1,64.6,42.6,0.2,,,62.0,28.0,125.0,104.0,,,187.0,,30.0,3.0,,,,,,,,,,,,,0.0,,1.0,,,,,,,,,,,,,,,,,,,,,,,,,,,,0.363,0.0,,,,,0.0,,,,,,,,,,,,,,,,""
15301740716,"Jul 30, 2025, 4:15:53 PM",Evening Trail Run,Run,,5814,4.00,163.0,26,,,,activities/16340965190.fit.gz,,,5814.0,5258.0,4007.5,3.8,0.762,215.0,215.0,246.4,431.2,48.9,0.0,,,84.0,77.0,163.0,135.0,,,418.0,,29.0,26.0,,,,,,,,,,,,,0.0,,1.0,5137.6,,,,,,,,,,,,,,,,,,,,,,,,,,,0.689,0.0,,,,5542.0,0.0,,,,0.977,,,,,,,,,,,,""
15301740657,"Jul 29, 2025, 2:30:18 PM",Afternoon Weight Training,Weight Training,,1552,0,137.0,5,,,,activities/16340965145.fit.gz,,,1552.0,1552.0,0.0,0.0,0.0,0.0,0.0,0.0,0.0,0.0,0.0,,,,,137.0,112.0,,,118.0,,30.0,5.0,,,,,,,,,,,,,0.0,,1.0,,,,,,,,,,,,,,,,,,,,,,,,,,,,0.0,0.0,,,,,0.0,,,,,,106.0,,,,,,,,,,""
15272680937,"Jul 29, 2025, 9:24:01 AM",2 biceps abs,Weight Training,"",1744,0,145.0,6,,,,activities/16310047698.fit.gz,,,1744.0,1744.0,0.0,0.0,0.0,0.0,0.0,0.0,0.0,0.0,0.0,,,,,145.0,112.0,,,148.0,,30.0,6.0,,,,,,,,,,,,,0.0,,1.0,,,,,,,,,,,,,,,,,,,,,,,,,,,,0.0,0.0,,,,,0.0,,,,,,46.0,,,,,,,,,,""
15272680958,"Jul 29, 2025, 8:17:26 AM",Day 2 free road,Run,"",2761,7.00,171.0,55,,,,activities/16310047631.fit.gz,,,2761.0,2743.0,7006.8,3.487,2.554,108.0,112.0,131.0,197.4,12.7,0.0,,,87.0,82.0,171.0,144.0,,,402.0,,31.0,55.0,,,,,,,,,,,,,0.0,,1.0,7219.5,,,,,,,,,,,,,,,,,,,,,,,,,,,2.538,0.0,,,,7638.0,0.0,,,,2.632,,,,,,,,,,,,""
15265621805,"Jul 28, 2025, 4:16:18 PM","Day 1 summer 2025 
Free up and down",Run,"",3698,8.05,173.0,93,,,,activities/16302480675.fit.gz,,,3698.0,3520.0,8053.7,3.72,2.288,401.0,396.0,243.4,616.8,21.2,0.0,,,123.0,75.0,173.0,150.0,,,492.0,,29.0,93.0,,,,,,,,,,,,,0.0,,1.0,9642.3,,,,,,,,,,,,,,,,,,,,,,,,,,,2.178,2082.2,,,,9482.0,0.0,,,,2.739,,,,,,,,,,,,""
15265616408,"Jul 28, 2025, 9:01:05 AM",Arms day 1 village,Weight Training,"",1289,0,128.0,3,,,,activities/16302475027.fit.gz,,,1289.0,1289.0,0.0,0.0,0.0,0.0,0.0,0.0,0.0,0.0,0.0,,,,,128.0,105.0,,,96.0,,31.0,3.0,,,,,,,,,,,,,0.0,,1.0,,,,,,,,,,,,,,,,,,,,,,,,,,,,0.0,0.0,,,,,0.0,,,,,,14.0,,,,,,,,,,""
15257395610,"Jul 27, 2025, 4:09:46 PM",Evening Trail Run,Run,,7450,13.33,159.0,63,,,,activities/16293563496.fit.gz,,,7450.0,6357.0,13337.9,3.3,2.098,411.0,412.0,157.2,369.2,42.0,0.0,,,122.0,64.0,159.0,130.0,,,797.0,,32.0,63.0,,,,,,,,,,,,,0.0,,1.0,14764.6,,,,,,,,,,,,,,,,,,,,,,,,,,,1.79,8748.5,,,,16586.0,0.0,,,,2.323,,,,,,,,,,,,""
15235574739,"Jul 25, 2025, 3:14:33 PM",Evening Trail Run,Run,,3859,7.72,168.0,84,,,,activities/16270256221.fit.gz,,,3859.0,3734.0,7721.6,4.4,2.068,228.0,210.0,200.4,400.6,49.6,0.2,,,110.0,66.0,168.0,147.0,,,522.0,,35.0,84.0,,,,,,,,,,,,,0.0,,1.0,9065.5,,,,,,,,,,,,,,,,,,,,,,,,,,,2.001,6724.4,,,,8756.0,0.0,,,,2.428,,,,,,,,,,,,""
15235574580,"Jul 24, 2025, 10:03:27 AM",Home bands glute,Weight Training,"",2461,0,138.0,7,,,,activities/16270256088.fit.gz,,,2461.0,2461.0,0.0,0.0,0.0,0.0,0.0,0.0,0.0,0.0,0.0,,,,,138.0,104.0,,,176.0,,30.0,7.0,,,,,,,,,,,,,0.0,,1.0,,,,,,,,,,,,,,,,,,,,,,,,,,,,0.0,0.0,,,,,0.0,,,,,,282.0,,,,,,,,,,""
15235574621,"Jul 22, 2025, 10:28:29 AM",Gym 1,Weight Training,"",1927,0,155.0,16,,,,activities/16270256083.fit.gz,,,1927.0,1927.0,0.0,0.0,0.0,0.0,0.0,0.0,0.0,0.0,0.0,,,,,155.0,131.0,,,234.0,,34.0,16.0,,,,,,,,,,,,,0.0,,1.0,,,,,,,,,,,,,,,,,,,,,,,,,,,,0.0,0.0,,,,,0.0,,,,,,6.0,,,,,,,,,,""
15235571844,"Jul 22, 2025, 10:00:20 AM",Afternoon Run,Run,,1568,5.20,178.0,42,,,,activities/16270253230.fit.gz,,,1568.0,1568.0,5208.4,4.2,3.322,0.0,0.0,0.0,0.0,0.0,0.0,,,90.0,81.0,178.0,149.0,,,240.0,,34.0,42.0,,,,,,,,,,,,,0.0,,1.0,5208.4,,,,,,,,,,,,,,,,,,,,,,,,,,,3.322,0.0,,,,4224.0,0.0,,,,,,,,,,,,,,,,""
15178118232,"Jul 20, 2025, 1:05:39 PM",Afternoon Stand Up Paddling,Stand Up Paddling,,4739,5.00,88.0,4,,,,activities/16208353367.fit.gz,,,4739.0,4347.0,5004.7,3.567,1.151,42.2,31.1,-3.2,10.2,44.7,0.1,,,87.0,34.0,88.0,64.0,,,95.0,,31.0,4.0,,,,,,,,,,,,,0.0,,1.0,,,,,,,,,,,,,,,,,,,,,,,,,,,0.0,1.056,0.0,,,,,0.0,,,,,,,,,,,,,,,,""
15178112169,"Jul 20, 2025, 11:52:01 AM",Afternoon Hike,Hike,,3050,1.60,129.0,5,,,,activities/16208346849.fit.gz,,,3050.0,1895.0,1605.7,1.86,0.847,132.0,134.0,2.2,132.2,46.5,-0.1,,,123.0,56.0,129.0,101.0,,,192.0,,35.0,5.0,,,,,,,,,,,,,0.0,,1.0,,,,,,,,,,,,,,,,,,,,,,,,,,,0.0,0.526,0.0,,,,2964.0,0.0,,,,,,2964.0,,,,,,,,,,""
15178112155,"Jul 20, 2025, 11:16:35 AM",Afternoon Stand Up Paddling,Stand Up Paddling,,1961,1.00,93.0,2,,,,activities/16208346790.fit.gz,,,1961.0,1608.0,1002.4,2.0,0.623,0.0,2.6,14.0,19.7,20.0,-0.5,,,56.0,27.0,93.0,75.0,,,57.0,,33.0,2.0,,,,,,,,,,,,,0.0,,1.0,,,,,,,,,,,,,,,,,,,,,,,,,,,0.0,0.511,0.0,,,,,0.0,,,,,,,,,,,,,,,,""
15169338923,"Jul 19, 2025, 4:51:07 PM",Evening Trail Run,Run,,4291,9.43,167.0,45,,,,activities/16198675851.fit.gz,,,4291.0,4128.0,9431.7,3.74,2.285,361.0,362.0,211.2,439.4,49.1,0.0,,,115.0,73.0,167.0,134.0,,,550.0,,29.0,45.0,,,,,,,,,,,,,0.0,,1.0,10992.7,,,,,,,,,,,,,,,,,,,,,,,,,,0.0,2.198,8016.3,,,,9848.0,0.0,,,,2.663,,,,,,,,,,,,""
15169335295,"Jul 18, 2025, 3:53:46 PM",Evening Trail Run,Run,,2185,5.07,162.0,51,,,,activities/16198671999.fit.gz,,,2185.0,2128.0,5076.6,4.18,2.386,33.0,38.0,204.6,216.0,12.8,-0.1,,,85.0,82.0,162.0,147.0,,,304.0,,31.0,51.0,,,,,,,,,,,,,0.0,,1.0,5125.1,,,,,,,,,,,,,,,,,,,,,,,,,,0.0,2.323,4579.0,,,,6016.0,0.0,,,,2.408,,,,,,,,,,,,""
15103461060,"Jul 13, 2025, 3:31:02 PM",Evening Trail Run,Run,,5932,11.06,176.0,93,,,,activities/16126468664.fit.gz,,,5932.0,5821.0,11061.2,3.629,1.9,478.0,467.0,208.2,454.4,45.7,0.1,,,116.0,68.0,176.0,144.0,,,752.0,,31.0,93.0,,,,,,,,,,,,,0.0,,1.0,13459.3,,,,,,,,,,,,,,,,,,,,,,,,,,0.0,1.865,8411.8,,,,12676.0,,,,,2.312,,,,,,,,,,,,""
15103455431,"Jul 12, 2025, 4:40:27 PM",Evening Trail Run,Run,,1437,1.71,128.0,3,,,,activities/16126462740.fit.gz,,,1437.0,1330.0,1710.7,2.483,1.286,82.0,89.0,213.8,297.4,48.3,-0.4,,,122.0,58.0,128.0,102.0,,,102.0,,31.0,3.0,,,,,,,,,,,,,0.0,,1.0,2111.1,,,,,,,,,,,,,,,,,,,,,,,,,,0.0,1.19,1143.3,,,,2344.0,,,,,1.587,,,,,,,,,,,,""
15082058619,"Jul 11, 2025, 4:19:30 PM",Evening Trail Run,Run,,4645,8.00,160.0,23,,,,activities/16102938283.fit.gz,,,4645.0,4228.0,8008.3,3.457,1.894,369.0,374.0,209.8,453.6,48.9,-0.1,,,122.0,72.0,160.0,129.0,,,496.0,,29.0,23.0,,,,,,,,,,,,,0.0,,1.0,9805.3,,,,,,,,,,,,,,,,,,,,,,,,,,0.0,1.724,6029.6,,,,9598.0,,,,,2.319,,,,,,,,,,,,""
15065642919,"Jul 9, 2025, 4:53:20 PM",Evening Trail Run,Run,,4679,8.93,160.0,40,,,,activities/16084946963.fit.gz,,,4679.0,4673.0,8934.1,3.6,1.912,489.0,484.0,208.4,453.6,49.0,0.0,,,117.0,69.0,160.0,136.0,,,580.0,,31.0,40.0,,,,,,,,,,,,,0.0,,1.0,11656.0,,,,,,,,,,,,,,,,,,,,,,,,,,0.0,1.909,5360.3,,,,10638.0,,,,,2.494,,,,,,,,,,,,""
15065642819,"Jul 8, 2025, 3:17:02 PM",Evening Run,Run,,3280,7.49,171.0,45,,,,activities/16084946859.fit.gz,,,3280.0,3094.0,7489.3,4.18,2.421,66.0,57.0,198.2,224.2,23.5,0.1,,,86.0,81.0,171.0,143.0,,,428.0,,33.0,45.0,,,,,,,,,,,,,0.0,,1.0,7642.8,,,,,,,,,,,,,,,,,,,,,,,,,,0.0,2.283,6803.7,,,,7894.0,,,,,2.47,,,,,,,,,,,,""
15046724553,"Jul 7, 2025, 5:30:56 PM",Evening Run,Run,,2160,5.01,151.0,14,,,,activities/16064420359.fit.gz,,,2160.0,2124.0,5013.1,5.1,2.36,104.0,108.0,178.0,215.8,23.4,-0.1,,,104.0,81.0,151.0,133.0,,,290.0,,30.0,14.0,,,,,,,,,,,,,0.0,,1.0,5296.9,,,,,,,,,,,,,,,,,,,,,,,,,,0.0,2.321,2415.5,,,,5818.0,,,,,2.494,,,,,,,,,,,,""
15029658900,"Jul 6, 2025, 10:47:17 AM",Afternoon Stand Up Paddling,Stand Up Paddling,,11167,5.63,133.0,9,,,,activities/16045532333.fit.gz,,,11167.0,5236.0,5637.7,3.25,1.077,44.1,47.7,-3.9,24.5,40.9,-0.1,,,74.0,30.0,133.0,86.0,,,350.0,,32.0,9.0,,,,,,,,,,,,,0.0,,1.0,,,,,,,,,,,,,,,,,,,,,,,,,,,0.0,0.505,4543.4,,,,,,,,,,,,,,,,,,,,,""
15029656381,"Jul 4, 2025, 3:30:31 PM",Evening Trail Run,Run,,4582,5.26,141.0,12,,,,activities/16045529488.fit.gz,,,4582.0,4164.0,5267.9,3.529,1.265,310.0,318.0,210.2,430.4,47.5,-0.1,,,124.0,56.0,141.0,111.0,,,341.0,,30.0,12.0,,,,,,,,,,,,,0.0,,1.0,7184.7,,,,,,,,,,,,,,,,,,,,,,,,,,0.0,1.15,2786.9,,,,8226.0,,,,,1.725,,,,,,,,,,,,""
15029656239,"Jul 2, 2025, 10:31:51 AM",Afternoon Weight Training,Weight Training,,1146,0,133.0,3,,,,activities/16045529286.fit.gz,,,1146.0,1146.0,0.0,0.0,0.0,0.0,0.0,0.0,0.0,0.0,0.0,,,,,133.0,106.0,,,90.0,,30.0,3.0,,,,,,,,,,,,,0.0,,1.0,,,,,,,,,,,,,,,,,,,,,,,,,,,0.0,0.0,0.0,,,,,,,,,,,88.0,,,,,,,,,,""
15029653151,"Jul 2, 2025, 10:08:16 AM",Afternoon Ride,Ride,,1202,0,113.0,2,,,,activities/16045525658.fit.gz,,,1202.0,1202.0,0.0,0.0,0.0,0.0,0.0,0.0,0.0,0.0,0.0,,,,,113.0,92.0,,,66.0,,32.0,2.0,,,,,,,,,,,,,0.0,,1.0,,,,,,,,,,,,,,,,,,,,,,,,,,,0.0,0.0,0.0,,,,,,,,,,,,,,,,,,,,,""
14960359192,"Jun 29, 2025, 10:00:05 AM",Afternoon Hike,Run,"",2952,2.65,120.0,3,,,,activities/15969205607.fit.gz,,,2952.0,1600.0,2653.1,7.467,1.658,95.0,90.0,612.0,688.8,44.1,0.2,,,120.0,56.0,120.0,95.0,,,147.0,,24.0,3.0,,,,,,,,,,,0.0,,0.0,,1.0,3046.8,,,,,,,,,,,,,,,,,,,,,,,,,,0.0,0.899,0.0,,,,3272.0,,,,,,,3272.0,,,,,,,,,,""
14941207495,"Jun 28, 2025, 8:05:06 AM",Zireia summit,Hike,"",9108,10.79,165.0,131,,,,activities/15948080601.fit.gz,,,9108.0,7806.0,10798.3,3.6,1.383,890.0,887.0,1501.0,2369.0,49.0,0.0,,,124.0,65.0,165.0,144.0,,,1019.0,,28.0,131.0,,,,,,,,,,,0.0,,0.0,,1.0,17036.2,,,,,,,,,,,,,,,,,,,,,,,,,,0.0,1.186,10379.9,,,,15808.0,,,,,2.327,,,,,,,,,,,,""
14924311072,"Jun 26, 2025, 4:57:22 PM",Evening Run,Run,,2391,7.38,168.0,32,,,,activities/15929538778.fit.gz,,,2391.0,2191.0,7381.9,12.276,3.369,151.0,149.0,145.4,215.8,18.0,0.0,,,88.0,83.0,168.0,142.0,,,346.0,,32.0,32.0,,,,,,,,,,,,,0.0,,1.0,7763.6,,,,,,,,,,,,,,,,,,,,,,,,,,0.0,3.087,1538.3,,,,6586.0,,,,,3.222,,,,,,,,,,,,""
14924310971,"Jun 24, 2025, 3:52:18 PM",Evening Trail Run,Run,,4527,10.50,158.0,42,,,,activities/15929538681.fit.gz,,,4527.0,4491.0,10502.9,3.714,2.339,356.0,344.0,205.0,353.6,46.3,0.1,,,88.0,78.0,158.0,137.0,,,619.0,,32.0,42.0,,,,,,,,,,,,,0.0,,1.0,12031.4,,,,,,,,,,,,,,,,,,,,,,,,,,0.0,2.32,9101.4,,,,11366.0,,,,,2.679,,,,,,,,,,,,""
14924305078,"Jun 23, 2025, 9:56:36 AM",Lunch Run,Run,,1928,5.02,159.0,24,,,,activities/15929532501.fit.gz,,,1928.0,1824.0,5021.8,4.683,2.753,34.0,31.0,199.6,208.6,16.1,0.1,,,89.0,83.0,159.0,141.0,,,283.0,,32.0,24.0,,,,,,,,,,,,,0.0,,1.0,5078.4,,,,,,,,,,,,,,,,,,,,,,,,,,0.0,2.605,5012.9,,,,5118.0,,,,,2.784,,,,,,,,,,,,""
14924305053,"Jun 22, 2025, 11:34:27 AM",Afternoon Swim,Swim,,842,359,62.0,0,,,,activities/15929532477.fit.gz,,,842.0,842.0,359.1,1.22,0.426,0.0,0.0,12.2,12.2,0.0,0.0,,,48.0,30.0,62.0,62.0,,,52.0,,24.0,0.0,,,,,,,,,,,,,0.0,,1.0,,,,,,,,,,,,,,,,,,,,,,,,,,,0.0,0.426,0.0,,,,,,,,,,,,,,,,,,,,,""
14924305167,"Jun 21, 2025, 7:14:30 AM",Morning Trail Run,Run,,4927,9.73,166.0,90,,,,activities/15929532522.fit.gz,,,4927.0,4889.0,9733.7,4.04,1.991,505.0,496.0,208.8,451.2,47.4,0.1,,,106.0,69.0,166.0,148.0,,,661.0,,32.0,90.0,,,,,,,,,,,,,0.0,,1.0,12154.6,,,,,,,,,,,,,,,,,,,,,,,,,,0.0,1.976,5366.5,,,,10834.0,,,,,2.486,,,,,,,,,,,,""
14857605853,"Jun 19, 2025, 9:58:30 AM",Lunch Run,Run,,1976,4.51,155.0,10,,,,activities/15857121105.fit.gz,,,1976.0,1798.0,4511.5,4.86,2.509,32.0,31.0,202.4,212.4,27.2,0.0,,,115.0,80.0,155.0,132.0,,,255.0,,33.0,10.0,,,,,,,,,,,,,0.0,,1.0,4577.1,,,,,,,,,,,,,,,,,,,,,,,,,,0.0,2.283,4511.5,,,,4796.0,,,,,2.546,,,,,,,,,,,,""
14838138419,"Jun 18, 2025, 9:04:10 AM",Lunch Weight Training,Weight Training,,1495,0,131.0,4,,,,activities/15836040759.fit.gz,,,1495.0,1495.0,0.0,0.0,0.0,0.0,0.0,0.0,0.0,0.0,0.0,,,,,131.0,107.0,,,114.0,,30.0,4.0,,,,,,,,,,,,,0.0,,1.0,,,,,,,,,,,,,,,,,,,,,,,,,,,0.0,0.0,0.0,,,,,,,,,,,30.0,,,,,,,,,,""
14838138099,"Jun 18, 2025, 7:35:33 AM",Morning Trail Run,Run,,4240,8.52,157.0,56,,,,activities/15836040285.fit.gz,,,4240.0,3933.0,8526.1,5.833,2.168,320.0,314.0,209.4,450.0,40.7,0.1,,,123.0,75.0,157.0,143.0,,,541.0,,33.0,56.0,,,,,,,,,,,,,0.0,,1.0,9798.2,,,,,,,,,,,,,,,,,,,,,,,,,,0.0,2.011,6312.0,,,,9740.0,,,,,2.491,,,,,,,,,,,,""
14838138013,"Jun 17, 2025, 5:44:39 PM",Evening Weight Training,Weight Training,,1331,0,131.0,3,,,,activities/15836040439.fit.gz,,,1331.0,1331.0,0.0,0.0,0.0,0.0,0.0,0.0,0.0,0.0,0.0,,,,,131.0,107.0,,,102.0,,31.0,3.0,,,,,,,,,,,,,0.0,,1.0,,,,,,,,,,,,,,,,,,,,,,,,,,,0.0,0.0,0.0,,,,,,,,,,,14.0,,,,,,,,,,""
14838138494,"Jun 17, 2025, 5:12:34 PM",Evening Run,Run,,1803,5.42,162.0,24,,,,activities/15836040773.fit.gz,,,1803.0,1803.0,5423.9,4.24,3.008,0.0,0.0,0.0,0.0,0.0,0.0,,,89.0,78.0,162.0,139.0,,,246.0,,32.0,24.0,,,,,,,,,,,,,0.0,,1.0,5423.9,,,,,,,,,,,,,,,,,,,,,,,,,,0.0,3.008,0.0,,,,4664.0,,,,,,,,,,,,,,,,,""
14838132438,"Jun 16, 2025, 5:57:17 PM",Evening Weight Training,Weight Training,,1208,0,119.0,2,,,,activities/15836034090.fit.gz,,,1208.0,1208.0,0.0,0.0,0.0,0.0,0.0,0.0,0.0,0.0,0.0,,,,,119.0,94.0,,,70.0,,31.0,2.0,,,,,,,,,,,,,0.0,,1.0,,,,,,,,,,,,,,,,,,,,,,,,,,,0.0,0.0,0.0,,,,,,,,,,,172.0,,,,,,,,,,""
14838132456,"Jun 16, 2025, 5:09:15 PM",Evening Run,Run,,2004,5.20,134.0,7,,,,activities/15836034115.fit.gz,,,2004.0,2004.0,5201.2,3.48,2.595,34.0,36.0,207.6,217.2,20.5,-0.1,,,85.0,82.0,134.0,120.0,,,261.0,,28.0,7.0,,,,,,,,,,,,,0.0,,1.0,5248.1,,,,,,,,,,,,,,,,,,,,,,,,,,0.0,2.595,4719.8,,,,5504.0,,,,,2.619,,,,,,,,,,,,""
14817518705,"Jun 15, 2025, 11:50:26 AM",Afternoon Swim,Swim,,312,153,,,,,,activities/15813857844.fit.gz,,,312.0,312.0,152.9,0.8,0.49,0.0,0.0,12.2,12.2,0.0,0.0,,,44.0,30.0,,,,,22.0,,24.0,,,,,,,,,,,,,,0.0,,1.0,,,,,,,,,,,,,,,,,,,,,,,,,,,0.0,0.49,0.0,,,,,,,,,,,,,,,,,,,,,""
14817518713,"Jun 15, 2025, 9:54:44 AM",Lunch Stand Up Paddling,Stand Up Paddling,,6066,4.62,123.0,11,,,,activities/15813857886.fit.gz,,,6066.0,4142.0,4620.1,2.1,1.115,3.9,3.9,5.2,9.1,33.3,0.0,,,69.0,32.0,123.0,105.0,,,321.0,,34.0,11.0,,,,,,,,,,,,,0.0,,1.0,,,,,,,,,,,,,,,,,,,,,,,,,,,0.0,0.762,4620.1,,,,,,,,,,,,,,,,,,,,,""
14817514472,"Jun 14, 2025, 9:46:57 AM",Lunch Run,Run,,1664,5.00,177.0,42,,,,activities/15813853183.fit.gz,,,1664.0,1466.0,5001.8,11.653,3.412,23.0,23.0,205.0,209.8,11.7,0.0,,,85.0,82.0,177.0,157.0,,,269.0,,32.0,42.0,,,,,,,,,,,,,0.0,,1.0,5026.2,,,,,,,,,,,,,,,,,,,,,,,,,,0.0,3.006,5003.1,,,,4576.0,,,,,3.429,,,,,,,,,,,,""
14817513681,"Jun 12, 2025, 5:12:53 PM",Evening Weight Training,Weight Training,,348,0,121.0,0,,,,activities/15813852504.fit.gz,,,348.0,348.0,0.0,0.0,0.0,0.0,0.0,0.0,0.0,0.0,0.0,,,,,121.0,104.0,,,28.0,,32.0,0.0,,,,,,,,,,,,,0.0,,1.0,,,,,,,,,,,,,,,,,,,,,,,,,,,0.0,0.0,0.0,,,,,,,,,,,100.0,,,,,,,,,,""
14817514548,"Jun 12, 2025, 10:08:56 AM",Afternoon Ride,Ride,,1202,0,101.0,2,,,,activities/15813853296.fit.gz,,,1202.0,1202.0,0.0,0.0,0.0,0.0,0.0,0.0,0.0,0.0,0.0,,,,,101.0,90.0,,,62.0,,33.0,2.0,,,,,,,,,,,,,0.0,,1.0,,,,,,,,,,,,,,,,,,,,,,,,,,,0.0,0.0,0.0,,,,,,,,,,,,,,,,,,,,,""
14817515227,"Jun 11, 2025, 6:12:22 PM",Night Run,Run,,909,2.00,130.0,2,,,,activities/15813854030.fit.gz,,,909.0,901.0,2004.8,3.557,2.225,25.0,25.0,199.6,219.0,15.0,0.0,,,85.0,82.0,130.0,114.0,,,102.0,,30.0,2.0,,,,,,,,,,,,,0.0,,1.0,2072.8,,,,,,,,,,,,,,,,,,,,,,,,,,0.0,2.206,1431.0,,,,2488.0,,,,,2.301,,,,,,,,,,,,""
14734663222,"Jun 8, 2025, 4:05:05 AM",1st ultra evritania trail races,Run,"",32077,58.86,187.0,680,,,,activities/15724178640.fit.gz,,,32077.0,31138.0,58862.6,5.14,1.89,3224.0,3217.0,805.4,1808.0,49.1,0.0,,,122.0,71.0,187.0,149.0,,,3616.0,,27.0,680.0,,,,,,,,,,,0.0,,0.0,,1.0,76799.2,,,,,,,,,,,,,,,,,,,,,,,,,,0.0,1.835,4413.1,,,,69550.0,,,,,2.466,,,,,,,,,,,,""
14734635604,"Jun 8, 2025, 3:44:12 AM",Morning Trail Run,Run,,557,1.05,147.0,3,,,,activities/15724148576.fit.gz,,,557.0,486.0,1057.4,2.883,2.176,11.0,12.0,1013.0,1023.0,40.0,-0.2,,,83.0,80.0,147.0,134.0,,,66.0,,22.0,3.0,,,,,,,,,,,,,0.0,,1.0,1081.7,,,,,,,,,,,,,,,,,,,,,,,,,,0.0,1.898,0.0,,,,1360.0,,,,,2.226,,,,,,,,,,,,""
14734635597,"Jun 7, 2025, 1:08:50 PM",Afternoon Trail Run,Run,,1085,2.15,155.0,8,,,,activities/15724148460.fit.gz,,,1085.0,1026.0,2149.5,4.917,2.095,71.0,67.0,1110.4,1152.8,33.3,0.0,,,120.0,81.0,155.0,136.0,,,139.0,,28.0,8.0,,,,,,,,,,,,,0.0,,1.0,2441.3,,,,,,,,,,,,,,,,,,,,,,,,,,0.0,1.981,0.0,,,,2770.0,,,,,2.379,,,,,,,,,,,,""
14707987894,"Jun 5, 2025, 4:50:39 PM",Evening Trail Run,Run,"",3129,7.24,151.0,21,,,,activities/15695301839.fit.gz,,,3129.0,3069.0,7241.6,4.367,2.36,252.0,243.0,203.4,430.8,50.0,0.2,,,100.0,77.0,151.0,131.0,,,412.0,,29.0,21.0,,,,,,,,,,,0.0,,0.0,,1.0,8225.4,,,,,,,,,,,,,,,,,,,,,,,,,,0.0,2.314,4805.4,,,,7820.0,,,,,2.68,,,,,,,,,,,,""
14707987843,"Jun 4, 2025, 10:24:13 AM",Afternoon Trail Run,Run,,1850,4.18,147.0,12,,,,activities/15695301764.fit.gz,,,1850.0,1831.0,4187.7,3.433,2.287,147.0,148.0,215.8,363.4,32.7,0.0,,,84.0,79.0,147.0,134.0,,,242.0,,35.0,12.0,,,,,,,,,,,,,0.0,,1.0,4676.5,,,,,,,,,,,,,,,,,,,,,,,,,,0.0,2.264,3536.3,,,,4760.0,,,,,2.554,,,,,,,,,,,,""
14682632794,"Jun 3, 2025, 10:25:36 AM",Afternoon Run,Run,,2698,6.00,172.0,29,,,,activities/15668133935.fit.gz,,,2698.0,2229.0,6008.0,5.04,2.695,25.0,32.0,207.0,216.2,14.7,-0.1,,,110.0,84.0,172.0,142.0,,,363.0,,32.0,29.0,,,,,,,,,,,,,0.0,,1.0,6028.9,,,,,,,,,,,,,,,,,,,,,,,,,,0.0,2.227,6009.2,,,,6342.0,,,,,2.705,,,,,,,,,,,,""
14682628211,"Jun 2, 2025, 10:26:43 AM",Afternoon Run,Run,,1863,4.67,142.0,8,,,,activities/15668129202.fit.gz,,,1863.0,1863.0,4674.9,3.278,2.509,19.0,28.0,201.6,214.2,13.2,-0.2,,,86.0,83.0,142.0,126.0,,,255.0,,29.0,8.0,,,,,,,,,,,,,0.0,,1.0,4679.9,,,,,,,,,,,,,,,,,,,,,,,,,,0.0,2.509,4675.2,,,,5184.0,,,,,2.512,,,,,,,,,,,,""
14658484799,"Jun 1, 2025, 5:55:34 AM",Morning Trail Run,Run,,3386,3.07,173.0,62,,,,activities/15642175089.fit.gz,,,3386.0,2543.0,3071.4,3.26,1.208,583.0,8.0,484.6,1068.8,50.0,-0.2,,,106.0,61.0,173.0,151.0,,,393.0,,24.0,62.0,,,,,,,,,,,,,0.0,,1.0,6875.5,,,,,,,,,,,,,,,,,,,,,,,,,,0.0,0.907,1485.5,,,,4438.0,,,,,2.704,,,,,,,,,,,,""
14658481758,"Jun 1, 2025, 4:57:55 AM",Morning Trail Run,Run,,2617,2.72,163.0,39,,,,activities/15642171661.fit.gz,,,2617.0,2506.0,2727.4,3.02,1.088,584.0,5.0,494.0,1073.6,50.0,21.3,,,87.0,61.0,163.0,142.0,,,370.0,,23.0,39.0,,,,,,,,,,,,,0.0,,1.0,6400.8,,,,,,,,,,,,,,,,,,,,,,,,,,0.0,1.042,1488.9,,,,4282.0,,,,,2.554,,,,,,,,,,,,""
14649676998,"May 31, 2025, 8:10:57 AM",Lunch Trail Run,Run,,6156,16.79,167.0,143,,,,activities/15632663511.fit.gz,,,6156.0,6022.0,16789.3,4.671,2.788,446.0,448.0,492.4,932.8,39.3,0.0,,,93.0,86.0,167.0,151.0,,,950.0,,22.0,143.0,,,,,,,,,,,,,0.0,,1.0,17756.0,,,,,,,,,,,,,,,,,,,,,,,,,,0.0,2.727,588.4,,,,17204.0,,,,,2.949,,,,,,,,,,,,""
14643894936,"May 30, 2025, 1:59:03 PM",Afternoon Trail Run,Run,"",4172,9.45,168.0,46,,,,activities/15626431304.fit.gz,,,4172.0,4099.0,9452.5,3.5,2.306,384.0,377.0,207.0,363.4,41.9,0.1,,,121.0,80.0,168.0,139.0,,,569.0,,26.0,46.0,,,,,,,,,,,0.0,,0.0,,1.0,11026.5,,,,,,,,,,,,,,,,,,,,,,,,,,0.0,2.266,7394.0,,,,10914.0,,,,,2.69,,,,,,,,,,,,""
14637578727,"May 29, 2025, 9:57:05 AM",Lunch Run,Run,,3138,9.03,169.0,50,,,,activities/15619606506.fit.gz,,,3138.0,2864.0,9029.7,4.5,3.153,43.0,41.0,206.2,214.4,9.2,0.0,,,110.0,85.0,169.0,145.0,,,479.0,,28.0,50.0,,,,,,,,,,,,,0.0,,1.0,9072.4,,,,,,,,,,,,,,,,,,,,,,,,,,0.0,2.878,9029.7,,,,8300.0,,,,,3.168,,,,,,,,,,,,""
14609494178,"May 27, 2025, 9:55:55 AM",Lunch Run,Run,,3895,10.04,173.0,57,,,,activities/15589524099.fit.gz,,,3895.0,3534.0,10045.6,4.78,2.843,112.0,110.0,208.0,255.4,14.2,0.0,,,91.0,84.0,173.0,145.0,,,549.0,,28.0,57.0,,,,,,,,,,,,,0.0,,1.0,10305.6,,,,,,,,,,,,,,,,,,,,,,,,,,0.0,2.579,8649.4,,,,9946.0,,,,,2.916,,,,,,,,,,,,""
14609494305,"May 26, 2025, 3:23:43 PM",Evening Trail Run,Run,,5456,14.02,165.0,92,,,,activities/15589524174.fit.gz,,,5456.0,5448.0,14026.9,3.957,2.575,387.0,380.0,178.8,431.0,18.3,0.0,,,89.0,84.0,165.0,145.0,,,786.0,,25.0,92.0,,,,,,,,,,,,,0.0,,1.0,15141.9,,,,,,,,,,,,,,,,,,,,,,,,,,0.0,2.571,11476.3,,,,15232.0,,,,,2.779,,,,,,,,,,,,""
14588393558,"May 25, 2025, 7:44:00 AM",Morning Trail Run,Run,,8779,15.00,188.0,131,,,,activities/15566757842.fit.gz,,,8779.0,8322.0,15008.7,5.24,1.803,963.0,387.0,496.0,1343.4,48.3,3.8,,,117.0,70.0,188.0,144.0,,,1045.0,,25.0,131.0,,,,,,,,,,,,,0.0,,1.0,20156.9,,,,,,,,,,,,,,,,,,,,,,,,,,0.0,1.71,6510.8,,,,18780.0,,,,,2.422,,,,,,,,,,,,""
14578284241,"May 24, 2025, 8:02:26 AM",Lunch Trail Run,Run,"",8352,18.03,169.0,181,,,,activities/15555851819.fit.gz,,,8352.0,8112.0,18036.6,3.38,2.223,787.0,205.0,493.6,1166.4,30.4,3.2,,,110.0,83.0,169.0,150.0,,,1175.0,,29.0,181.0,,,,,,,,,,,0.0,,0.0,,1.0,20996.9,,,,,,,,,,,,,,,,,,,,,,,,,,0.0,2.16,12849.0,,,,22522.0,,,,,2.588,,,,,,,,,,,,""
14578277697,"May 23, 2025, 5:49:42 AM",Morning Run,Run,,2054,5.15,152.0,24,,,,activities/15555844818.fit.gz,,,2054.0,2036.0,5151.1,3.867,2.53,53.0,47.0,180.0,214.4,29.9,0.1,,,89.0,83.0,152.0,141.0,,,288.0,,27.0,24.0,,,,,,,,,,,,,0.0,,1.0,5306.8,,,,,,,,,,,,,,,,,,,,,,,,,,0.0,2.508,4255.7,,,,5634.0,,,,,2.606,,,,,,,,,,,,""
14561537060,"May 22, 2025, 1:58:53 PM",Afternoon Trail Run,Run,"",5044,12.00,164.0,72,,,,activities/15537803762.fit.gz,,,5044.0,4939.0,12005.1,4.5,2.431,339.0,330.0,210.2,448.8,30.8,0.1,,,122.0,81.0,164.0,143.0,,,681.0,,30.0,72.0,,,,,,,,,,,0.0,,0.0,,1.0,12901.7,,,,,,,,,,,,,,,,,,,,,,,,,,0.0,2.38,10893.5,,,,13140.0,,,,,2.612,,,,,,,,,,,,""
14561536883,"May 21, 2025, 2:51:00 PM",Afternoon Trail Run,Run,,3564,10.20,153.0,34,,,,activities/15537803467.fit.gz,,,3564.0,3559.0,10206.9,4.537,2.868,62.0,53.0,209.4,221.4,14.9,0.1,,,88.0,83.0,153.0,138.0,,,551.0,,28.0,34.0,,,,,,,,,,,,,0.0,,1.0,10312.3,,,,,,,,,,,,,,,,,,,,,,,,,,0.0,2.864,9429.3,,,,9932.0,,,,,2.898,,,,,,,,,,,,""
14561531718,"May 20, 2025, 10:10:15 AM",Afternoon Ride,Ride,,1201,0,112.0,3,,,,activities/15537798138.fit.gz,,,1201.0,1201.0,0.0,0.0,0.0,0.0,0.0,0.0,0.0,0.0,0.0,,,,,112.0,101.0,,,80.0,,29.0,3.0,,,,,,,,,,,,,0.0,,1.0,,,,,,,,,,,,,,,,,,,,,,,,,,,0.0,0.0,0.0,,,,,,,,,,,,,,,,,,,,,""
14517023266,"May 18, 2025, 5:33:04 AM",Goulinas 30,Run,"",14115,29.29,184.0,472,,,,activities/15489365353.fit.gz,,,14115.0,14114.0,29297.1,5.36,2.076,1900.0,1898.0,223.8,1449.4,50.0,0.0,,,123.0,71.0,184.0,160.0,,,1888.0,,21.0,472.0,,,,,,,,,,,0.0,,0.0,,1.0,40491.1,,,,,,,,,,,,,,,,,,,,,,,,,,0.0,2.076,2708.8,,,,33076.0,,,,,2.869,,,,,,,,,,,,""
14517008661,"May 18, 2025, 5:16:17 AM",Morning Trail Run,Run,,630,1.17,144.0,3,,,,activities/15489349259.fit.gz,,,630.0,524.0,1176.9,3.767,2.246,18.0,12.0,217.2,224.4,10.3,0.6,,,85.0,81.0,144.0,131.0,,,72.0,,23.0,3.0,,,,,,,,,,,,,0.0,,1.0,1221.7,,,,,,,,,,,,,,,,,,,,,,,,,,0.0,1.868,971.6,,,,1502.0,,,,,2.331,,,,,,,,,,,,""
14511752188,"May 17, 2025, 11:09:11 AM",Afternoon Trail Run,Run,,1193,1.27,132.0,2,,,,activities/15483150430.fit.gz,,,1193.0,894.0,1270.5,2.18,1.421,86.0,91.0,389.8,472.0,39.6,-0.3,,,124.0,59.0,132.0,105.0,,,95.0,,24.0,2.0,,,,,,,,,,,,,0.0,,1.0,1783.1,,,,,,,,,,,,,,,,,,,,,,,,,,0.0,1.065,0.0,,,,1752.0,,,,,1.995,,,,,,,,,,,,""
14511752104,"May 17, 2025, 9:59:15 AM",Lunch Trail Run,Run,,3884,3.64,150.0,8,,,,activities/15483150339.fit.gz,,,3884.0,2217.0,3648.1,3.683,1.646,214.0,201.0,365.2,520.2,48.9,0.3,,,123.0,71.0,150.0,114.0,,,299.0,,27.0,8.0,,,,,,,,,,,,,0.0,,1.0,4929.1,,,,,,,,,,,,,,,,,,,,,,,,,,0.0,0.939,2141.2,,,,4786.0,,,,,2.223,,,,,,,,,,,,""
14498071150,"May 15, 2025, 4:43:57 PM",Evening Trail Run,Run,,2906,6.63,158.0,20,,,,activities/15468227070.fit.gz,,,2906.0,2821.0,6630.9,4.22,2.351,180.0,178.0,207.2,369.2,28.3,0.0,,,120.0,81.0,158.0,133.0,,,388.0,,22.0,20.0,,,,,,,,,,,,,0.0,,1.0,7212.0,,,,,,,,,,,,,,,,,,,,,,,,,,0.0,2.282,5949.6,,,,7592.0,,,,,2.557,,,,,,,,,,,,""
14489650504,"May 14, 2025, 2:35:37 PM",Afternoon Trail Run,Run,,3666,7.41,145.0,16,,,,activities/15459194737.fit.gz,,,3666.0,3654.0,7418.7,3.16,2.03,265.0,272.0,211.6,435.6,35.0,-0.1,,,112.0,79.0,145.0,124.0,,,419.0,,24.0,16.0,,,,,,,,,,,,,0.0,,1.0,8421.7,,,,,,,,,,,,,,,,,,,,,,,,,,0.0,2.024,5017.9,,,,9686.0,,,,,2.305,,,,,,,,,,,,""
14467288822,"May 13, 2025, 10:10:09 AM",Afternoon Run,Run,,1847,5.15,142.0,9,,,,activities/15435503186.fit.gz,,,1847.0,1847.0,5151.4,4.2,2.789,33.0,37.0,207.2,215.4,8.5,-0.1,,,86.0,84.0,142.0,130.0,,,265.0,,25.0,9.0,,,,,,,,,,,,,0.0,,1.0,5173.6,,,,,,,,,,,,,,,,,,,,,,,,,,0.0,2.789,5151.4,,,,5204.0,,,,,2.793,,,,,,,,,,,,""
14459334812,"May 12, 2025, 4:49:37 PM",Evening Run,Run,,3562,8.99,162.0,42,,,,activities/15427097763.fit.gz,,,3562.0,3341.0,8994.5,6.06,2.692,72.0,66.0,198.0,216.6,16.9,0.1,,,121.0,82.0,162.0,140.0,,,483.0,,21.0,42.0,,,,,,,,,,,,,0.0,,1.0,9146.2,,,,,,,,,,,,,,,,,,,,,,,,,,0.0,2.525,8304.4,,,,9188.0,,,,,2.738,,,,,,,,,,,,""
14443409282,"May 11, 2025, 7:13:00 AM",Morning Trail Run,Run,,6294,10.94,167.0,92,,,,activities/15410222633.fit.gz,,,6294.0,6079.0,10946.0,3.8,1.801,699.0,698.0,490.8,1066.6,50.0,0.0,,,98.0,74.0,167.0,142.0,,,772.0,,26.0,92.0,,,,,,,,,,,,,0.0,,1.0,15229.8,,,,,,,,,,,,,,,,,,,,,,,,,,0.0,1.739,7885.7,,,,14564.0,,,,,2.505,,,,,,,,,,,,""
14438920482,"May 10, 2025, 6:11:02 AM",Morning Trail Run,Run,,9257,13.43,177.0,122,,,,activities/15405424287.fit.gz,,,9257.0,8687.0,13437.2,3.46,1.547,970.0,962.0,496.6,1333.6,49.5,0.0,,,121.0,70.0,177.0,140.0,,,1024.0,,26.0,122.0,,,,,,,,,,,,,0.0,,1.0,19710.5,,,,,,,,,,,,,,,,,,,,,,,,,,0.0,1.452,12424.5,,,,19562.0,,,,,2.269,,,,,,,,,,,,""
14438913937,"May 9, 2025, 4:17:36 PM",Evening Trail Run,Run,,3973,10.01,172.0,74,,,,activities/15405417521.fit.gz,,,3973.0,3895.0,10011.7,4.85,2.57,320.0,315.0,141.6,450.6,17.7,0.0,,,123.0,84.0,172.0,144.0,,,569.0,,26.0,74.0,,,,,,,,,,,,,0.0,,1.0,10950.6,,,,,,,,,,,,,,,,,,,,,,,,,,0.0,2.52,6070.9,,,,10774.0,,,,,2.811,,,,,,,,,,,,""
14405044806,"May 7, 2025, 9:59:03 AM",Lunch Trail Run,Run,,7109,14.32,192.0,177,,,,activities/15369756370.fit.gz,,,7109.0,7008.0,14321.9,3.983,2.044,769.0,769.0,211.4,450.4,49.1,0.0,,,106.0,71.0,192.0,152.0,,,986.0,,30.0,177.0,,,,,,,,,,,,,0.0,,1.0,18424.1,,,,,,,,,,,,,,,,,,,,,,,,,,0.0,2.015,10119.5,,,,15642.0,,,,,2.629,,,,,,,,,,,,""
14405040190,"May 6, 2025, 11:09:27 AM",Afternoon Run,Run,,2033,5.58,152.0,20,,,,activities/15369751548.fit.gz,,,2033.0,1990.0,5582.9,4.033,2.805,28.0,32.0,203.4,217.4,15.7,-0.1,,,87.0,85.0,152.0,138.0,,,303.0,,31.0,20.0,,,,,,,,,,,,,0.0,,1.0,5623.7,,,,,,,,,,,,,,,,,,,,,,,,,,0.0,2.746,5555.9,,,,5612.0,,,,,2.826,,,,,,,,,,,,""
14405038733,"May 5, 2025, 5:30:27 PM",Evening Run,Run,,2189,5.00,148.0,10,,,,activities/15369749944.fit.gz,,,2189.0,2003.0,5003.5,4.488,2.498,66.0,70.0,196.2,215.0,22.5,-0.1,,,96.0,83.0,148.0,127.0,,,272.0,,25.0,10.0,,,,,,,,,,,,,0.0,,1.0,5148.8,,,,,,,,,,,,,,,,,,,,,,,,,,0.0,2.286,4280.7,,,,5666.0,,,,,2.571,,,,,,,,,,,,""
14384683551,"May 5, 2025, 9:52:52 AM",Lunch Trail Run,Run,,3980,9.51,155.0,32,,,,activities/15348414691.fit.gz,,,3980.0,3980.0,9514.5,3.78,2.391,351.0,347.0,207.8,440.2,21.2,0.1,,,87.0,82.0,155.0,135.0,,,529.0,,29.0,32.0,,,,,,,,,,,,,0.0,,1.0,10629.8,,,,,,,,,,,,,,,,,,,,,,,,,,0.0,2.391,7475.8,,,,10904.0,,,,,2.671,,,,,,,,,,,,""
14373558357,"May 4, 2025, 7:53:17 AM",Morning Trail Run,Run,"",9662,20.15,191.0,168,,,,activities/15336675792.fit.gz,,,9662.0,9130.0,20158.6,4.12,2.208,733.0,157.0,497.8,1084.0,49.4,2.9,,,117.0,77.0,191.0,146.0,,,1309.0,,27.0,168.0,,,,,,,,,,,0.0,,0.0,,1.0,24051.9,,,,,,,,,,,,,,,,,,,,,,,,,,0.0,2.086,15108.4,,,,22874.0,,,,,2.634,,,,,,,,,,,,""
14363527906,"May 3, 2025, 9:13:08 AM",Lunch Trail Run,Run,,7320,10.73,154.0,57,,,,activities/15326101192.fit.gz,,,7320.0,7028.0,10737.2,3.72,1.528,775.0,768.0,496.6,1159.2,49.2,0.1,,,124.0,71.0,154.0,132.0,,,749.0,,27.0,57.0,,,,,,,,,,,,,0.0,,1.0,15842.9,,,,,,,,,,,,,,,,,,,,,,,,,,0.0,1.467,10737.2,,,,16440.0,,,,,2.254,,,,,,,,,,,,""
14363519997,"May 2, 2025, 12:52:46 PM",Afternoon Run,Run,,3087,8.04,154.0,37,,,,activities/15326093031.fit.gz,,,3087.0,3030.0,8044.2,4.46,2.655,57.0,61.0,204.2,214.2,15.3,-0.1,,,88.0,85.0,154.0,137.0,,,446.0,,27.0,37.0,,,,,,,,,,,,,0.0,,1.0,8130.3,,,,,,,,,,,,,,,,,,,,,,,,,,0.0,2.606,8044.2,,,,8660.0,,,,,2.683,,,,,,,,,,,,""
14351699265,"May 2, 2025, 5:42:11 AM",Morning Trail Run,Run,,3526,4.78,168.0,57,,,,activities/15313678813.fit.gz,,,3526.0,3440.0,4782.2,3.96,1.39,511.0,521.0,207.8,330.8,49.6,-0.3,,,99.0,66.0,168.0,146.0,,,458.0,,25.0,57.0,,,,,,,,,,,,,0.0,,1.0,8668.9,,,,,,,,,,,,,,,,,,,,,,,,,,0.0,1.356,508.3,,,,7266.0,,,,,2.52,,,,,,,,,,,,""
14344836242,"May 1, 2025, 8:49:11 AM",Lunch Trail Run,Run,"",6353,17.19,173.0,159,,"",,activities/15306470371.fit.gz,,,6353.0,6333.0,17189.0,4.05,2.714,443.0,439.0,207.4,416.0,38.0,0.0,,,90.0,84.0,173.0,152.0,,,985.0,,26.0,159.0,,,,,,,,,,,,,0.0,,1.0,18461.3,,,,,,,,,,,,,,,,,,,,,,,,,,0.0,2.706,16361.0,,,,17698.0,,,,,2.915,,,0.0,0.0,,,,0.0,,,,""
14344830630,"Apr 30, 2025, 6:11:21 AM",Morning Weight Training,Weight Training,,1383,0,155.0,9,,,,activities/15306464539.fit.gz,,,1383.0,1383.0,0.0,0.0,0.0,0.0,0.0,0.0,0.0,0.0,0.0,,,,,155.0,122.0,,,152.0,,27.0,9.0,,,,,,,,,,,,,0.0,,1.0,,,,,,,,,,,,,,,,,,,,,,,,,,,0.0,0.0,0.0,,,,,,,,,,,14.0,,,,,,,,,,""
14301065571,"Apr 27, 2025, 11:45:26 AM",Afternoon Trail Run,Run,,384,0.66,152.0,3,,,,activities/15260693782.fit.gz,,,384.0,341.0,666.6,3.229,1.955,22.0,11.0,199.4,218.0,23.0,1.7,,,90.0,73.0,152.0,135.0,,,48.0,,25.0,3.0,,,,,,,,,,,,,0.0,,1.0,746.7,,,,,,,,,,,,,,,,,,,,,,,,,,0.0,1.736,55.2,,,,758.0,,,,,2.19,,,,,,,,,,,,""
14301064744,"Apr 27, 2025, 9:38:05 AM",Lunch Trail Run,Run,,7583,19.20,176.0,195,,,,activities/15260692736.fit.gz,,,7583.0,7473.0,19202.3,4.0,2.57,594.5,511.0,189.9,450.0,47.1,0.0,,,108.0,79.0,176.0,154.0,,,1124.0,,26.0,195.0,,,,,,,,,,,,,0.0,,1.0,21399.8,,,,,,,,,,,,,,,,,,,,,,,,,,0.0,2.532,15142.1,,,,19012.0,,,,,2.837,,,,,,,,,,,,""
14293885756,"Apr 26, 2025, 3:39:50 PM",Evening Run,Run,,3427,10.16,157.0,54,,,,activities/15253162946.fit.gz,,,3427.0,3427.0,10164.8,4.6,2.966,114.0,113.0,195.4,214.4,16.5,0.0,,,90.0,86.0,157.0,142.0,,,541.0,,23.0,54.0,,,,,,,,,,,,,0.0,,1.0,10371.2,,,,,,,,,,,,,,,,,,,,,,,,,,0.0,2.966,9379.8,,,,9814.0,,,,,3.026,,,,,,,,,,,,""
14292731733,"Apr 25, 2025, 9:17:03 AM",Lunch Trail Run,Run,,3104,8.18,168.0,77,,,,activities/15251952196.fit.gz,,,3104.0,3085.0,8179.5,4.214,2.651,200.0,196.0,207.4,368.6,29.6,0.1,,,88.0,82.0,168.0,153.0,,,476.0,,28.0,77.0,,,,,,,,,,,,,0.0,,1.0,8753.1,,,,,,,,,,,,,,,,,,,,,,,,,,0.0,2.635,7458.1,,,,8428.0,,,,,2.837,,,,,,,,,,,,""
14260713007,"Apr 23, 2025, 8:36:04 AM",Lunch Trail Run,Run,"",5040,9.88,178.0,77,,,,activities/15218498819.fit.gz,,,5040.0,3678.0,9880.3,4.8,2.686,225.0,228.0,132.2,231.8,17.8,0.0,,,121.0,83.0,178.0,149.0,,,622.0,,29.0,77.0,,,,,,,,,,,0.0,,0.0,,1.0,10391.6,,,,,,,,,,,,,,,,,,,,,,,,,,0.0,1.96,0.0,,,,10578.0,,,,,2.825,,,,,,,,,,,,""
14251227981,"Apr 22, 2025, 9:40:19 AM",Lunch Weight Training,Weight Training,,1750,0,135.0,5,,,,activities/15208612048.fit.gz,,,1750.0,1750.0,0.0,0.0,0.0,0.0,0.0,0.0,0.0,0.0,0.0,,,,,135.0,110.0,,,144.0,,26.0,5.0,,,,,,,,,,,,,0.0,,1.0,,,,,,,,,,,,,,,,,,,,,,,,,,,0.0,0.0,0.0,,,,,,,,,,,8.0,,,,,,,,,,""
14251227757,"Apr 22, 2025, 7:36:26 AM",Morning Trail Run,Run,,6613,10.60,173.0,78,,,,activities/15208611571.fit.gz,,,6613.0,4564.0,10603.6,4.85,2.323,489.0,483.0,197.4,519.4,47.7,0.0,,,124.0,82.0,173.0,145.0,,,722.0,,26.0,78.0,,,,,,,,,,,,,0.0,,1.0,12804.3,,,,,,,,,,,,,,,,,,,,,,,,,,0.0,1.603,0.0,,,,12336.0,,,,,2.805,,,,,,,,,,,,""
14244647299,"Apr 21, 2025, 7:46:31 AM",Morning Trail Run,Run,,7035,12.00,174.0,91,,,,activities/15201726191.fit.gz,,,7035.0,5427.0,12005.9,3.78,2.212,522.0,524.0,189.4,568.8,24.8,0.0,,,124.0,80.0,174.0,144.0,,,790.0,,29.0,91.0,,,,,,,,,,,,,0.0,,1.0,14132.3,,,,,,,,,,,,,,,,,,,,,,,,,,0.0,1.707,0.0,,,,14584.0,,,,,2.604,,,,,,,,,,,,""
14244641159,"Apr 20, 2025, 8:18:35 AM",3h mera,Weight Training,"",4156,0,130.0,9,,,,activities/15201719904.fit.gz,,,4156.0,4156.0,0.0,0.0,0.0,0.0,0.0,0.0,0.0,0.0,0.0,,,,,130.0,97.0,,,235.0,,26.0,9.0,,,,,,,,,,,0.0,,0.0,,1.0,,,,,,,,,,,,,,,,,,,,,,,,,,,0.0,0.0,0.0,,,,,,,,,,,46.0,,,,,,,,,,""
14225743991,"Apr 19, 2025, 4:26:41 PM",Evening Run,Run,,3730,10.20,174.0,67,,,,activities/15181875459.fit.gz,,,3730.0,3730.0,10201.5,3.686,2.735,215.0,216.0,129.4,196.6,8.5,0.0,,,89.0,84.0,174.0,147.0,,,570.0,,22.0,67.0,,,,,,,,,,,,,0.0,,1.0,10573.3,,,,,,,,,,,,,,,,,,,,,,,,,,0.0,2.735,0.0,,,,10404.0,,,,,2.835,,,,,,,,,,,,""
14225741333,"Apr 19, 2025, 2:26:24 PM",Afternoon Run,Run,,2898,2.47,151.0,5,,,,activities/15181872716.fit.gz,,,2898.0,2682.0,2478.0,3.48,0.924,19.0,17.0,52.0,70.2,33.6,0.3,,,124.0,75.0,151.0,123.0,,,211.0,,27.0,5.0,,,,,,,,,,,,,0.0,,1.0,2558.9,,,,,,,,,,,,,,,,,,,,,,,,,,0.0,0.855,1679.0,,,,3160.0,,,,,0.954,,,,,,,,,,,,""
14225739643,"Apr 19, 2025, 7:46:01 AM",2η μέρα πόδια,Weight Training,"",3745,0,136.0,11,,,,activities/15181870988.fit.gz,,,3745.0,3745.0,0.0,0.0,0.0,0.0,0.0,0.0,0.0,0.0,0.0,,,,,136.0,108.0,,,282.0,,23.0,11.0,,,,,,,,,,,0.0,,0.0,,1.0,,,,,,,,,,,,,,,,,,,,,,,,,,,0.0,0.0,0.0,,,,,,,,,,,46.0,,,,,,,,,,""
14225738614,"Apr 18, 2025, 3:32:12 PM",Evening Weight Training,Weight Training,,1449,0,132.0,4,,,,activities/15181869986.fit.gz,,,1449.0,1449.0,0.0,0.0,0.0,0.0,0.0,0.0,0.0,0.0,0.0,,,,,132.0,112.0,,,126.0,,28.0,4.0,,,,,,,,,,,,,0.0,,1.0,,,,,,,,,,,,,,,,,,,,,,,,,,,0.0,0.0,0.0,,,,,,,,,,,30.0,,,,,,,,,,""
14212082824,"Apr 18, 2025, 8:08:21 AM",Lunch Trail Run,Run,,8952,15.00,173.0,147,,,,activities/15167570933.fit.gz,,,8952.0,6948.0,15000.8,4.86,2.159,807.0,807.0,197.2,595.6,49.6,0.0,,,91.0,80.0,173.0,150.0,,,1044.0,,26.0,147.0,,,,,,,,,,,,,0.0,,1.0,18950.8,,,,,,,,,,,,,,,,,,,,,,,,,,0.0,1.676,0.0,,,,18452.0,,,,,2.728,,,,,,,,,,,,""
14206824252,"Apr 17, 2025, 3:14:33 PM",Evening Trail Run,Run,,3784,8.00,161.0,43,,,,activities/15162077488.fit.gz,,,3784.0,3756.0,8002.1,3.35,2.13,361.0,367.0,192.4,437.4,29.6,0.0,,,87.0,80.0,161.0,139.0,,,507.0,,25.0,43.0,,,,,,,,,,,,,0.0,,1.0,9416.1,,,,,,,,,,,,,,,,,,,,,,,,,,0.0,2.115,0.0,,,,10042.0,,,,,2.507,,,,,,,,,,,,""
14184368454,"Apr 15, 2025, 9:52:17 AM",Lunch Trail Run,Run,,2629,7.20,174.0,63,,,,activities/15138704830.fit.gz,,,2629.0,2462.0,7201.2,4.444,2.925,105.0,109.0,197.4,229.2,13.7,0.0,,,93.0,85.0,174.0,153.0,,,409.0,,22.0,63.0,,,,,,,,,,,,,0.0,,1.0,7453.9,,,,,,,,,,,,,,,,,,,,,,,,,,0.0,2.739,5129.5,,,,7064.0,,,,,3.028,,,,,,,,,,,,""
14181281159,"Apr 14, 2025, 12:56:02 PM",Afternoon Trail Run,Run,,2082,1.63,140.0,3,,,,activities/15135474226.fit.gz,,,2082.0,1271.0,1633.7,2.013,1.285,92.0,104.0,138.2,200.2,48.2,-0.4,,,123.0,58.0,140.0,101.0,,,132.0,,29.0,3.0,,,,,,,,,,,,,0.0,,1.0,2296.5,,,,,,,,,,,,,,,,,,,,,,,,,,0.0,0.785,396.2,,,,2682.0,,,,,1.807,,,,,,,,,,,,""
14181279248,"Apr 14, 2025, 9:47:30 AM",Lunch Run,Run,,2246,6.65,164.0,38,,,,activities/15135472186.fit.gz,,,2246.0,2246.0,6650.2,4.9,2.961,33.0,35.0,208.6,217.8,36.6,0.0,,,90.0,85.0,164.0,144.0,,,376.0,,23.0,38.0,,,,,,,,,,,,,0.0,,1.0,6677.4,,,,,,,,,,,,,,,,,,,,,,,,,,0.0,2.961,6650.2,,,,6306.0,,,,,2.973,,,,,,,,,,,,""
14167883101,"Apr 13, 2025, 3:11:09 PM",Evening Trail Run,Run,,4633,11.00,173.0,90,,,,activities/15121467261.fit.gz,,,4633.0,4480.0,11000.5,3.56,2.455,303.0,311.0,207.4,369.6,32.8,-0.1,,,92.0,81.0,173.0,148.0,,,659.0,,20.0,90.0,,,,,,,,,,,,,0.0,,1.0,12104.5,,,,,,,,,,,,,,,,,,,,,,,,,,0.0,2.374,9809.9,,,,12234.0,,,,,2.702,,,,,,,,,,,,""
14158625415,"Apr 12, 2025, 10:11:04 AM",Afternoon Trail Run,Run,,4188,8.90,156.0,24,,,,activities/15111751209.fit.gz,,,4188.0,4162.0,8899.1,3.25,2.138,236.0,237.0,216.0,371.0,31.6,0.0,,,120.0,80.0,156.0,130.0,,,510.0,,26.0,24.0,,,,,,,,,,,,,0.0,,1.0,9642.5,,,,,,,,,,,,,,,,,,,,,,,,,,0.0,2.125,8535.5,,,,11092.0,,,,,2.317,,,,,,,,,,,,""
14158623095,"Apr 10, 2025, 10:40:01 AM",Afternoon Weight Training,Weight Training,,1436,0,127.0,3,,,,activities/15111748809.fit.gz,,,1436.0,1436.0,0.0,0.0,0.0,0.0,0.0,0.0,0.0,0.0,0.0,,,,,127.0,103.0,,,106.0,,23.0,3.0,,,,,,,,,,,,,0.0,,1.0,,,,,,,,,,,,,,,,,,,,,,,,,,,0.0,0.0,0.0,,,,,,,,,,,10.0,,,,,,,,,,""
14158622566,"Apr 6, 2025, 7:27:23 AM",Morning Trail Run,Run,,6407,5.80,169.0,30,,,,activities/15111748251.fit.gz,,,6407.0,3956.0,5804.0,2.8,1.467,333.0,309.0,214.8,437.8,48.4,0.4,,,117.0,66.0,169.0,130.0,,,540.0,,23.0,30.0,,,,,,,,,,,,,0.0,,1.0,7743.2,,,,,,,,,,,,,,,,,,,,,,,,,,0.0,0.906,3534.5,,,,8814.0,,,,,1.957,,,,,,,,,,,,""
14057446610,"Apr 2, 2025, 5:19:25 AM",Day 37,Run,"",4297,9.29,160.0,25,,,,activities/15005794873.fit.gz,,,4297.0,4249.0,9291.0,3.657,2.187,373.0,374.0,208.8,447.0,47.2,0.0,,,89.0,81.0,160.0,131.0,,,551.0,,20.0,25.0,,,,,,,,,,,0.0,,0.0,,1.0,10763.9,,,,,,,,,,,,,,,,,,,,,,,,,,0.0,2.162,7753.2,,,,11058.0,,,,,2.533,,,,,,,,,,,,""
14045548074,"Apr 1, 2025, 5:33:19 AM",Day 36,Run,"",3668,10.45,169.0,69,,,,activities/14993139816.fit.gz,,,3668.0,3533.0,10454.3,5.3,2.959,62.0,67.0,206.4,217.4,14.6,-0.1,,,121.0,87.0,169.0,148.0,,,576.0,,18.0,69.0,,,,,,,,,,,0.0,,0.0,,1.0,10538.9,,,,,,,,,,,,,,,,,,,,,,,,,,0.0,2.85,9800.0,,,,10134.0,,,,,2.983,,,,,,,,,,,,""
14035829423,"Mar 30, 2025, 8:03:09 AM",Day 35,Run,"",7501,9.86,152.0,52,,,,activities/14982738668.fit.gz,,,7501.0,6734.0,9860.1,5.133,1.464,1194.0,1201.0,481.8,1079.0,50.0,-0.1,,,121.0,60.0,152.0,126.0,,,888.0,,23.0,52.0,,,,,,,,,,,0.0,,0.0,,1.0,19446.5,,,,,,,,,,,,,,,,,,,,,,,,,,0.0,1.315,6017.3,,,,10436.0,,,,,2.888,,,,,,,,,,,,""
14018484723,"Mar 29, 2025, 8:27:39 AM",Day 34,Run,"",9253,20.30,174.0,254,,,,activities/14964032899.fit.gz,,,9253.0,9178.0,20300.1,4.3,2.212,957.0,955.0,181.8,449.2,49.5,0.0,,,120.0,78.0,174.0,155.0,,,1331.0,,25.0,254.0,,,,,,,,,,,0.0,,0.0,,1.0,25547.9,,,,,,,,,,,,,,,,,,,,,,,,,,0.0,2.194,10538.5,,,,23334.0,,,,,2.784,,,,,,,,,,,,""
14013798209,"Mar 28, 2025, 4:01:23 PM",Day 33,Run,"",3586,10.25,166.0,44,,,,activities/14958978931.fit.gz,,,3586.0,3328.0,10256.3,4.48,3.082,14.0,4.0,245.0,258.2,4.9,0.1,,,103.0,87.0,166.0,137.0,,,569.0,,18.0,44.0,,,,,,,,,,,0.0,,0.0,,1.0,10288.3,,,,,,,,,,,,,,,,,,,,,,,,,,0.0,2.86,0.0,,,,9744.0,,,,,3.091,,,,,,,,,,,,""
13993530808,"Mar 26, 2025, 11:02:55 AM",Day 32,Run,"",4171,10.00,166.0,65,,,,activities/14937220178.fit.gz,,,4171.0,4057.0,10004.8,3.74,2.466,348.0,343.0,208.0,450.8,17.0,0.1,,,118.0,83.0,166.0,143.0,,,582.0,,27.0,65.0,,,,,,,,,,,0.0,,0.0,,1.0,11089.2,,,,,,,,,,,,,,,,,,,,,,,,,,0.0,2.399,8483.7,,,,11274.0,,,,,2.733,,,,,,,,,,,,""
13981857813,"Mar 25, 2025, 10:35:28 AM",Day 31,Run,"",6742,17.00,189.0,137,,,,activities/14924752156.fit.gz,,,6742.0,6737.0,17003.5,5.313,2.524,612.0,607.0,492.6,1057.6,48.0,0.0,,,99.0,79.0,189.0,148.0,,,973.0,,22.0,137.0,,,,,,,,,,,0.0,,0.0,,1.0,19554.3,,,,,,,,,,,,,,,,,,,,,,,,,,0.0,2.522,4431.1,,,,16638.0,,,,,2.903,,,,,,,,,,,,""
13981853450,"Mar 25, 2025, 10:25:29 AM",Lunch Trail Run,Run,,432,0.16,114.0,0,,,,activities/14924747738.fit.gz,,,432.0,86.0,160.7,2.28,1.869,1.0,1.0,493.8,496.2,9.5,-1.2,,,84.0,81.0,114.0,97.0,,,19.0,,27.0,0.0,,,,,,,,,,,,,0.0,,1.0,167.9,,,,,,,,,,,,,,,,,,,,,,,,,,0.0,0.372,101.1,,,,260.0,,,,,1.952,,,,,,,,,,,,""
13981852340,"Mar 24, 2025, 10:54:00 AM",Day 30,Run,"",3087,8.00,157.0,46,,,,activities/14924746411.fit.gz,,,3087.0,2910.0,8003.6,4.54,2.75,116.0,116.0,204.8,230.4,18.8,0.0,,,96.0,84.0,157.0,144.0,,,449.0,,21.0,46.0,,,,,,,,,,,0.0,,0.0,,1.0,8305.4,,,,,,,,,,,,,,,,,,,,,,,,,,0.0,2.593,5440.3,,,,8206.0,,,,,2.854,,,,,,,,,,,,""
13964625307,"Mar 23, 2025, 11:52:58 AM",Afternoon Stand Up Paddling,Stand Up Paddling,"",6974,4.55,,,,,,activities/13964625307.fit,,,6974.0,4477.0,4558.0,4.4,1.018,46.0,54.0,-2.8,46.8,48.9,0.0,,,,,,,,,,,26.0,,,,,,,,,,,,0.0,,0.0,,1.0,,,,,,,,,,,,,,,,,,,,,,,,,,,0.0,0.654,0.0,,,,,,,,,,,,,,,,,,,,,""
13965475509,"Mar 23, 2025, 11:11:44 AM",Afternoon Trail Run,Run,,1623,2.07,132.0,2,,,,activities/14907147035.fit.gz,,,1623.0,1581.0,2072.1,3.3,1.311,93.0,101.0,3.0,81.6,21.4,-0.4,,,90.0,78.0,132.0,110.0,,,143.0,,23.0,2.0,,,,,,,,,,,,,0.0,,1.0,2440.7,,,,,,,,,,,,,,,,,,,,,,,,,,0.0,1.277,63.9,,,,2594.0,,,,,1.544,,,,,,,,,,,,""
13955004615,"Mar 22, 2025, 9:34:01 AM",Day 29,Run,"",17990,26.50,180.0,251,,,,activities/14895887702.fit.gz,,,17990.0,16938.0,26500.5,3.62,1.565,2001.0,2008.0,501.0,1341.0,49.5,0.0,,,124.0,71.0,180.0,142.0,,,1959.0,,21.0,251.0,,,,,,,,,,,0.0,,0.0,,1.0,39887.0,,,,,,,,,,,,,,,,,,,,,,,,,,0.0,1.473,25368.9,,,,39886.0,,,,,2.355,,,,,,,,,,,,""
13944092905,"Mar 21, 2025, 8:41:02 AM",Day 28,Run,"",4246,10.00,180.0,106,,,,activities/14884149274.fit.gz,,,4246.0,3983.0,9999.6,3.95,2.511,337.0,333.0,138.6,453.2,20.2,0.0,,,93.0,85.0,180.0,154.0,,,631.0,,22.0,106.0,,,,,,,,,,,0.0,,0.0,,1.0,11035.3,,,,,,,,,,,,,,,,,,,,,,,,,,0.0,2.355,6152.1,,,,11222.0,,,,,2.771,,,,,,,,,,,,""
13935475842,"Mar 20, 2025, 10:56:43 AM",Day 27,Run,"",3056,10.14,165.0,65,,,,activities/14874842509.fit.gz,,,3056.0,3005.0,10145.0,4.66,3.376,48.0,52.0,209.0,218.0,7.0,0.0,,,91.0,88.0,165.0,149.0,,,542.0,,17.0,65.0,,,,,,,,,,,0.0,,0.0,,1.0,10196.6,,,,,,,,,,,,,,,,,,,,,,,,,,0.0,3.32,10147.2,,,,8918.0,,,,,3.393,,,,,,,,,,,,""
13926391569,"Mar 19, 2025, 11:10:46 AM",Day 26,Run,"",7031,16.01,181.0,122,,,,activities/14865015286.fit.gz,,,7031.0,6800.0,16016.0,4.28,2.355,482.0,483.0,248.4,459.8,45.6,0.0,,,105.0,80.0,181.0,146.0,,,966.0,,17.0,122.0,,,,,,,,,,,0.0,,0.0,,1.0,18853.5,,,,,,,,,,,,,,,,,,,,,,,,,,0.0,2.278,12001.0,,,,17948.0,,,,,2.773,,,,,,,,,,,,""
13907860353,"Mar 17, 2025, 11:03:19 AM",Day 25,Run,"",2726,7.15,153.0,12,,,,activities/14844985764.fit.gz,,,2726.0,2597.0,7151.9,4.44,2.754,59.0,59.0,213.4,227.2,26.3,0.0,,,95.0,85.0,153.0,130.0,,,377.0,,24.0,12.0,,,,,,,,,,,0.0,,0.0,,1.0,7293.9,,,,,,,,,,,,,,,,,,,,,,,,,,0.0,2.624,6374.0,,,,7362.0,,,,,2.809,,,,,,,,,,,,""
13898429887,"Mar 16, 2025, 10:09:52 AM",Lunch Stand Up Paddling,Stand Up Paddling,,7997,11.14,,,,,,activities/13898429887.fit,,,7997.0,7553.0,11144.0,4.2,1.475,0.0,0.0,4.2,8.4,11.4,0.0,,,,,,,,,,,29.0,,,,,,,,,,,,,,0.0,,1.0,,,,,,,,,,,,,,,,,,,,,,,,,,,0.0,1.394,0.0,,,,,,,,,,,,,,,,,,,,,""
13897619259,"Mar 16, 2025, 10:00:00 AM",Day 24,Run,"",7654,21.30,180.0,208,,,,activities/14833794269.fit.gz,,,7654.0,7603.0,21301.1,3.9,2.802,424.0,422.0,9.0,64.0,30.1,0.0,,,92.0,86.0,180.0,154.0,,,1241.0,,26.0,208.0,,,,,,,,,,,0.0,,0.0,,1.0,23098.1,,,,,,,,,,,,,,,,,,,,,,,,,,0.0,2.783,20627.6,,,,21798.0,,,,,3.038,,,,,,,,,,,,""
13889440843,"Mar 15, 2025, 9:53:15 AM",Day 23,Run,"",12068,11.25,166.0,197,,,,activities/14824885762.fit.gz,,,12068.0,10285.0,11253.8,3.04,1.094,1557.0,1545.0,484.4,1049.4,50.0,0.1,,,100.0,67.0,166.0,147.0,,,1392.0,,30.0,197.0,,,,,,,,,,,0.0,,0.0,,1.0,23817.5,,,,,,,,,,,,,,,,,,,,,,,,,,0.0,0.933,11253.8,,,,14004.0,,,,,2.316,,,,,,,,,,,,""
13881572477,"Mar 14, 2025, 3:02:27 PM",Day 22,Run,"",3657,11.07,161.0,39,,,,activities/14816351239.fit.gz,,,3657.0,3476.0,11075.8,4.933,3.186,7.0,7.0,254.6,260.4,8.9,0.0,,,93.0,88.0,161.0,135.0,,,618.0,,21.0,39.0,,,,,,,,,,,0.0,,0.0,,1.0,11096.1,,,,,,,,,,,,,,,,,,,,,,,,,,0.0,3.029,11075.8,,,,10288.0,,,,,3.192,,,,,,,,,,,,""
13881569876,"Mar 14, 2025, 7:14:39 AM",Morning Walk,Walk,,741,1.21,119.0,1,,,,activities/14816348492.fit.gz,,,741.0,741.0,1218.3,4.54,1.644,54.0,0.0,151.6,207.6,16.9,4.6,,,121.0,60.0,119.0,102.0,,,77.0,,24.0,1.0,,,,,,,,,,,,,0.0,,1.0,,,,,,,,,,,,,,,,,,,,,,,,,,,0.0,1.644,0.0,,,,1454.0,,,,,,,,,,,,,,,,,""
13868640549,"Mar 13, 2025, 6:23:54 AM",Day 21,Run,"",4959,9.29,147.0,15,,,,activities/14803076468.fit.gz,,,4959.0,4238.0,9293.3,3.66,2.193,426.0,424.0,208.8,367.6,33.3,0.0,,,91.0,60.0,147.0,116.0,,,542.0,,23.0,15.0,,,,,,,,,,,0.0,,0.0,,1.0,11215.4,,,,,,,,,,,,,,,,,,,,,,,,,,0.0,1.874,7471.4,,,,9734.0,,,,,2.646,,,,,,,,,,,,""
13860138463,"Mar 12, 2025, 6:07:28 AM",Day 20,Run,"",5847,14.53,168.0,102,,,,activities/14793884823.fit.gz,,,5847.0,5658.0,14533.7,4.467,2.569,465.0,478.0,210.6,447.2,46.6,-0.1,,,112.0,82.0,168.0,147.0,,,847.0,,21.0,102.0,,,,,,,,,,,0.0,,0.0,,1.0,16248.2,,,,,,,,,,,,,,,,,,,,,,,,,,0.0,2.486,12375.2,,,,15296.0,,,,,2.872,,,,,,,,,,,,""
13840445573,"Mar 10, 2025, 6:29:58 AM",Day 19,Run,"",4686,12.62,168.0,107,,,,activities/14772610147.fit.gz,,,4686.0,4464.0,12620.5,4.62,2.827,72.0,75.0,206.4,215.0,14.2,0.0,,,96.0,87.0,168.0,152.0,,,737.0,,18.0,107.0,,,,,,,,,,,0.0,,0.0,,1.0,12723.0,,,,,,,,,,,,,,,,,,,,,,,,,,0.0,2.693,12025.7,,,,13028.0,,,,,2.85,,,,,,,,,,,,""
13834276627,"Mar 9, 2025, 11:30:18 AM",Afternoon Stand Up Paddling,Stand Up Paddling,"",8232,10.11,,,,,,activities/13834276627.fit,,,8232.0,7202.0,10111.0,4.2,1.404,0.0,0.0,2.4,10.4,25.2,0.0,,,,,,,,,,,25.0,,,,,,,,,,,,0.0,,0.0,,1.0,,,,,,,,,,,,,,,,,,,,,,,,,,,0.0,1.228,0.0,,,,,,,,,,,,,,,,,,,,,""
13833472018,"Mar 9, 2025, 11:09:57 AM",Day 18,Run,"",7680,18.50,174.0,170,,,,activities/14764974909.fit.gz,,,7680.0,7105.0,18502.0,3.83,2.604,421.0,417.0,28.8,137.2,48.1,0.0,,,108.0,83.0,174.0,152.0,,,1102.0,,26.0,170.0,,,,,,,,,,,0.0,,0.0,,1.0,19577.3,,,,,,,,,,,,,,,,,,,,,,,,,,0.0,2.409,17420.5,,,,19568.0,,,,,2.755,,,,,,,,,,,,""
13823520525,"Mar 8, 2025, 10:51:04 AM",Day 17,Run,"",10355,15.76,178.0,171,,,,activities/14754159854.fit.gz,,,10355.0,9967.0,15760.0,4.6,1.581,1172.0,1161.0,496.2,1343.2,50.0,0.1,,,122.0,70.0,178.0,145.0,,,1205.0,,21.0,171.0,,,,,,,,,,,0.0,,0.0,,1.0,23374.8,,,,,,,,,,,,,,,,,,,,,,,,,,0.0,1.522,14542.9,,,,23094.0,,,,,2.345,,,,,,,,,,,,""
13816965685,"Mar 7, 2025, 6:05:02 PM",Day 16,Run,"",3272,8.64,169.0,65,,,,activities/14747029039.fit.gz,,,3272.0,2905.0,8641.0,4.238,2.975,3.0,2.0,110.0,114.4,6.1,0.0,,,94.0,86.0,169.0,150.0,,,495.0,,17.0,65.0,,,,,,,,,,,0.0,,0.0,,1.0,8659.4,,,,,,,,,,,,,,,,,,,,,,,,,,0.0,2.641,0.0,,,,8556.0,,,,,2.981,,,,,,,,,,,,""
13796975935,"Mar 5, 2025, 12:09:05 PM",Day 15,Run,"",7551,17.60,187.0,225,,,,activities/14725399024.fit.gz,,,7551.0,7372.0,17607.2,4.5,2.388,660.0,661.0,493.0,1058.6,49.5,0.0,,,97.0,76.0,187.0,157.0,,,1098.0,,18.0,225.0,,,,,,,,,,,0.0,,0.0,,1.0,20389.5,,,,,,,,,,,,,,,,,,,,,,,,,,0.0,2.332,4395.2,,,,18550.0,,,,,2.766,,,,,,,,,,,,""
13790239610,"Mar 4, 2025, 2:36:41 PM",Day 14,Run,"",5763,12.29,179.0,85,,,,activities/14718100778.fit.gz,,,5763.0,5411.0,12298.8,4.083,2.273,561.0,560.0,180.6,438.6,49.2,0.0,,,113.0,79.0,179.0,143.0,,,771.0,,15.0,85.0,,,,,,,,,,,0.0,,0.0,,1.0,14885.3,,,,,,,,,,,,,,,,,,,,,,,,,,0.0,2.134,6970.4,,,,13688.0,,,,,2.751,,,,,,,,,,,,""
13780089495,"Mar 3, 2025, 4:37:02 PM",Day 13,Run,"",3220,10.36,166.0,57,,,,activities/14707146446.fit.gz,,,3220.0,3110.0,10360.9,4.089,3.331,28.0,31.0,112.0,116.4,5.9,0.0,,,93.0,89.0,166.0,146.0,,,571.0,,16.0,57.0,,,,,,,,,,,0.0,,0.0,,1.0,10390.7,,,,,,,,,,,,,,,,,,,,,,,,,,0.0,3.218,0.0,,,,9292.0,,,,,3.341,,,,,,,,,,,,""
13767991353,"Mar 2, 2025, 9:41:33 AM",Day 12,Run,"",10291,20.01,180.0,244,,,HOKA Mafate 4,activities/14693945975.fit.gz,,,10291.0,10047.0,20010.4,4.0,1.992,953.0,959.0,179.8,449.2,50.0,0.0,,,124.0,78.0,180.0,152.0,,,1327.0,,21.0,244.0,,,,,,,,,,,0.0,,0.0,,1.0,25232.3,,,,,,,,,,,,,,,,22065932.0,,,,,,,,,,0.0,1.944,10834.9,,,,25398.0,,,,,2.511,,,,,,,,,,,,""
13758804923,"Mar 1, 2025, 10:29:12 AM",Day 11,Run,"",8301,9.02,180.0,77,,,HOKA Mafate 4,activities/14683925670.fit.gz,,,8301.0,7177.0,9027.0,3.86,1.258,1120.0,1117.0,498.4,1064.6,50.0,0.0,,,121.0,65.0,180.0,135.0,,,863.0,,19.0,77.0,,,,,,,,,,,0.0,,0.0,,1.0,17886.3,,,,,,,,,,,,,,,,22065932.0,,,,,,,,,,0.0,1.087,9027.0,,,,10428.0,,,,,2.492,,,,,,,,,,,,""
13754054844,"Feb 28, 2025, 7:01:39 AM",Day 10,Run,"",2580,7.17,165.0,51,,,,activities/14678772232.fit.gz,,,2580.0,2580.0,7169.5,4.75,2.779,37.0,46.0,199.4,211.2,10.2,-0.1,,,97.0,86.0,165.0,147.0,,,378.0,,17.0,51.0,,,,,,,,,,,0.0,,0.0,,1.0,7196.4,,,,,,,,,,,,,,,,,,,,,,,,,,0.0,2.779,0.0,,,,6990.0,,,,,2.789,,,,,,,,,,,,""
13732760004,"Feb 26, 2025, 12:28:47 PM",Day 9,Run,"",7377,17.01,178.0,199,,,HOKA Mafate 4,activities/14655659315.fit.gz,,,7377.0,7093.0,17016.9,3.867,2.399,615.0,610.0,491.4,1056.2,47.7,0.0,,,90.0,78.0,178.0,155.0,,,1052.0,,17.0,199.0,,,,,,,,,,,0.0,,0.0,,1.0,19567.6,,,,,,,,,,,,,,,,22065932.0,,,,,,,,,,0.0,2.307,4939.0,,,,18194.0,,,,,2.759,,,,,,,,,,,,""
13723532329,"Feb 25, 2025, 10:56:56 AM",Day 8,Run,"",3118,7.13,159.0,40,,,,activities/14645674550.fit.gz,,,3118.0,3115.0,7132.2,3.8,2.29,263.0,266.0,210.4,452.6,49.5,0.0,,,90.0,78.0,159.0,141.0,,,429.0,,22.0,40.0,,,,,,,,,,,0.0,,0.0,,1.0,8362.0,,,,,,,,,,,,,,,,,,,,,,,,,,0.0,2.287,5240.9,,,,7896.0,,,,,2.684,,,,,,,,,,,,""
13712827280,"Feb 24, 2025, 10:52:52 AM",Day 7,Run,"",3774,9.86,169.0,70,,,,activities/14634047431.fit.gz,,,3774.0,3484.0,9861.9,4.714,2.831,45.0,53.0,208.0,218.0,15.3,-0.1,,,120.0,85.0,169.0,147.0,,,549.0,,15.0,70.0,,,,,,,,,,,0.0,,0.0,,1.0,9905.3,,,,,,,,,,,,,,,,,,,,,,,,,,0.0,2.613,9861.9,,,,9950.0,,,,,2.806,,,,,,,,,,,,""
13707271899,"Feb 23, 2025, 2:55:38 PM",Day 6,Run,"",6766,16.06,191.0,210,,,,activities/14627937800.fit.gz,,,6766.0,6394.0,16066.4,4.057,2.513,561.0,564.0,145.8,451.6,44.2,0.0,,,92.0,81.0,191.0,158.0,,,1013.0,,13.0,210.0,,,,,,,,,,,0.0,,0.0,,1.0,18165.0,,,,,,,,,,,,,,,,,,,,,,,,,,0.0,2.375,11178.6,,,,18116.0,,,,,2.844,,,,,,,,,,,,""
13703304336,"Feb 22, 2025, 7:14:29 AM",Day 5,Run,"",4930,11.40,184.0,119,,,,activities/14623652957.fit.gz,,,4930.0,4817.0,11405.0,3.78,2.368,473.0,476.0,203.4,451.6,25.0,0.0,,,123.0,84.0,184.0,153.0,,,712.0,,11.0,119.0,,,,,,,,,,,0.0,,0.0,,1.0,13422.4,,,,,,,,,,,,,,,,,,,,,,,,,,0.0,2.313,8706.9,,,,13666.0,,,,,2.786,,,,,,,,,,,,""
13688571198,"Feb 21, 2025, 4:02:00 PM",2. Podia,Weight Training,"",2146,0,152.0,11,,,,activities/14607566493.fit.gz,,,2146.0,2146.0,0.0,0.0,0.0,0.0,0.0,0.0,0.0,0.0,0.0,,,,,152.0,129.0,,,245.0,,22.0,11.0,,,,,,,,,,,0.0,,0.0,,1.0,,,,,,,,,,,,,,,,,,,,,,,,,,,0.0,0.0,0.0,,,,,,,,,,,186.0,,,,,,,,,,""
13688570240,"Feb 21, 2025, 3:02:10 PM",Day 4,Run,"",3236,6.99,164.0,45,,,,activities/14607565435.fit.gz,,,3236.0,3117.0,6996.0,4.844,2.244,244.0,246.0,205.8,366.2,38.0,0.0,,,97.0,82.0,164.0,143.0,,,424.0,,11.0,45.0,,,,,,,,,,,0.0,,0.0,,1.0,8117.7,,,,,,,,,,,,,,,,,,,,,,,,,,0.0,2.162,4010.9,,,,8524.0,,,,,2.604,,,,,,,,,,,,""
13675872442,"Feb 20, 2025, 6:41:05 AM",Day 3,Run,"",2967,7.23,177.0,68,,,,activities/14593630409.fit.gz,,,2967.0,2764.0,7232.2,4.35,2.617,134.0,142.0,208.2,228.8,21.8,-0.1,,,94.0,85.0,177.0,152.0,,,437.0,,13.0,68.0,,,,,,,,,,,0.0,,0.0,,1.0,7633.7,,,,,,,,,,,,,,,,,,,,,,,,,,0.0,2.438,4218.2,,,,7838.0,,,,,2.752,,,,,,,,,,,,""
13666908824,"Feb 19, 2025, 6:29:39 AM","Day 2 
First fartlek",Run,"",4238,10.62,182.0,121,,,,activities/14583852105.fit.gz,,,4238.0,4043.0,10628.6,5.083,2.629,203.0,198.0,205.4,371.6,38.9,0.0,,,97.0,85.0,182.0,156.0,,,662.0,,14.0,121.0,,,,,,,,,,,0.0,,0.0,,1.0,11225.7,,,,,,,,,,,,,,,,,,,,,,,,,,0.0,2.508,9439.8,,,,11370.0,,,,,2.769,,,,,,,,,,,,""
13666906838,"Feb 17, 2025, 5:44:43 PM",First weight,Weight Training,"",2752,0,141.0,8,,,,activities/14583850029.fit.gz,,,2752.0,2752.0,0.0,0.0,0.0,0.0,0.0,0.0,0.0,0.0,0.0,,,,,141.0,108.0,,,214.0,,27.0,8.0,,,,,,,,,,,0.0,,0.0,,1.0,,,,,,,,,,,,,,,,,,,,,,,,,,,0.0,0.0,0.0,,,,,,,,,,,20.0,,,,,,,,,,""
13650076367,"Feb 17, 2025, 10:54:20 AM",Day 1,Run,"",2504,7.13,159.0,52,,,,activities/14565520465.fit.gz,,,2504.0,2504.0,7130.0,3.933,2.847,33.0,37.0,208.6,216.4,9.0,-0.1,,,89.0,86.0,159.0,148.0,,,400.0,,20.0,52.0,,,,,,,,,,,0.0,,0.0,,1.0,7160.7,,,,,,,,,,,,,,,,,,,,,,,,,,0.0,2.847,7130.0,,,,7138.0,,,,,2.811,,,,,,,,,,,,""
13643244390,"Feb 16, 2025, 11:20:02 AM",Θαλασσινά views 🦞,Run,"",7497,16.00,168.0,112,,,,activities/14557951431.fit.gz,,,7497.0,6699.0,16008.3,4.04,2.39,531.0,532.0,8.6,169.8,49.5,0.0,,,118.0,82.0,168.0,145.0,,,1006.0,,23.0,112.0,,,,,,,,,,,0.0,,0.0,,1.0,18298.1,,,,,,,,,,,,,,,,,,,,,,,,,,0.0,2.135,7470.6,,,,18418.0,,,,,2.731,,,,,,,,,,,,""
13633107362,"Feb 15, 2025, 10:26:35 AM",Lunch Trail Run,Run,,7073,16.38,179.0,194,,,,activities/14546833912.fit.gz,,,7073.0,6962.0,16385.8,4.4,2.354,639.0,632.0,493.0,1054.2,49.4,0.0,,,103.0,80.0,179.0,156.0,,,1022.0,,18.0,194.0,,,,,,,,,,,,,0.0,,1.0,19094.2,,,,,,,,,,,,,,,,,,,,,,,,,,0.0,2.317,13682.6,,,,18194.0,,,,,2.743,,,,,,,,,,,,""
13626133647,"Feb 14, 2025, 3:11:58 PM",Free poi,Run,"",3741,6.94,155.0,25,,,,activities/14539176616.fit.gz,,,3741.0,3563.0,6942.6,3.586,1.949,342.0,346.0,178.4,404.8,48.7,0.0,,,121.0,76.0,155.0,127.0,,,442.0,,20.0,25.0,,,,,,,,,,,0.0,,0.0,,1.0,8887.9,,,,,,,,,,,,,,,,,,,,,,,,,,0.0,1.856,4384.4,,,,8696.0,,,,,2.494,,,,,,,,,,,,""
13626131481,"Feb 13, 2025, 11:15:28 AM",Afternoon Weight Training,Weight Training,,3596,0,139.0,9,,,,activities/14539174043.fit.gz,,,3596.0,3596.0,0.0,0.0,0.0,0.0,0.0,0.0,0.0,0.0,0.0,,,,,139.0,99.0,,,231.0,,23.0,9.0,,,,,,,,,,,,,0.0,,1.0,,,,,,,,,,,,,,,,,,,,,,,,,,,0.0,0.0,0.0,,,,,,,,,,,16.0,,,,,,,,,,""
13607388218,"Feb 12, 2025, 11:03:19 AM",Afternoon Trail Run,Run,,2892,2.89,147.0,6,,,,activities/14518700590.fit.gz,,,2892.0,2195.0,2896.6,2.32,1.32,300.0,300.0,211.2,401.6,50.0,0.0,,,124.0,57.0,147.0,103.0,,,231.0,,20.0,6.0,,,,,,,,,,,,,0.0,,1.0,5273.3,,,,,,,,,,,,,,,,,,,,,,,,,,0.0,1.002,703.1,,,,5038.0,,,,,2.402,,,,,,,,,,,,""
13564054211,"Feb 7, 2025, 11:16:48 AM",Afternoon Trail Run,Run,"",7815,20.11,181.0,215,,,,activities/14471218893.fit.gz,,,7815.0,7546.0,20109.2,4.186,2.665,526.0,534.0,186.0,379.8,37.6,0.0,,,91.0,86.0,181.0,155.0,,,1223.0,,12.0,215.0,,,,,,,,,,,0.0,,0.0,,1.0,21882.1,,,,,,,,,,,,,,,,,,,,,,,,,,0.0,2.573,14380.9,,,,21440.0,,,,,2.899,,,,,,,,,,,,""
13556370389,"Feb 6, 2025, 11:07:59 AM",Afternoon Run,Run,,2231,6.72,163.0,49,,,,activities/14462799430.fit.gz,,,2231.0,2227.0,6723.2,5.04,3.019,39.0,41.0,206.8,217.8,13.5,0.0,,,91.0,87.0,163.0,149.0,,,376.0,,19.0,49.0,,,,,,,,,,,,,0.0,,1.0,6767.4,,,,,,,,,,,,,,,,,,,,,,,,,,0.0,3.014,6723.2,,,,6476.0,,,,,3.001,,,,,,,,,,,,""
13549103648,"Feb 5, 2025, 12:20:40 PM",Afternoon Trail Run,Run,,9727,14.60,170.0,89,,,,activities/14454855138.fit.gz,,,9727.0,9564.0,14603.2,5.14,1.527,920.0,904.0,491.2,1165.2,49.1,0.0,,,112.0,73.0,170.0,136.0,,,1027.0,,15.0,89.0,,,,,,,,,,,,,0.0,,1.0,19984.2,,,,,,,,,,,,,,,,,,,,,,,,,,0.0,1.501,13092.6,,,,19576.0,,,,,2.09,,,,,,,,,,,,""
13549094651,"Feb 4, 2025, 5:51:12 PM",Evening Run,Run,,2421,7.07,150.0,17,,,,activities/14454845700.fit.gz,,,2421.0,2421.0,7078.1,3.775,2.924,0.0,0.0,0.0,0.0,0.0,0.0,,,90.0,81.0,150.0,127.0,,,277.0,,25.0,17.0,,,,,,,,,,,,,0.0,,1.0,7078.1,,,,,,,,,,,,,,,,,,,,,,,,,,0.0,2.924,0.0,,,,6370.0,,,,,,,,,,,,,,,,,""
13520669048,"Feb 2, 2025, 9:00:59 AM","Ypsilantis pista ! 
Πρώτο λονγκ χωρίς επίδεσμο",Run,"",13836,21.69,175.0,240,,,,activities/14423714941.fit.gz,,,13836.0,12360.0,21694.9,4.08,1.755,1316.0,1317.0,215.6,861.6,50.0,0.0,,,121.0,72.0,175.0,148.0,,,1568.0,,20.0,240.0,,,,,,,,,,,0.0,,0.0,,1.0,29497.3,,,,,,,,,,,,,,,,,,,,,,,,,,0.0,1.568,3451.7,,,,29220.0,,,,,2.387,,,,,,,,,,,,""
13509936965,"Feb 1, 2025, 12:20:27 PM",Afternoon Trail Run,Run,"",5143,4.71,174.0,64,,,,activities/14411954805.fit.gz,,,5143.0,3817.0,4715.2,3.0,1.235,581.0,579.0,492.2,1067.8,50.0,0.0,,,124.0,66.0,174.0,140.0,,,537.0,,23.0,64.0,,,,,,,,,,,0.0,,0.0,,1.0,9265.4,,,,,,,,,,,,,,,,,,,,,,,,,,0.0,0.917,3548.8,,,,6734.0,,,,,2.427,,,,,,,,,,,,""
13500263687,"Jan 31, 2025, 6:51:59 AM",Morning Run,Run,,2662,6.98,181.0,112,,,,activities/14401429636.fit.gz,,,2662.0,2612.0,6988.2,8.88,2.675,48.0,53.0,206.6,217.2,29.6,-0.1,,,92.0,86.0,181.0,167.0,,,418.0,,17.0,112.0,,,,,,,,,,,,,0.0,,1.0,7081.1,,,,,,,,,,,,,,,,,,,,,,,,,,0.0,2.625,6599.7,,,,7564.0,,,,,2.663,,,,,,,,,,,,""
13500262199,"Jan 30, 2025, 6:53:44 AM",Morning Run,Run,,2133,5.23,156.0,28,,,,activities/14401427481.fit.gz,,,2133.0,2129.0,5234.3,3.417,2.459,37.0,43.0,206.2,215.8,16.5,-0.1,,,89.0,83.0,156.0,141.0,,,291.0,,19.0,28.0,,,,,,,,,,,,,0.0,,1.0,5295.5,,,,,,,,,,,,,,,,,,,,,,,,,,0.0,2.454,4645.0,,,,5898.0,,,,,2.437,,,,,,,,,,,,""
13487250701,"Jan 29, 2025, 1:56:32 PM",🤧 πρώτη χωρίς επίδεσμο,Run,"",7387,17.22,184.0,210,,,,activities/14387252523.fit.gz,,,7387.0,7163.0,17222.9,3.867,2.404,493.0,491.0,212.8,379.0,39.2,0.0,,,113.0,81.0,184.0,156.0,,,1084.0,,20.0,210.0,,,,,,,,,,,0.0,,0.0,,1.0,19001.8,,,,,,,,,,,,,,,,,,,,,,,,,,0.0,2.332,13487.4,,,,19572.0,,,,,2.653,,,,,,,,,,,,""
13487245918,"Jan 26, 2025, 2:00:49 PM",Afternoon Trail Run,Run,,3844,3.95,129.0,6,,,,activities/14387247809.fit.gz,,,3844.0,2689.0,3953.9,2.1,1.47,98.0,97.0,152.4,246.8,46.2,0.0,,,81.0,59.0,129.0,100.0,,,264.0,,19.0,6.0,,,,,,,,,,,,,0.0,,1.0,4259.2,,,,,,,,,,,,,,,,,,,,,,,,,,0.0,1.029,3747.2,,,,5668.0,,,,,1.584,,,,,,,,,,,,""
13447257340,"Jan 25, 2025, 9:24:23 AM",Lunch Trail Run,Hike,"",8692,9.01,139.0,20,,,,activities/14343681393.fit.gz,,,8692.0,7193.0,9010.3,2.97,1.253,424.0,429.0,104.2,429.2,31.2,-0.1,,,124.0,57.0,139.0,107.0,,,612.0,,24.0,20.0,,,,,,,,,,,0.0,,0.0,,1.0,11229.0,,,,,,,,,,,,,,,,,,,,,,,,,,0.0,1.037,6419.1,,,,13008.0,,,,,1.754,,,,,,,,,,,,""
13424925967,"Jan 22, 2025, 2:36:17 PM",Afternoon Trail Run,Run,"",6012,15.12,172.0,123,,,,activities/14319481299.fit.gz,,,6012.0,5916.0,15120.2,4.12,2.556,370.9,367.0,195.0,379.0,45.5,0.0,,,114.0,82.0,172.0,149.0,,,877.0,,19.0,123.0,,,,,,,,,,,0.0,,0.0,,1.0,16416.9,,,,,,,,,,,,,,,,,,,,,,,,,,0.0,2.515,13746.5,,,,16092.0,,,,,2.763,,,,,,,,,,,,""
13414617955,"Jan 21, 2025, 11:29:32 AM",Afternoon Trail Run,Run,,4185,7.43,178.0,67,,,,activities/14308388838.fit.gz,,,4185.0,3960.0,7436.4,3.583,1.878,447.0,451.0,210.8,434.6,49.3,0.0,,,118.0,72.0,178.0,145.0,,,573.0,,21.0,67.0,,,,,,,,,,,,,0.0,,1.0,10236.2,,,,,,,,,,,,,,,,,,,,,,,,,,0.0,1.777,4170.1,,,,9244.0,,,,,2.585,,,,,,,,,,,,""
13414614087,"Jan 20, 2025, 6:29:52 PM",Evening Weight Training,Weight Training,,1277,0,128.0,4,,,,activities/14308384632.fit.gz,,,1277.0,1277.0,0.0,0.0,0.0,0.0,0.0,0.0,0.0,0.0,0.0,,,,,128.0,111.0,,,114.0,,27.0,4.0,,,,,,,,,,,,,0.0,,1.0,,,,,,,,,,,,,,,,,,,,,,,,,,,0.0,0.0,0.0,,,,,,,,,,,10.0,,,,,,,,,,""
13404562963,"Jan 20, 2025, 11:29:28 AM",Afternoon Run,Run,,3668,9.83,167.0,92,,,,activities/14297532168.fit.gz,,,3668.0,3608.0,9833.3,4.867,2.725,62.0,71.0,203.6,215.6,18.2,-0.1,,,90.0,85.0,167.0,152.0,,,580.0,,21.0,92.0,,,,,,,,,,,,,0.0,,1.0,9922.3,,,,,,,,,,,,,,,,,,,,,,,,,,0.0,2.681,9833.3,,,,10384.0,,,,,2.669,,,,,,,,,,,,""
13404560391,"Jan 18, 2025, 12:17:22 PM",Afternoon Weight Training,Weight Training,,1077,0,130.0,3,,,,activities/14297529676.fit.gz,,,1077.0,1077.0,0.0,0.0,0.0,0.0,0.0,0.0,0.0,0.0,0.0,,,,,130.0,109.0,,,93.0,,24.0,3.0,,,,,,,,,,,,,0.0,,1.0,,,,,,,,,,,,,,,,,,,,,,,,,,,0.0,0.0,0.0,,,,,,,,,,,180.0,,,,,,,,,,""
13386245046,"Jan 18, 2025, 10:01:48 AM",Lunch Trail Run,Run,,5018,7.00,176.0,37,,,,activities/14277642546.fit.gz,,,5018.0,4467.0,7006.4,3.617,1.568,602.0,593.0,207.6,335.0,50.0,0.1,,,124.0,69.0,176.0,129.0,,,550.0,,21.0,37.0,,,,,,,,,,,,,0.0,,1.0,11290.5,,,,,,,,,,,,,,,,,,,,,,,,,,0.0,1.396,1882.7,,,,9570.0,,,,,2.528,,,,,,,,,,,,""
13380776821,"Jan 17, 2025, 2:15:57 PM",Afternoon Trail Run,Run,,4157,10.01,160.0,84,,,,activities/14271725285.fit.gz,,,4157.0,3896.0,10018.7,3.471,2.572,254.0,262.0,207.2,449.4,34.3,-0.1,,,89.0,83.0,160.0,148.0,,,594.0,,17.0,84.0,,,,,,,,,,,,,0.0,,1.0,10667.7,,,,,,,,,,,,,,,,,,,,,,,,,,0.0,2.41,9211.3,,,,10840.0,,,,,2.738,,,,,,,,,,,,""
13360347107,"Jan 15, 2025, 10:56:53 AM",Lunch Run,Run,,1816,5.01,163.0,21,,,,activities/14249787376.fit.gz,,,1816.0,1813.0,5016.5,4.6,2.767,38.0,48.0,201.6,217.0,14.0,-0.2,,,89.0,84.0,163.0,137.0,,,271.0,,19.0,21.0,,,,,,,,,,,,,0.0,,1.0,5074.6,,,,,,,,,,,,,,,,,,,,,,,,,,0.0,2.762,5016.5,,,,5126.0,,,,,2.799,,,,,,,,,,,,""
13353762693,"Jan 14, 2025, 11:09:26 AM",12,Weight Training,"",4054,0,166.0,16,,,,activities/14242742005.fit.gz,,,4054.0,4054.0,0.0,0.0,0.0,0.0,0.0,0.0,0.0,0.0,0.0,,,,,166.0,112.0,,,350.0,,25.0,16.0,,,,,,,,,,,0.0,,0.0,,1.0,,,,,,,,,,,,,,,,,,,,,,,,,,,0.0,0.0,0.0,,,,,,,,,,,260.0,,,,,,,,,,""
13353763520,"Jan 13, 2025, 5:52:14 PM",Evening Run,Run,,2024,5.18,152.0,21,,,,activities/14242742920.fit.gz,,,2024.0,2024.0,5182.2,3.933,2.56,0.0,0.0,0.0,0.0,0.0,0.0,,,123.0,79.0,152.0,134.0,,,255.0,,24.0,21.0,,,,,,,,,,,,,0.0,,1.0,5182.2,,,,,,,,,,,,,,,,,,,,,,,,,,0.0,2.56,0.0,,,,5070.0,,,,,,,,,,,,,,,,,""
13353761043,"Jan 13, 2025, 5:45:08 PM",Evening Elliptical,Elliptical,,338,0,133.0,1,,,,activities/14242740126.fit.gz,,,338.0,338.0,0.0,0.0,0.0,0.0,0.0,0.0,0.0,0.0,0.0,,,54.0,51.0,133.0,115.0,,,35.0,,23.0,1.0,,,,,,,,,,,,,0.0,,1.0,,,,,,,,,,,,,,,,,,,,,,,,,,,0.0,0.0,0.0,,,,54.0,,,,,,,54.0,,,,,,,,,,""
13353761020,"Jan 13, 2025, 11:10:57 AM",Afternoon Weight Training,Weight Training,,3032,0,143.0,8,,,,activities/14242739467.fit.gz,,,3032.0,3032.0,0.0,0.0,0.0,0.0,0.0,0.0,0.0,0.0,0.0,,,,,143.0,103.0,,,220.0,,25.0,8.0,,,,,,,,,,,,,0.0,,1.0,,,,,,,,,,,,,,,,,,,,,,,,,,,0.0,0.0,0.0,,,,,,,,,,,38.0,,,,,,,,,,""
13335672349,"Jan 12, 2025, 10:34:10 AM",Lunch Trail Run,Run,,7914,11.54,157.0,52,,,,activities/14223288147.fit.gz,,,7914.0,6111.0,11544.2,4.02,1.889,731.0,716.0,537.0,1039.2,48.8,0.1,,,124.0,72.0,157.0,132.0,,,807.0,,20.0,52.0,,,,,,,,,,,,,0.0,,1.0,15686.5,,,,,,,,,,,,,,,,,,,,,,,,,,0.0,1.459,2640.8,,,,14250.0,,,,,2.567,,,,,,,,,,,,""
13335662990,"Jan 11, 2025, 2:11:23 PM",Afternoon Run,Run,,1699,5.01,171.0,41,,,,activities/14223279379.fit.gz,,,1699.0,1699.0,5011.0,3.986,2.949,31.0,34.0,201.6,212.6,16.2,-0.1,,,87.0,84.0,171.0,152.0,,,279.0,,19.0,41.0,,,,,,,,,,,,,0.0,,1.0,5062.6,,,,,,,,,,,,,,,,,,,,,,,,,,0.0,2.949,4719.2,,,,4768.0,,,,,2.98,,,,,,,,,,,,""
13318028911,"Jan 10, 2025, 4:02:57 PM",10 legs /upper,Weight Training,"",4556,0,150.0,16,,,,activities/14204337144.fit.gz,,,4556.0,4556.0,0.0,0.0,0.0,0.0,0.0,0.0,0.0,0.0,0.0,,,,,150.0,115.0,,,383.0,,26.0,16.0,,,,,,,,,,,0.0,,0.0,,1.0,,,,,,,,,,,,,,,,,,,,,,,,,,,0.0,0.0,0.0,,,,,,,,,,,246.0,,,,,,,,,,""
13318027317,"Jan 10, 2025, 3:35:48 PM",Afternoon Ride,Ride,,1502,0,145.0,7,,,,activities/14204335498.fit.gz,,,1502.0,1502.0,0.0,0.0,0.0,0.0,0.0,0.0,0.0,0.0,0.0,,,,,145.0,122.0,,,169.0,,28.0,7.0,,,,,,,,,,,,,0.0,,1.0,,,,,,,,,,,,,,,,,,,,,,,,,,,0.0,0.0,0.0,,,,,,,,,,,,,,,,,,,,,""
13318026852,"Jan 8, 2025, 6:40:40 PM",9 gym,Weight Training,"",1560,0,120.0,3,,,,activities/14204335000.fit.gz,,,1560.0,1560.0,0.0,0.0,0.0,0.0,0.0,0.0,0.0,0.0,0.0,,,,,120.0,99.0,,,106.0,,24.0,3.0,,,,,,,,,,,0.0,,0.0,,1.0,,,,,,,,,,,,,,,,,,,,,,,,,,,0.0,0.0,0.0,,,,,,,,,,,8.0,,,,,,,,,,""
13318026895,"Jan 8, 2025, 6:19:45 PM",Evening Run,Run,,1025,3.20,171.0,22,,,,activities/14204335081.fit.gz,,,1025.0,1025.0,3202.2,4.3,3.124,0.0,0.0,0.0,0.0,0.0,0.0,,,88.0,78.0,171.0,146.0,,,156.0,,25.0,22.0,,,,,,,,,,,,,0.0,,1.0,3202.2,,,,,,,,,,,,,,,,,,,,,,,,,,0.0,3.124,0.0,,,,2588.0,,,,,,,,,,,,,,,,,""
13318025297,"Jan 8, 2025, 6:02:49 PM",Evening Weight Training,Weight Training,,933,0,109.0,2,,,,activities/14204333349.fit.gz,,,933.0,933.0,0.0,0.0,0.0,0.0,0.0,0.0,0.0,0.0,0.0,,,,,109.0,100.0,,,65.0,,26.0,2.0,,,,,,,,,,,,,0.0,,1.0,,,,,,,,,,,,,,,,,,,,,,,,,,,0.0,0.0,0.0,,,,,,,,,,,16.0,,,,,,,,,,""
13318025263,"Jan 8, 2025, 7:04:47 AM",Morning Weight Training,Weight Training,,2281,0,150.0,8,,,,activities/14204333291.fit.gz,,,2281.0,2281.0,0.0,0.0,0.0,0.0,0.0,0.0,0.0,0.0,0.0,,,,,150.0,114.0,,,206.0,,25.0,8.0,,,,,,,,,,,,,0.0,,1.0,,,,,,,,,,,,,,,,,,,,,,,,,,,0.0,0.0,0.0,,,,,,,,,,,22.0,,,,,,,,,,""
13288730834,"Jan 7, 2025, 7:08:56 AM",7 legs,Weight Training,"",2116,0,163.0,17,,,,activities/14172964912.fit.gz,,,2116.0,2116.0,0.0,0.0,0.0,0.0,0.0,0.0,0.0,0.0,0.0,,,,,163.0,125.0,,,246.0,,25.0,17.0,,,,,,,,,,,0.0,,0.0,,1.0,,,,,,,,,,,,,,,,,,,,,,,,,,,0.0,0.0,0.0,,,,,,,,,,,10.0,,,,,,,,,,""
13288729880,"Jan 6, 2025, 9:32:41 AM",6 full body after COVID,Weight Training,"",3056,0,152.0,11,,,,activities/14172963892.fit.gz,,,3056.0,3056.0,0.0,0.0,0.0,0.0,0.0,0.0,0.0,0.0,0.0,,,,,152.0,111.0,,,266.0,,25.0,11.0,,,,,,,,,,,0.0,,0.0,,1.0,,,,,,,,,,,,,,,,,,,,,,,,,,,0.0,0.0,0.0,,,,,,,,,,,8.0,,,,,,,,,,""
13275073853,"Jan 5, 2025, 1:02:19 PM",Afternoon Trail Run,Run,,6214,6.64,170.0,19,,,,activities/14158239466.fit.gz,,,6214.0,4646.0,6641.3,3.54,1.429,429.0,423.0,491.2,872.0,50.0,0.1,,,122.0,61.0,170.0,114.0,,,489.0,,18.0,19.0,,,,,,,,,,,,,0.0,,1.0,9247.5,,,,,,,,,,,,,,,,,,,,,,,,,,0.0,1.069,6641.3,,,,9432.0,,,,,1.99,,,,,,,,,,,,""
13275070580,"Jan 4, 2025, 4:27:20 PM",Evening Run,Run,,2075,1.46,84.0,1,,,,activities/14158235672.fit.gz,,,2075.0,1049.0,1464.9,1.68,1.396,4.0,66.0,130.4,198.4,6.0,-4.3,,,104.0,55.0,84.0,61.0,,,54.0,,22.0,1.0,,,,,,,,,,,,,0.0,,1.0,1377.8,,,,,,,,,,,,,,,,,,,,,,,,,,0.0,0.706,0.0,,,,2348.0,,,,,1.313,,,,,,,,,,,,""
13275069206,"Jan 2, 2025, 4:47:09 PM",Upper,Weight Training,"",1970,0,140.0,6,,,,activities/14158234704.fit.gz,,,1970.0,1970.0,0.0,0.0,0.0,0.0,0.0,0.0,0.0,0.0,0.0,,,,,140.0,114.0,,,175.0,,27.0,6.0,,,,,,,,,,,0.0,,0.0,,1.0,,,,,,,,,,,,,,,,,,,,,,,,,,,0.0,0.0,0.0,,,,,,,,,,,26.0,,,,,,,,,,""
13275068392,"Jan 2, 2025, 2:31:57 PM",Afternoon Trail Run,Run,,2247,2.86,157.0,14,,,,activities/14158233856.fit.gz,,,2247.0,2096.0,2865.3,3.02,1.367,188.0,195.0,211.4,401.2,44.0,-0.2,,,124.0,61.0,157.0,124.0,,,219.0,,23.0,14.0,,,,,,,,,,,,,0.0,,1.0,4031.0,,,,,,,,,,,,,,,,,,,,,,,,,,0.0,1.275,1658.2,,,,4156.0,,,,,1.923,,,,,,,,,,,,""
13275066556,"Jan 1, 2025, 4:02:22 PM",5η φουλ,Weight Training,"",3896,0,151.0,15,,,,activities/14158231878.fit.gz,,,3896.0,3896.0,0.0,0.0,0.0,0.0,0.0,0.0,0.0,0.0,0.0,,,,,151.0,117.0,,,333.0,,26.0,15.0,,,,,,,,,,,0.0,,0.0,,1.0,,,,,,,,,,,,,,,,,,,,,,,,,,,0.0,0.0,0.0,,,,,,,,,,,226.0,,,,,,,,,,""
13275065875,"Jan 1, 2025, 3:41:29 PM",Afternoon Ride,Ride,,909,0,134.0,2,,,,activities/14158231072.fit.gz,,,909.0,909.0,0.0,0.0,0.0,0.0,0.0,0.0,0.0,0.0,0.0,,,,,134.0,109.0,,,78.0,,24.0,2.0,,,,,,,,,,,,,0.0,,1.0,,,,,,,,,,,,,,,,,,,,,,,,,,,0.0,0.0,0.0,,,,,,,,,,,,,,,,,,,,,""
13275065807,"Dec 31, 2024, 9:31:41 PM",Night Trail Run,Run,,4034,2.76,144.0,5,,,,activities/14158230934.fit.gz,,,4034.0,2987.0,2760.4,1.914,0.924,196.0,197.0,214.4,404.0,47.7,-0.1,,,116.0,55.0,144.0,98.0,,,206.0,,22.0,5.0,,,,,,,,,,,,,0.0,,1.0,4012.8,,,,,,,,,,,,,,,,,,,,,,,,,,0.0,0.684,1418.6,,,,4678.0,,,,,1.343,,,,,,,,,,,,""
13275063120,"Dec 29, 2024, 8:57:33 AM",4η φουλ,Weight Training,"",4031,0,161.0,16,,,,activities/14158228068.fit.gz,,,4031.0,4031.0,0.0,0.0,0.0,0.0,0.0,0.0,0.0,0.0,0.0,,,,,161.0,112.0,,,322.0,,24.0,16.0,,,,,,,,,,,0.0,,0.0,,1.0,,,,,,,,,,,,,,,,,,,,,,,,,,,0.0,0.0,0.0,,,,,,,,,,,238.0,,,,,,,,,,""
13208175257,"Dec 28, 2024, 10:31:44 AM",3 h legs,Weight Training,"",2930,0,159.0,12,,,,activities/14085950374.fit.gz,,,2930.0,2930.0,0.0,0.0,0.0,0.0,0.0,0.0,0.0,0.0,0.0,,,,,159.0,117.0,,,264.0,,24.0,12.0,,,,,,,,,,,0.0,,0.0,,1.0,,,,,,,,,,,,,,,,,,,,,,,,,,,0.0,0.0,0.0,,,,,,,,,,,36.0,,,,,,,,,,""
13208174260,"Dec 28, 2024, 9:00:16 AM",Lunch Trail Run,Run,,4836,3.47,145.0,6,,,,activities/14085949326.fit.gz,,,4836.0,2330.0,3476.0,2.771,1.492,161.0,166.0,194.6,332.6,48.4,-0.1,,,122.0,58.0,145.0,106.0,,,327.0,,18.0,6.0,,,,,,,,,,,,,0.0,,1.0,4271.5,,,,,,,,,,,,,,,,,,,,,,,,,,0.0,0.719,0.0,,,,4722.0,,,,,1.833,,,,,,,,,,,,""
13208165776,"Dec 27, 2024, 2:43:04 PM",Afternoon Trail Run,Run,,1785,1.99,118.0,3,,,,activities/14085940174.fit.gz,,,1785.0,1596.0,1997.8,7.367,1.252,56.0,56.0,191.4,229.8,17.7,0.1,,,113.0,51.0,118.0,90.0,,,106.0,,26.0,3.0,,,,,,,,,,,,,0.0,,1.0,2161.4,,,,,,,,,,,,,,,,,,,,,,,,,,0.0,1.119,0.0,,,,2872.0,,,,,1.354,,,,,,,,,,,,""
13208164536,"Dec 27, 2024, 10:32:19 AM",2 h legs weight,Weight Training,"",2675,0,150.0,9,,,,activities/14085938798.fit.gz,,,2675.0,2675.0,0.0,0.0,0.0,0.0,0.0,0.0,0.0,0.0,0.0,,,,,150.0,113.0,,,244.0,,25.0,9.0,,,,,,,,,,,0.0,,0.0,,1.0,,,,,,,,,,,,,,,,,,,,,,,,,,,0.0,0.0,0.0,,,,,,,,,,,8.0,,,,,,,,,,""
13196863513,"Dec 26, 2024, 9:21:06 AM",7η - 1η πόδια με βάρος,Weight Training,"",4295,0,153.0,16,,,,activities/14073789683.fit.gz,,,4295.0,4295.0,0.0,0.0,0.0,0.0,0.0,0.0,0.0,0.0,0.0,,,,,153.0,117.0,,,364.0,,27.0,16.0,,,,,,,,,,,0.0,,0.0,,1.0,,,,,,,,,,,,,,,,,,,,,,,,,,,0.0,0.0,0.0,,,,,,,,,,,12.0,,,,,,,,,,""
13196862717,"Dec 25, 2024, 4:05:01 PM",Evening Weight Training,Weight Training,,4750,0,131.0,9,,,,activities/14073788791.fit.gz,,,4750.0,4750.0,0.0,0.0,0.0,0.0,0.0,0.0,0.0,0.0,0.0,,,,,131.0,87.0,,,239.0,,26.0,9.0,,,,,,,,,,,,,0.0,,1.0,,,,,,,,,,,,,,,,,,,,,,,,,,,0.0,0.0,0.0,,,,,,,,,,,22.0,,,,,,,,,,""
13196861860,"Dec 24, 2024, 4:20:56 PM",Evening Weight Training,Weight Training,,1608,0,117.0,2,,,,activities/14073787918.fit.gz,,,1608.0,1608.0,0.0,0.0,0.0,0.0,0.0,0.0,0.0,0.0,0.0,,,,,117.0,83.0,,,74.0,,26.0,2.0,,,,,,,,,,,,,0.0,,1.0,,,,,,,,,,,,,,,,,,,,,,,,,,,0.0,0.0,0.0,,,,,,,,,,,10.0,,,,,,,,,,""
13196861291,"Dec 21, 2024, 5:18:30 PM",Evening Weight Training,Weight Training,,1168,0,138.0,2,,,,activities/14073787261.fit.gz,,,1168.0,1168.0,0.0,0.0,0.0,0.0,0.0,0.0,0.0,0.0,0.0,,,,,138.0,100.0,,,83.0,,25.0,2.0,,,,,,,,,,,,,0.0,,1.0,,,,,,,,,,,,,,,,,,,,,,,,,,,0.0,0.0,0.0,,,,,,,,,,,22.0,,,,,,,,,,""
13196861002,"Dec 20, 2024, 10:07:55 AM",Lunch Weight Training,Weight Training,,3254,0,122.0,6,,,,activities/14073786971.fit.gz,,,3254.0,3254.0,0.0,0.0,0.0,0.0,0.0,0.0,0.0,0.0,0.0,,,,,122.0,86.0,,,155.0,,25.0,6.0,,,,,,,,,,,,,0.0,,1.0,,,,,,,,,,,,,,,,,,,,,,,,,,,0.0,0.0,0.0,,,,,,,,,,,10.0,,,,,,,,,,""
13196860642,"Dec 19, 2024, 3:39:16 PM",Afternoon Weight Training,Weight Training,,2954,0,136.0,7,,,,activities/14073786427.fit.gz,,,2954.0,2954.0,0.0,0.0,0.0,0.0,0.0,0.0,0.0,0.0,0.0,,,,,136.0,96.0,,,185.0,,27.0,7.0,,,,,,,,,,,,,0.0,,1.0,,,,,,,,,,,,,,,,,,,,,,,,,,,0.0,0.0,0.0,,,,,,,,,,,12.0,,,,,,,,,,""
13196859753,"Dec 18, 2024, 3:20:41 PM",Afternoon Weight Training,Weight Training,,2017,0,143.0,7,,,,activities/14073785652.fit.gz,,,2017.0,2017.0,0.0,0.0,0.0,0.0,0.0,0.0,0.0,0.0,0.0,,,,,143.0,122.0,,,212.0,,25.0,7.0,,,,,,,,,,,,,0.0,,1.0,,,,,,,,,,,,,,,,,,,,,,,,,,,0.0,0.0,0.0,,,,,,,,,,,6.0,,,,,,,,,,""
13196859139,"Dec 17, 2024, 6:45:12 AM",Morning Trail Run,Run,,4180,9.10,164.0,70,,,,activities/14073785030.fit.gz,,,4180.0,3645.0,9100.1,3.8,2.497,206.0,232.0,199.6,365.4,28.8,-0.3,,,124.0,83.0,164.0,145.0,,,547.0,,17.0,70.0,,,,,,,,,,,,,0.0,,1.0,9636.2,,,,,,,,,,,,,,,,,,,,,,,,,,0.0,2.177,7575.9,,,,9796.0,,,,,2.644,,,,,,,,,,,,""
13126837009,"Dec 15, 2024, 2:33:59 PM",Afternoon Trail Run,Run,,3618,8.31,167.0,58,,,,activities/13998577223.fit.gz,,,3618.0,3395.0,8309.6,3.74,2.448,236.0,242.0,204.8,381.4,48.1,0.0,,,116.0,80.0,167.0,144.0,,,490.0,,20.0,58.0,,,,,,,,,,,,,0.0,,1.0,9116.8,,,,,,,,,,,,,,,,,,,,,,,,,,0.0,2.297,7472.3,,,,8644.0,,,,,2.685,,,,,,,,,,,,""
13113345932,"Dec 14, 2024, 10:59:32 AM",Lunch Trail Run,Run,"",3816,7.70,178.0,43,,,,activities/13984067893.fit.gz,,,3816.0,3658.0,7703.0,4.65,2.106,395.0,401.0,180.8,325.8,48.8,-0.1,,,124.0,75.0,178.0,138.0,,,503.0,,20.0,43.0,,,,,,,,,,,0.0,,0.0,,1.0,10211.4,,,,,,,,,,,,,,,,,,,,,,,,,,0.0,2.019,4037.4,,,,8816.0,,,,,2.792,,,,,,,,,,,,""
13098496768,"Dec 12, 2024, 8:57:07 AM",Morning Trail Run,Run,,126,0.29,154.0,2,,,,activities/13968137082.fit.gz,,,126.0,113.0,295.0,5.98,2.611,2.0,7.0,214.6,223.8,13.6,-2.3,,,85.0,83.0,154.0,150.0,,,19.0,,21.0,2.0,,,,,,,,,,,,,0.0,,1.0,293.1,,,,,,,,,,,,,,,,,,,,,,,,,,0.0,2.341,0.0,,,,342.0,,,,,2.594,,,,,,,,,,,,""
13098496628,"Dec 12, 2024, 7:27:31 AM",Morning Trail Run,Run,,5354,15.02,164.0,119,,,,activities/13968136892.fit.gz,,,5354.0,5337.0,15019.7,4.117,2.814,306.0,310.0,207.8,367.4,39.2,0.0,,,97.0,84.0,164.0,149.0,,,857.0,,21.0,119.0,,,,,,,,,,,,,0.0,,1.0,15724.2,,,,,,,,,,,,,,,,,,,,,,,,,,0.0,2.805,13478.0,,,,14852.0,,,,,2.946,,,,,,,,,,,,""
13097953232,"Dec 11, 2024, 12:18:46 PM",Afternoon Trail Run,Run,,5537,10.40,168.0,54,,,,activities/13967541900.fit.gz,,,5537.0,4824.0,10407.3,5.64,2.157,527.0,543.0,209.2,430.8,44.2,-0.2,,,117.0,77.0,168.0,138.0,,,671.0,,22.0,54.0,,,,,,,,,,,,,0.0,,1.0,12932.0,,,,,,,,,,,,,,,,,,,,,,,,,,0.0,1.88,4102.9,,,,12600.0,,,,,2.681,,,,,,,,,,,,""
13097951003,"Dec 10, 2024, 4:30:37 PM",Evening Run,Run,"",3144,8.23,153.0,35,,,,activities/13967539601.fit.gz,,,3144.0,3115.0,8230.2,6.678,2.642,113.0,126.0,193.4,220.0,20.4,-0.2,,,90.0,85.0,153.0,139.0,,,476.0,,21.0,35.0,,,,,,,,,,,0.0,,0.0,,1.0,8478.3,,,,,,,,,,,,,,,,,,,,,,,,,,0.0,2.618,7765.3,,,,8884.0,,,,,2.722,,,,,,,,,,,,""
13097949813,"Dec 9, 2024, 6:08:44 PM",Evening Weight Training,Weight Training,,1504,0,146.0,5,,,,activities/13967538199.fit.gz,,,1504.0,1504.0,0.0,0.0,0.0,0.0,0.0,0.0,0.0,0.0,0.0,,,,,146.0,115.0,,,147.0,,27.0,5.0,,,,,,,,,,,,,0.0,,1.0,,,,,,,,,,,,,,,,,,,,,,,,,,,0.0,0.0,0.0,,,,,,,,,,,8.0,,,,,,,,,,""
13097949167,"Dec 9, 2024, 5:37:14 PM",Evening Run,Run,,1682,4.87,157.0,14,,,,activities/13967537772.fit.gz,,,1682.0,1634.0,4872.0,4.16,2.982,0.0,0.0,0.0,0.0,0.0,0.0,,,89.0,79.0,157.0,127.0,,,200.0,,27.0,14.0,,,,,,,,,,,,,0.0,,1.0,4870.6,,,,,,,,,,,,,,,,,,,,,,,,,,0.0,2.897,0.0,,,,4282.0,,,,,,,,,,,,,,,,,""
13071970924,"Dec 8, 2024, 9:39:06 AM",Lunch Trail Run,Run,,5358,14.01,169.0,120,,,,activities/13939797510.fit.gz,,,5358.0,5134.0,14018.9,4.24,2.731,355.0,356.0,196.6,430.8,29.6,0.0,,,121.0,84.0,169.0,150.0,,,834.0,,21.0,120.0,,,,,,,,,,,,,0.0,,1.0,14981.0,,,,,,,,,,,,,,,,,,,,,,,,,,0.0,2.616,12502.9,,,,14414.0,,,,,2.918,,,,,,,,,,,,""
13067677911,"Dec 6, 2024, 2:12:47 PM",Afternoon Trail Run,Run,,4715,9.40,164.0,67,,,,activities/13935248607.fit.gz,,,4715.0,4529.0,9399.3,3.783,2.075,473.0,475.0,207.0,449.6,48.7,0.0,,,121.0,73.0,164.0,142.0,,,609.0,,21.0,67.0,,,,,,,,,,,,,0.0,,1.0,12014.7,,,,,,,,,,,,,,,,,,,,,,,,,,0.0,1.993,5410.8,,,,10860.0,,,,,2.653,,,,,,,,,,,,""
13067655500,"Dec 5, 2024, 5:13:31 PM",Evening Run,Run,,2511,5.29,142.0,9,,,,activities/13935224629.fit.gz,,,2511.0,2454.0,5293.1,4.04,2.157,92.0,90.0,193.0,214.0,20.2,0.0,,,92.0,82.0,142.0,120.0,,,291.0,,21.0,9.0,,,,,,,,,,,,,0.0,,1.0,5521.0,,,,,,,,,,,,,,,,,,,,,,,,,,0.0,2.108,5042.3,,,,6816.0,,,,,2.25,,,,,,,,,,,,""
13046042190,"Dec 4, 2024, 10:55:21 AM",Lunch Trail Run,Run,,3212,4.49,164.0,32,,,,activities/13912099966.fit.gz,,,3212.0,3105.0,4494.3,3.929,1.447,473.0,473.0,210.6,350.6,49.5,0.0,,,124.0,68.0,164.0,135.0,,,397.0,,22.0,32.0,,,,,,,,,,,,,0.0,,1.0,8120.1,,,,,,,,,,,,,,,,,,,,,,,,,,0.0,1.399,861.0,,,,6790.0,,,,,2.615,,,,,,,,,,,,""
13046038579,"Dec 3, 2024, 10:58:01 AM",Lunch Run,Run,"",3920,12.01,171.0,89,,,,activities/13912096929.fit.gz,,,3920.0,3885.0,12013.9,4.017,3.092,58.0,62.0,205.8,214.2,8.8,0.0,,,89.0,85.0,171.0,150.0,,,670.0,,21.0,89.0,,,,,,,,,,,0.0,,0.0,,1.0,12068.3,,,,,,,,,,,,,,,,,,,,,,,,,,0.0,3.065,12013.9,,,,11106.0,,,,,3.106,,,,,,,,,,,,""
13046037095,"Dec 2, 2024, 11:23:58 AM",Afternoon Weight Training,Weight Training,,4141,0,142.0,12,,,,activities/13912095288.fit.gz,,,4141.0,4141.0,0.0,0.0,0.0,0.0,0.0,0.0,0.0,0.0,0.0,,,,,142.0,107.0,,,314.0,,27.0,12.0,,,,,,,,,,,,,0.0,,1.0,,,,,,,,,,,,,,,,,,,,,,,,,,,0.0,0.0,0.0,,,,,,,,,,,6.0,,,,,,,,,,""
13046035726,"Nov 30, 2024, 5:17:22 PM",Evening Weight Training,Weight Training,,2276,0,131.0,6,,,,activities/13912093858.fit.gz,,,2276.0,2276.0,0.0,0.0,0.0,0.0,0.0,0.0,0.0,0.0,0.0,,,,,131.0,106.0,,,175.0,,28.0,6.0,,,,,,,,,,,,,0.0,,1.0,,,,,,,,,,,,,,,,,,,,,,,,,,,0.0,0.0,0.0,,,,,,,,,,,36.0,,,,,,,,,,""
13046035492,"Nov 29, 2024, 10:51:12 AM",Lunch Trail Run,Run,,4086,10.10,153.0,42,,,,activities/13912093604.fit.gz,,,4086.0,3911.0,10102.2,3.571,2.583,267.0,264.0,212.4,449.6,30.0,0.0,,,86.0,83.0,153.0,139.0,,,569.0,,24.0,42.0,,,,,,,,,,,,,0.0,,1.0,10848.4,,,,,,,,,,,,,,,,,,,,,,,,,,0.0,2.472,9896.2,,,,10842.0,,,,,2.774,,,,,,,,,,,,""
13000030407,"Nov 28, 2024, 7:02:15 AM",Morning Trail Run,Run,,2349,5.15,158.0,34,,,,activities/13862797192.fit.gz,,,2349.0,2261.0,5158.4,3.917,2.281,201.0,201.0,206.6,408.6,45.6,0.0,,,123.0,82.0,158.0,142.0,,,339.0,,22.0,34.0,,,,,,,,,,,,,0.0,,1.0,5990.0,,,,,,,,,,,,,,,,,,,,,,,,,,0.0,2.196,3822.5,,,,6008.0,,,,,2.649,,,,,,,,,,,,""
13000029618,"Nov 27, 2024, 5:30:34 PM",Evening Weight Training,Weight Training,,2365,0,132.0,5,,,,activities/13862796333.fit.gz,,,2365.0,2365.0,0.0,0.0,0.0,0.0,0.0,0.0,0.0,0.0,0.0,,,,,132.0,92.0,,,136.0,,24.0,5.0,,,,,,,,,,,,,0.0,,1.0,,,,,,,,,,,,,,,,,,,,,,,,,,,0.0,0.0,0.0,,,,,,,,,,,324.0,,,,,,,,,,""
12985167190,"Nov 26, 2024, 7:15:08 AM",Morning Ride,Ride,,998,0,121.0,2,,,,activities/13846909347.fit.gz,,,998.0,998.0,0.0,0.0,0.0,0.0,0.0,0.0,0.0,0.0,0.0,,,,,121.0,105.0,,,81.0,,25.0,2.0,,,,,,,,,,,,,0.0,,1.0,,,,,,,,,,,,,,,,,,,,,,,,,,,0.0,0.0,0.0,,,,,,,,,,,,,,,,,,,,,""
12971540050,"Nov 24, 2024, 7:05:34 AM",Dirfys trail race,Run,"",13598,31.83,175.0,375,,,,activities/13832430718.fit.gz,,,13598.0,13540.0,31833.7,5.2,2.351,1618.0,1616.0,414.0,1163.8,49.1,0.0,,,123.0,78.0,175.0,155.0,,,1984.0,,12.0,375.0,,,,,,,,,,,0.0,,0.0,,1.0,40236.9,,,,,,,,,,,,,,,,,,,,,,,,,,0.0,2.341,16429.2,,,,35118.0,,,,,2.972,,,,,,,,,,,,""
12971525663,"Nov 24, 2024, 6:37:11 AM",Morning Trail Run,Run,,1199,1.76,153.0,8,,,,activities/13832416029.fit.gz,,,1199.0,846.0,1764.1,3.3,2.085,52.0,63.0,417.4,457.0,22.0,-0.6,,,106.0,81.0,153.0,135.0,,,145.0,,16.0,8.0,,,,,,,,,,,,,0.0,,1.0,1936.1,,,,,,,,,,,,,,,,,,,,,,,,,,0.0,1.471,0.0,,,,2642.0,,,,,2.289,,,,,,,,,,,,""
12967507711,"Nov 22, 2024, 2:23:08 PM",Afternoon Trail Run,Run,,2345,5.16,145.0,8,,,,activities/13828105412.fit.gz,,,2345.0,2180.0,5161.6,4.629,2.368,155.0,149.0,212.6,361.0,28.0,0.1,,,94.0,82.0,145.0,122.0,,,296.0,,25.0,8.0,,,,,,,,,,,,,0.0,,1.0,5639.0,,,,,,,,,,,,,,,,,,,,,,,,,,0.0,2.201,4237.2,,,,6022.0,,,,,2.587,,,,,,,,,,,,""
12967506093,"Nov 21, 2024, 7:08:16 AM",Morning Ride,Ride,,1238,0,133.0,3,,,,activities/13828104061.fit.gz,,,1238.0,1238.0,0.0,0.0,0.0,0.0,0.0,0.0,0.0,0.0,0.0,,,,,133.0,111.0,,,114.0,,27.0,3.0,,,,,,,,,,,,,0.0,,1.0,,,,,,,,,,,,,,,,,,,,,,,,,,,0.0,0.0,0.0,,,,,,,,,,,,,,,,,,,,,""
12944162697,"Nov 20, 2024, 9:51:51 AM",Lunch Trail Run,Run,,3830,6.58,167.0,38,,,,activities/13803398206.fit.gz,,,3830.0,3433.0,6579.1,3.64,1.916,380.0,366.0,204.6,448.6,48.7,0.1,,,120.0,74.0,167.0,138.0,,,443.0,,26.0,38.0,,,,,,,,,,,,,0.0,,1.0,8800.1,,,,,,,,,,,,,,,,,,,,,,,,,,0.0,1.718,3001.4,,,,8292.0,,,,,2.563,,,,,,,,,,,,""
12936302235,"Nov 19, 2024, 11:30:51 AM",Afternoon Run,Run,,3213,7.93,174.0,30,,,,activities/13794981118.fit.gz,,,3213.0,2703.0,7935.3,5.167,2.936,52.0,61.0,208.8,227.4,23.3,-0.1,,,118.0,83.0,174.0,137.0,,,442.0,,23.0,30.0,,,,,,,,,,,,,0.0,,1.0,8043.8,,,,,,,,,,,,,,,,,,,,,,,,,,0.0,2.47,7174.6,,,,7584.0,,,,,2.976,,,,,,,,,,,,""
12936299927,"Nov 18, 2024, 11:29:34 AM",Afternoon Run,Run,,3452,10.10,159.0,35,,,,activities/13794978995.fit.gz,,,3452.0,3452.0,10104.6,4.35,2.927,49.0,44.0,205.6,213.4,7.0,0.1,,,90.0,85.0,159.0,137.0,,,541.0,,24.0,35.0,,,,,,,,,,,,,0.0,,1.0,10154.0,,,,,,,,,,,,,,,,,,,,,,,,,,0.0,2.927,10104.6,,,,9822.0,,,,,2.941,,,,,,,,,,,,""
12920880956,"Nov 17, 2024, 9:33:33 AM",Lunch Trail Run,Run,"",6971,17.01,175.0,184,,,,activities/13778320335.fit.gz,,,6971.0,6640.0,17012.3,4.133,2.562,645.0,641.0,489.6,1053.6,49.4,0.0,,,106.0,80.0,175.0,155.0,,,1024.0,,13.0,184.0,,,,,,,,,,,0.0,,0.0,,1.0,19774.8,,,,,,,,,,,,,,,,,,,,,,,,,,0.0,2.44,13752.6,,,,17292.0,,,,,2.978,,,,,,,,,,,,""
12913293674,"Nov 16, 2024, 10:51:00 AM",Lunch Trail Run,Run,,6309,7.75,155.0,44,,,,activities/13770136229.fit.gz,,,6309.0,5545.0,7758.2,3.52,1.399,875.0,868.0,492.2,1052.8,50.0,0.1,,,121.0,68.0,155.0,131.0,,,664.0,,18.0,44.0,,,,,,,,,,,,,0.0,,1.0,14132.1,,,,,,,,,,,,,,,,,,,,,,,,,,0.0,1.23,7758.2,,,,12154.0,,,,,2.549,,,,,,,,,,,,""
12898291269,"Nov 14, 2024, 10:26:36 AM",Lunch Trail Run,Run,"",4141,12.01,168.0,89,,,,activities/13753997248.fit.gz,,,4141.0,3949.0,12017.5,4.9,3.043,258.0,260.0,232.4,449.0,22.9,-0.1,,,91.0,85.0,168.0,149.0,,,673.0,,25.0,89.0,,,,,,,,,,,0.0,,0.0,,1.0,12570.6,,,,,,,,,,,,,,,,,,,,,,,,,,0.0,2.902,11674.5,,,,11248.0,,,,,3.183,,,,,,,,,,,,""
12891151811,"Nov 13, 2024, 11:13:46 AM",Afternoon Trail Run,Run,,4449,11.17,193.0,102,,,,activities/13746336583.fit.gz,,,4449.0,4449.0,11172.8,3.8,2.511,429.0,428.0,209.4,433.0,27.8,0.0,,,97.0,83.0,193.0,151.0,,,691.0,,22.0,102.0,,,,,,,,,,,,,0.0,,1.0,12806.0,,,,,,,,,,,,,,,,,,,,,,,,,,0.0,2.511,8676.8,,,,12268.0,,,,,2.878,,,,,,,,,,,,""
12883519926,"Nov 12, 2024, 11:37:39 AM",Afternoon Run,Run,,2757,8.12,158.0,41,,,,activities/13738163626.fit.gz,,,2757.0,2757.0,8124.1,4.086,2.947,48.0,44.0,207.2,213.8,10.3,0.0,,,91.0,86.0,158.0,141.0,,,454.0,,20.0,41.0,,,,,,,,,,,,,0.0,,1.0,8192.0,,,,,,,,,,,,,,,,,,,,,,,,,,0.0,2.947,8124.1,,,,7886.0,,,,,2.971,,,,,,,,,,,,""
12874705764,"Nov 11, 2024, 10:54:59 AM",Lunch Run,Run,"",3953,11.01,189.0,74,,,,activities/13728723690.fit.gz,,,3953.0,3539.0,11009.8,5.38,3.111,131.0,130.0,196.2,213.6,15.1,0.0,,,112.0,86.0,189.0,148.0,,,627.0,,20.0,74.0,,,,,,,,,,,0.0,,0.0,,1.0,11295.5,,,,,,,,,,,,,,,,,,,,,,,,,,0.0,2.785,10978.1,,,,10452.0,,,,,3.192,,,,,,,,,,,,""
12868572963,"Nov 10, 2024, 11:33:23 AM",Afternoon Trail Run,Run,"",5443,8.92,176.0,132,,,,activities/13722082076.fit.gz,,,5443.0,5195.0,8923.5,3.757,1.718,755.0,765.0,249.6,988.6,50.0,-0.1,,,97.0,71.0,176.0,154.0,,,775.0,,20.0,132.0,,,,,,,,,,,0.0,,0.0,,1.0,14138.3,,,,,,,,,,,,,,,,,,,,,,,,,,0.0,1.639,6919.1,,,,12478.0,,,,,2.722,,,,,,,,,,,,""
12858944455,"Nov 9, 2024, 9:08:58 AM",Lunch Trail Run,Run,"",10948,21.43,179.0,188,,,,activities/13711712286.fit.gz,,,10948.0,10488.0,21437.4,4.46,2.044,1214.0,1205.0,493.8,1280.0,49.5,0.0,,,124.0,76.0,179.0,145.0,,,1397.0,,16.0,188.0,,,,,,,,,,,0.0,,0.0,,1.0,28426.6,,,,,,,,,,,,,,,,,,,,,,,,,,0.0,1.958,20602.5,,,,26694.0,,,,,2.71,,,,,,,,,,,,""
12850877103,"Nov 8, 2024, 6:38:56 AM",Morning Run,Run,"",3533,10.02,170.0,71,,,,activities/13703034425.fit.gz,,,3533.0,3044.0,10022.4,4.037,3.293,17.0,20.0,110.6,115.4,19.4,0.0,,,93.0,88.0,170.0,151.0,,,561.0,,21.0,71.0,,,,,,,,,,,0.0,,0.0,,1.0,10051.8,,,,,,,,,,,,,,,,,,,,,,,,,,0.0,2.837,0.0,,,,9214.0,,,,,3.302,,,,,,,,,,,,""
12835707605,"Nov 6, 2024, 6:35:37 AM",Morning Trail Run,Run,,4375,8.90,181.0,82,,,,activities/13686754304.fit.gz,,,4375.0,4169.0,8899.6,4.88,2.135,489.0,488.0,209.0,434.6,49.5,0.0,,,113.0,73.0,181.0,147.0,,,593.0,,21.0,82.0,,,,,,,,,,,,,0.0,,1.0,11380.3,,,,,,,,,,,,,,,,,,,,,,,,,,0.0,2.034,5762.0,,,,9672.0,,,,,2.73,,,,,,,,,,,,""
12827874861,"Nov 5, 2024, 6:38:31 AM",Morning Run,Run,,4650,12.07,174.0,74,,,,activities/13678382451.fit.gz,,,4650.0,4353.0,12076.0,4.86,2.774,88.0,94.0,204.4,215.0,18.5,-0.1,,,94.0,86.0,174.0,147.0,,,691.0,,20.0,74.0,,,,,,,,,,,,,0.0,,1.0,12205.4,,,,,,,,,,,,,,,,,,,,,,,,,,0.0,2.597,11512.5,,,,12710.0,,,,,2.804,,,,,,,,,,,,""
12821316653,"Nov 4, 2024, 6:39:39 AM",Morning Trail Run,Run,,3985,8.42,155.0,30,,,,activities/13671371794.fit.gz,,,3985.0,3933.0,8424.1,4.683,2.142,406.0,408.0,210.2,449.6,49.6,0.0,,,116.0,74.0,155.0,134.0,,,519.0,,22.0,30.0,,,,,,,,,,,,,0.0,,1.0,10466.6,,,,,,,,,,,,,,,,,,,,,,,,,,0.0,2.114,6316.1,,,,9662.0,,,,,2.661,,,,,,,,,,,,""
12811166645,"Nov 3, 2024, 7:57:45 AM",Ladies run,Run,"",1414,5.04,178.0,65,,,,activities/13660437969.fit.gz,,,1414.0,1414.0,5041.5,5.82,3.565,65.0,64.0,4.0,30.6,11.3,0.0,,,93.0,88.0,178.0,168.0,,,268.0,,27.0,65.0,,,,,,,,,,,0.0,,0.0,,1.0,5157.1,,,,,,,,,,,,,,,,,,,,,,,,,,0.0,3.565,0.0,,,,4150.0,,,,,3.647,,,,,,,,,,,,""
12811165129,"Nov 3, 2024, 7:35:50 AM",Morning Run,Run,,814,1.34,151.0,2,,,,activities/13660436437.fit.gz,,,814.0,523.0,1347.4,4.2,2.576,10.0,8.0,4.8,11.6,11.1,0.1,,,86.0,77.0,151.0,122.0,,,93.0,,26.0,2.0,,,,,,,,,,,,,0.0,,1.0,1360.1,,,,,,,,,,,,,,,,,,,,,,,,,,0.0,1.655,0.0,,,,1460.0,,,,,2.601,,,,,,,,,,,,""
12803507727,"Nov 2, 2024, 9:10:01 AM",Lunch Trail Run,Run,"",7156,21.74,172.0,221,,,,activities/13652167661.fit.gz,,,7156.0,7156.0,21744.1,4.317,3.039,544.0,536.0,491.8,1018.8,22.0,0.0,,,91.0,87.0,172.0,158.0,,,1163.0,,26.0,221.0,,,,,,,,,,,0.0,,0.0,,1.0,22753.2,,,,,,,,,,,,,,,,,,,,,,,,,,0.0,3.039,138.7,,,,20714.0,,,,,3.18,,,,,,,,,,,,""
12802069184,"Nov 1, 2024, 2:31:21 PM",Afternoon Trail Run,Run,,3864,9.71,156.0,25,,,,activities/13650640337.fit.gz,,,3864.0,3842.0,9717.1,3.88,2.529,309.0,318.0,207.6,432.2,48.5,-0.1,,,90.0,81.0,156.0,134.0,,,538.0,,22.0,25.0,,,,,,,,,,,,,0.0,,1.0,10874.4,,,,,,,,,,,,,,,,,,,,,,,,,,0.0,2.515,7409.3,,,,10474.0,,,,,2.83,,,,,,,,,,,,""
12802067157,"Oct 31, 2024, 11:33:40 AM",Afternoon Run,Run,,2839,7.54,155.0,28,,,,activities/13650638156.fit.gz,,,2839.0,2823.0,7548.4,3.683,2.674,63.0,67.0,206.6,222.0,25.7,-0.1,,,98.0,85.0,155.0,135.0,,,434.0,,24.0,28.0,,,,,,,,,,,,,0.0,,1.0,7674.3,,,,,,,,,,,,,,,,,,,,,,,,,,0.0,2.659,6819.3,,,,7940.0,,,,,2.718,,,,,,,,,,,,""
12765673035,"Oct 28, 2024, 8:20:17 AM",Morning Trail Run,Run,"",7117,10.54,159.0,38,,,,activities/13611507040.fit.gz,,,7117.0,5982.0,10547.3,4.784,1.763,476.0,473.0,507.8,868.8,49.2,0.0,,,122.0,68.0,159.0,129.0,,,663.0,,26.0,38.0,,,,,,,,,,,0.0,,0.0,,1.0,13068.6,,,,,,,,,,,,,,,,,,,,,,,,,,0.0,1.482,2078.1,,,,13320.0,,,,,2.185,,,,,,,,,,,,""
12755182193,"Oct 27, 2024, 9:00:02 AM",Lunch Trail Run,Run,"",3207,4.75,186.0,93,,,,activities/13600158672.fit.gz,,,3207.0,3166.0,4753.6,4.956,1.501,668.0,93.0,5.0,673.8,50.0,12.1,,,105.0,61.0,186.0,156.0,,,473.0,,28.0,93.0,,,,,,,,,,,0.0,,0.0,,1.0,8864.3,,,,,,,,,,,,,,,,,,,,,,,,,,0.0,1.482,1878.1,,,,6592.0,,,,,2.8,,,,,,,,,,,,""
12748923857,"Oct 26, 2024, 5:10:20 AM",Sfakia sky marathon 😳⛰️🥰,Run,"",25078,43.05,174.0,617,,,,activities/13593337692.fit.gz,,,25078.0,24590.0,43052.2,4.74,1.751,3064.0,2489.0,6.8,2441.4,50.0,1.3,,,120.0,68.0,174.0,152.0,,,2849.0,,22.0,617.0,,,,,,,,,,,0.0,,0.0,,1.0,61238.0,,,,,,,,,,,,,,,,,,,,,,,,,,0.0,1.717,15414.5,,,,55444.0,,,,,2.49,,,,,,,,,,,,""
12738839026,"Oct 24, 2024, 9:53:33 AM",Lunch Trail Run,Run,,2162,5.44,163.0,29,,,,activities/13582343807.fit.gz,,,2162.0,2087.0,5445.5,7.28,2.609,169.0,168.0,216.8,365.4,38.4,0.0,,,124.0,82.0,163.0,141.0,,,315.0,,28.0,29.0,,,,,,,,,,,,,0.0,,1.0,5984.3,,,,,,,,,,,,,,,,,,,,,,,,,,0.0,2.519,4304.4,,,,5618.0,,,,,2.867,,,,,,,,,,,,""
12717608571,"Oct 22, 2024, 2:21:43 PM",Afternoon Trail Run,Run,"",2799,6.81,176.0,36,,,,activities/13559646352.fit.gz,,,2799.0,2631.0,6809.8,4.316,2.588,250.0,249.0,209.8,431.6,48.3,0.0,,,103.0,81.0,176.0,142.0,,,399.0,,23.0,36.0,,,,,,,,,,,0.0,,0.0,,1.0,7918.2,,,,,,,,,,,,,,,,,,,,,,,,,,0.0,2.433,4646.8,,,,6922.0,,,,,3.01,,,,,,,,,,,,""
12714107459,"Oct 21, 2024, 10:00:19 AM",Afternoon Run,Run,,3030,7.15,163.0,28,,,,activities/13555873781.fit.gz,,,3030.0,2772.0,7151.8,5.087,2.58,38.0,43.0,204.4,214.2,14.5,-0.1,,,91.0,84.0,163.0,131.0,,,405.0,,24.0,28.0,,,,,,,,,,,,,0.0,,1.0,7213.5,,,,,,,,,,,,,,,,,,,,,,,,,,0.0,2.36,7151.8,,,,7792.0,,,,,2.602,,,,,,,,,,,,""
12701349305,"Oct 20, 2024, 11:16:02 AM",Afternoon Trail Run,Run,"",4935,11.01,163.0,57,,,,activities/13542136925.fit.gz,,,4935.0,4495.0,11010.5,3.694,2.449,333.0,328.0,29.8,137.0,48.3,0.1,,,113.0,80.0,163.0,140.0,,,664.0,,25.0,57.0,,,,,,,,,,,0.0,,0.0,,1.0,12283.0,,,,,,,,,,,,,,,,,,,,,,,,,,0.0,2.231,9361.2,,,,11826.0,,,,,2.733,,,,,,,,,,,,""
12691212002,"Oct 19, 2024, 8:01:40 AM",Lunch Trail Run,Run,"",8207,17.15,190.0,204,,,,activities/13531204156.fit.gz,,,8207.0,7917.0,17151.5,5.059,2.166,887.0,885.0,278.6,986.4,49.6,0.0,,,117.0,75.0,190.0,152.0,,,1125.0,,20.0,204.0,,,,,,,,,,,0.0,,0.0,,1.0,21732.0,,,,,,,,,,,,,,,,,,,,,,,,,,0.0,2.09,13524.6,,,,19434.0,,,,,2.745,,,,,,,,,,,,""
12680350517,"Oct 17, 2024, 5:25:19 PM",Evening Run,Run,"",3347,10.32,164.0,39,,,,activities/13519550547.fit.gz,,,3347.0,3147.0,10326.2,4.536,3.281,3.0,5.0,111.6,114.8,8.2,0.0,,,92.0,88.0,164.0,138.0,,,533.0,,21.0,39.0,,,,,,,,,,,0.0,,0.0,,1.0,10337.3,,,,,,,,,,,,,,,,,,,,,,,,,,0.0,3.085,0.0,,,,9346.0,,,,,3.285,,,,,,,,,,,,""
12670521157,"Oct 16, 2024, 1:51:06 PM",Afternoon Trail Run,Run,"",7629,14.26,186.0,147,,,,activities/13509071683.fit.gz,,,7629.0,7469.0,14267.4,4.316,1.91,967.0,961.0,490.0,1339.0,49.7,0.1,,,124.0,76.0,186.0,146.0,,,990.0,,20.0,147.0,,,,,,,,,,,0.0,,0.0,,1.0,20486.7,,,,,,,,,,,,,,,,,,,,,,,,,,0.0,1.87,12353.1,,,,19084.0,,,,,2.743,,,,,,,,,,,,""
12662812937,"Oct 15, 2024, 5:33:13 AM",Morning Trail Run,Run,,3877,10.06,165.0,78,,,,activities/13500858264.fit.gz,,,3877.0,3857.0,10063.0,3.912,2.609,268.0,262.0,205.6,447.2,34.4,0.1,,,89.0,83.0,165.0,148.0,,,573.0,,24.0,78.0,,,,,,,,,,,,,0.0,,1.0,10813.0,,,,,,,,,,,,,,,,,,,,,,,,,,0.0,2.596,9216.6,,,,10708.0,,,,,2.803,,,,,,,,,,,,""
12645692574,"Oct 13, 2024, 9:34:38 AM",Lunch Trail Run,Run,"",11714,23.11,185.0,206,,,,activities/13482413845.fit.gz,,,11714.0,11138.0,23112.3,4.816,2.075,1274.0,1271.0,403.6,1385.0,49.8,0.0,,,123.0,76.0,185.0,147.0,,,1464.0,,25.0,206.0,,,,,,,,,,,0.0,,0.0,,1.0,29913.9,,,,,,,,,,,,,,,,,,,,,,,,,,0.0,1.973,3905.9,,,,27486.0,,,,,2.684,,,,,,,,,,,,""
12636450563,"Oct 12, 2024, 9:16:54 AM",Lunch Trail Run,Run,,9798,15.01,169.0,140,,,,activities/13472432796.fit.gz,,,9798.0,9213.0,15014.4,3.97,1.63,1186.0,1176.0,495.6,1068.0,49.9,0.1,,,120.0,70.0,169.0,143.0,,,1190.0,,28.0,140.0,,,,,,,,,,,,,0.0,,1.0,22769.9,,,,,,,,,,,,,,,,,,,,,,,,,,0.0,1.532,14983.8,,,,20266.0,,,,,2.471,,,,,,,,,,,,""
12634742804,"Oct 10, 2024, 10:37:04 AM",Afternoon Run,Run,,4139,11.01,169.0,61,,,,activities/13470581265.fit.gz,,,4139.0,3939.0,11013.5,4.324,2.796,51.0,52.0,200.4,213.4,19.8,0.0,,,124.0,85.0,169.0,144.0,,,620.0,,30.0,61.0,,,,,,,,,,,,,0.0,,1.0,11075.0,,,,,,,,,,,,,,,,,,,,,,,,,,0.0,2.661,11014.0,,,,11130.0,,,,,2.812,,,,,,,,,,,,""
12615783416,"Oct 9, 2024, 2:09:42 PM",Afternoon Trail Run,Run,"",7039,12.44,172.0,124,,,,activities/13450224050.fit.gz,,,7039.0,6755.0,12448.5,4.53,1.843,825.0,820.0,497.2,1171.2,49.0,0.0,,,116.0,76.0,172.0,146.0,,,868.0,,23.0,124.0,,,,,,,,,,,0.0,,0.0,,1.0,17631.4,,,,,,,,,,,,,,,,,,,,,,,,,,0.0,1.769,12173.4,,,,17102.0,,,,,2.61,,,,,,,,,,,,""
12613388069,"Oct 8, 2024, 5:28:44 PM",Evening Run,Run,,4438,9.98,153.0,15,,,,activities/13447675700.fit.gz,,,4438.0,4102.0,9980.4,4.622,2.433,143.0,141.0,196.4,211.6,44.4,0.0,,,94.0,82.0,153.0,118.0,,,529.0,,24.0,15.0,,,,,,,,,,,,,0.0,,1.0,10280.6,,,,,,,,,,,,,,,,,,,,,,,,,,0.0,2.249,9595.6,,,,11236.0,,,,,2.506,,,,,,,,,,,,""
12589981942,"Oct 6, 2024, 7:26:25 AM",Morning Trail Run,Run,"",18701,32.10,174.0,186,,,,activities/13422688732.fit.gz,,,18701.0,17075.0,32100.2,4.686,1.88,1563.0,1540.0,494.4,1218.4,50.0,0.1,,,123.0,73.0,174.0,139.0,,,2019.0,,26.0,186.0,,,,,,,,,,,0.0,,0.0,,1.0,40016.0,,,,,,,,,,,,,,,,,,,,,,,,,,0.0,1.716,28353.6,,,,41172.0,,,,,2.345,,,,,,,,,,,,""
12581957785,"Oct 5, 2024, 2:38:41 PM",Afternoon Trail Run,Run,,4610,10.40,182.0,65,,,,activities/13414930754.fit.gz,,,4610.0,4475.0,10402.3,5.208,2.325,464.0,457.0,208.4,435.2,48.1,0.1,,,100.0,77.0,182.0,141.0,,,621.0,,24.0,65.0,,,,,,,,,,,,,0.0,,1.0,12505.9,,,,,,,,,,,,,,,,,,,,,,,,,,0.0,2.256,6509.1,,,,11416.0,,,,,2.795,,,,,,,,,,,,""
12569891822,"Oct 3, 2024, 9:53:22 AM",Lunch Run,Run,,2720,7.03,149.0,22,,,,activities/13401958065.fit.gz,,,2720.0,2680.0,7030.3,3.702,2.623,48.0,51.0,200.4,215.4,23.8,-0.1,,,89.0,86.0,149.0,136.0,,,402.0,,29.0,22.0,,,,,,,,,,,,,0.0,,1.0,7121.0,,,,,,,,,,,,,,,,,,,,,,,,,,0.0,2.585,7019.0,,,,7664.0,,,,,2.657,,,,,,,,,,,,""
12557678535,"Oct 2, 2024, 1:18:22 PM",Afternoon Trail Run,Run,"",10489,14.16,168.0,87,,,,activities/13388928608.fit.gz,,,10489.0,9073.0,14164.3,3.969,1.561,1241.0,1232.0,496.4,1164.4,49.9,0.1,,,124.0,67.0,168.0,135.0,,,1082.0,,24.0,87.0,,,,,,,,,,,0.0,,0.0,,1.0,23201.5,,,,,,,,,,,,,,,,,,,,,,,,,,0.0,1.35,13120.8,,,,21420.0,,,,,2.562,,,,,,,,,,,,""
12551568583,"Oct 1, 2024, 4:33:58 PM",Evening Run,Run,,3812,11.10,173.0,47,,,,activities/13382394377.fit.gz,,,3812.0,3451.0,11099.3,5.015,3.216,72.0,68.0,197.6,213.0,12.3,0.0,,,104.0,87.0,173.0,139.0,,,585.0,,22.0,47.0,,,,,,,,,,,,,0.0,,1.0,11226.9,,,,,,,,,,,,,,,,,,,,,,,,,,0.0,2.912,11100.8,,,,9974.0,,,,,3.253,,,,,,,,,,,,""
12539276816,"Sep 30, 2024, 9:55:07 AM",Lunch Run,Run,,3019,9.08,155.0,30,,,,activities/13369282630.fit.gz,,,3019.0,2980.0,9080.4,4.702,3.047,45.0,51.0,209.4,224.8,29.9,-0.1,,,90.0,87.0,155.0,137.0,,,485.0,,26.0,30.0,,,,,,,,,,,,,0.0,,1.0,9124.2,,,,,,,,,,,,,,,,,,,,,,,,,,0.0,3.008,9065.1,,,,8562.0,,,,,3.062,,,,,,,,,,,,""
12533163642,"Sep 29, 2024, 10:15:19 AM",Afternoon Trail Run,Run,,12020,20.71,177.0,311,,,,activities/13362695213.fit.gz,,,12020.0,11275.0,20715.5,3.938,1.837,1265.0,1262.0,16.4,1054.8,49.9,0.0,,,124.0,70.0,177.0,155.0,,,1523.0,,29.0,311.0,,,,,,,,,,,,,0.0,,1.0,27987.4,,,,,,,,,,,,,,,,,,,,,,,,,,0.0,1.723,1573.9,,,,26582.0,,,,,2.482,,,,,,,,,,,,""
12533155124,"Sep 28, 2024, 2:24:05 PM",Afternoon Swim,Swim,,909,458,,,,,,activities/13362686340.fit.gz,,,909.0,909.0,458.2,0.954,0.504,0.0,0.0,11.3,13.0,3.8,0.0,,,38.0,26.0,,,,,67.0,,26.0,,,,,,,,,,,,,,0.0,,1.0,,,,,,,,,,,,,,,,,,,,,,,,,,,0.0,0.504,0.0,,,,,,,,,,,,,,,,,,,,,""
12524006614,"Sep 28, 2024, 12:58:40 PM",Afternoon Trail Run,Run,,3616,6.80,175.0,55,,,,activities/13352922609.fit.gz,,,3616.0,2975.0,6807.1,4.018,2.288,272.0,286.0,20.2,129.6,31.0,-0.2,,,120.0,76.0,175.0,147.0,,,487.0,,31.0,55.0,,,,,,,,,,,,,0.0,,1.0,8133.8,,,,,,,,,,,,,,,,,,,,,,,,,,0.0,1.882,3764.6,,,,7646.0,,,,,2.734,,,,,,,,,,,,""
12520794538,"Sep 27, 2024, 2:17:15 PM",Afternoon Run,Run,,1817,5.23,155.0,25,,,,activities/13349501667.fit.gz,,,1817.0,1814.0,5238.6,4.226,2.888,32.0,32.0,211.0,219.8,15.1,0.1,,,89.0,84.0,155.0,141.0,,,286.0,,29.0,25.0,,,,,,,,,,,,,0.0,,1.0,5305.4,,,,,,,,,,,,,,,,,,,,,,,,,,0.0,2.883,4504.4,,,,5102.0,,,,,2.925,,,,,,,,,,,,""
12509616567,"Sep 26, 2024, 2:13:09 PM",Afternoon Trail Run,Run,,6699,15.15,179.0,140,,,,activities/13337576199.fit.gz,,,6699.0,6474.0,15150.1,4.797,2.34,455.5,385.0,202.3,450.2,44.0,0.1,,,116.0,79.0,179.0,150.0,,,914.0,,29.0,140.0,,,,,,,,,,,,,0.0,,1.0,17414.5,,,,,,,,,,,,,,,,,,,,,,,,,,0.0,2.262,11419.2,,,,16830.0,,,,,2.643,,,,,,,,,,,,""
12501965413,"Sep 25, 2024, 2:41:42 PM",Afternoon Trail Run,Run,,6455,10.83,164.0,91,,,,activities/13329428973.fit.gz,,,6455.0,6186.0,10837.0,4.157,1.752,753.0,745.0,496.0,1154.8,49.5,0.1,,,110.0,73.0,164.0,142.0,,,760.0,,24.0,91.0,,,,,,,,,,,,,0.0,,1.0,15763.0,,,,,,,,,,,,,,,,,,,,,,,,,,0.0,1.679,10837.0,,,,15044.0,,,,,2.548,,,,,,,,,,,,""
12489655820,"Sep 24, 2024, 5:54:16 AM",Morning Trail Run,Run,,3486,6.90,164.0,63,,,,activities/13316313110.fit.gz,,,3486.0,3476.0,6905.6,4.362,1.987,457.0,451.0,208.4,366.0,48.3,0.1,,,119.0,72.0,164.0,146.0,,,489.0,,27.0,63.0,,,,,,,,,,,,,0.0,,1.0,9760.7,,,,,,,,,,,,,,,,,,,,,,,,,,0.0,1.981,4606.6,,,,8390.0,,,,,2.808,,,,,,,,,,,,""
12481575200,"Sep 23, 2024, 6:01:26 AM",Morning Run,Run,,2873,8.63,162.0,55,,,,activities/13307704785.fit.gz,,,2873.0,2862.0,8636.7,4.4,3.018,58.0,55.0,204.8,223.0,30.5,0.0,,,90.0,87.0,162.0,147.0,,,474.0,,24.0,55.0,,,,,,,,,,,,,0.0,,1.0,8765.1,,,,,,,,,,,,,,,,,,,,,,,,,,0.0,3.006,7883.5,,,,8248.0,,,,,3.063,,,,,,,,,,,,""
12474709497,"Sep 22, 2024, 8:21:04 AM",Lunch Trail Run,Run,"",9301,14.02,161.0,50,,,,activities/13300344976.fit.gz,,,9301.0,6866.0,14021.6,3.656,2.042,693.0,687.0,1777.4,2455.6,48.9,0.1,,,112.0,74.0,161.0,131.0,,,926.0,,21.0,50.0,,,,,,,,,,,0.0,,0.0,,1.0,17812.6,,,,,,,,,,,,,,,,,,,,,,,,,,0.0,1.508,11018.0,,,,17454.0,,,,,2.595,,,,,,,,,,,,""
12468771739,"Sep 21, 2024, 11:29:15 AM",Afternoon Trail Run,Run,,13381,14.99,155.0,35,,,,activities/13293978852.fit.gz,,,13381.0,8165.0,14996.8,8.392,1.837,817.0,807.0,481.8,1169.2,49.5,0.1,,,124.0,71.0,155.0,115.0,,,1000.0,,21.0,35.0,,,,,,,,,,,,,0.0,,1.0,19795.3,,,,,,,,,,,,,,,,,,,,,,,,,,0.0,1.121,12708.5,,,,16858.0,,,,,2.424,,,,,,,,,,,,""
12463437912,"Sep 20, 2024, 2:49:30 PM",Afternoon Run,Run,,3570,8.46,150.0,16,,,,activities/13288273591.fit.gz,,,3570.0,3189.0,8461.7,5.632,2.653,58.0,59.0,205.8,216.4,18.7,0.0,,,123.0,83.0,150.0,127.0,,,450.0,,26.0,16.0,,,,,,,,,,,,,0.0,,1.0,8565.4,,,,,,,,,,,,,,,,,,,,,,,,,,0.0,2.37,7956.9,,,,8818.0,,,,,2.686,,,,,,,,,,,,""
12455966269,"Sep 19, 2024, 10:24:51 AM",Afternoon Trail Run,Run,,4765,8.36,164.0,59,,,,activities/13280253836.fit.gz,,,4765.0,4420.0,8361.3,4.283,1.892,509.0,510.0,208.4,367.4,50.0,0.0,,,123.0,70.0,164.0,142.0,,,640.0,,28.0,59.0,,,,,,,,,,,,,0.0,,1.0,11733.9,,,,,,,,,,,,,,,,,,,,,,,,,,0.0,1.755,4619.1,,,,9880.0,,,,,2.652,,,,,,,,,,,,""
12444022669,"Sep 18, 2024, 2:58:55 PM",Afternoon Trail Run,Run,"",6658,16.58,172.0,114,,,,activities/13267531429.fit.gz,,,6658.0,6600.0,16579.6,4.566,2.512,610.2,582.0,177.7,450.3,49.4,0.0,,,113.0,80.0,172.0,145.0,,,964.0,,25.0,114.0,,,,,,,,,,,0.0,,0.0,,1.0,19282.5,,,,,,,,,,,,,,,,,,,,,,,,,,0.0,2.49,10779.9,,,,17454.0,,,,,2.89,,,,,,,,,,,,""
12423227048,"Sep 16, 2024, 10:30:42 AM",Afternoon Run,Run,,1784,5.21,159.0,18,,,,activities/13245364813.fit.gz,,,1784.0,1784.0,5212.0,4.213,2.922,20.0,26.0,206.6,215.8,4.2,-0.1,,,91.0,86.0,159.0,138.0,,,275.0,,30.0,18.0,,,,,,,,,,,,,0.0,,1.0,5213.3,,,,,,,,,,,,,,,,,,,,,,,,,,0.0,2.922,5213.4,,,,5090.0,,,,,2.922,,,,,,,,,,,,""
12413753333,"Sep 15, 2024, 6:45:01 AM",Morning Trail Run,Run,,8092,18.52,184.0,248,,,,activities/13235234711.fit.gz,,,8092.0,7845.0,18520.1,5.025,2.361,357.0,353.0,207.0,368.4,25.4,0.0,,,90.0,84.0,184.0,160.0,,,1142.0,,28.0,248.0,,,,,,,,,,,,,0.0,,1.0,19303.7,,,,,,,,,,,,,,,,,,,,,,,,,,0.0,2.289,14651.6,,,,20692.0,,,,,2.461,,,,,,,,,,,,""
12413740759,"Sep 14, 2024, 2:59:46 PM",Afternoon Trail Run,Run,,5404,10.45,157.0,30,,,,activities/13235221331.fit.gz,,,5404.0,4939.0,10455.3,3.155,2.117,333.0,335.0,210.8,445.2,46.9,0.0,,,89.0,77.0,157.0,130.0,,,604.0,,28.0,30.0,,,,,,,,,,,,,0.0,,1.0,11788.1,,,,,,,,,,,,,,,,,,,,,,,,,,0.0,1.935,8602.9,,,,12568.0,,,,,2.387,,,,,,,,,,,,""
12397235238,"Sep 12, 2024, 10:02:19 AM",Afternoon Run,Run,,2571,6.93,156.0,40,,,,activities/13217417184.fit.gz,,,2571.0,2393.0,6930.5,4.392,2.896,48.0,46.0,206.2,219.8,16.1,0.0,,,123.0,85.0,156.0,144.0,,,388.0,,31.0,40.0,,,,,,,,,,,,,0.0,,1.0,7019.1,,,,,,,,,,,,,,,,,,,,,,,,,,0.0,2.696,6149.8,,,,6822.0,,,,,2.933,,,,,,,,,,,,""
12384686099,"Sep 11, 2024, 2:30:40 PM",Afternoon Trail Run,Run,,5755,7.07,148.0,28,,,,activities/13204004954.fit.gz,,,5755.0,5094.0,7075.0,3.527,1.389,604.0,593.0,496.4,1068.6,50.0,0.2,,,124.0,70.0,148.0,126.0,,,578.0,,26.0,28.0,,,,,,,,,,,,,0.0,,1.0,11110.8,,,,,,,,,,,,,,,,,,,,,,,,,,0.0,1.229,5944.9,,,,10820.0,,,,,2.181,,,,,,,,,,,,""
12374092822,"Sep 10, 2024, 10:02:12 AM",Afternoon Trail Run,Run,,4911,9.25,176.0,54,,,,activities/13192737901.fit.gz,,,4911.0,4560.0,9252.4,3.788,2.029,520.0,516.0,210.8,447.4,49.6,0.0,,,121.0,72.0,176.0,140.0,,,675.0,,28.0,54.0,,,,,,,,,,,,,0.0,,1.0,12249.0,,,,,,,,,,,,,,,,,,,,,,,,,,0.0,1.884,5000.7,,,,10802.0,,,,,2.686,,,,,,,,,,,,""
12368969870,"Sep 9, 2024, 4:48:15 PM",Evening Run,Run,,2436,7.00,154.0,29,,,,activities/13187341657.fit.gz,,,2436.0,2433.0,7006.7,4.34,2.88,81.0,78.0,201.0,216.2,18.6,0.0,,,89.0,84.0,154.0,141.0,,,387.0,,28.0,29.0,,,,,,,,,,,,,0.0,,1.0,7156.9,,,,,,,,,,,,,,,,,,,,,,,,,,0.0,2.876,6348.1,,,,6818.0,,,,,2.942,,,,,,,,,,,,""
12368968545,"Sep 9, 2024, 10:12:16 AM",Afternoon Weight Training,Weight Training,,4441,0,140.0,13,,,,activities/13187340301.fit.gz,,,4441.0,4441.0,0.0,0.0,0.0,0.0,0.0,0.0,0.0,0.0,0.0,,,,,140.0,108.0,,,318.0,,29.0,13.0,,,,,,,,,,,,,0.0,,1.0,,,,,,,,,,,,,,,,,,,,,,,,,,,0.0,0.0,0.0,,,,,,,,,,,28.0,,,,,,,,,,""
12357419687,"Sep 8, 2024, 11:03:17 AM",Afternoon Run,Run,,180,0.36,147.0,1,,,,activities/13174914457.fit.gz,,,180.0,176.0,359.3,3.53,2.041,7.0,5.0,209.4,218.0,22.7,-0.2,,,88.0,72.0,147.0,137.0,,,22.0,,30.0,1.0,,,,,,,,,,,,,0.0,,1.0,382.9,,,,,,,,,,,,,,,,,,,,,,,,,,0.0,1.996,60.4,,,,430.0,,,,,2.176,,,,,,,,,,,,""
12357418244,"Sep 8, 2024, 9:24:35 AM",Lunch Run,Run,,5300,15.07,170.0,137,,,,activities/13174912951.fit.gz,,,5300.0,5283.0,15073.0,4.348,2.853,95.0,92.0,208.2,215.6,16.6,0.0,,,91.0,86.0,170.0,153.0,,,839.0,,29.0,137.0,,,,,,,,,,,,,0.0,,1.0,15197.8,,,,,,,,,,,,,,,,,,,,,,,,,,0.0,2.844,14703.2,,,,15006.0,,,,,2.877,,,,,,,,,,,,""
12348356244,"Sep 7, 2024, 8:44:56 AM",Lunch Trail Run,Run,,5002,6.70,147.0,21,,,,activities/13165173831.fit.gz,,,5002.0,4323.0,6708.0,3.637,1.552,390.0,389.0,216.4,452.8,48.6,0.0,,,124.0,67.0,147.0,126.0,,,490.0,,33.0,21.0,,,,,,,,,,,,,0.0,,1.0,8845.9,,,,,,,,,,,,,,,,,,,,,,,,,,0.0,1.341,1880.6,,,,9572.0,,,,,2.046,,,,,,,,,,,,""
12342799035,"Sep 6, 2024, 4:55:29 PM",Evening Run,Run,,2871,7.46,161.0,23,,,,activities/13159186517.fit.gz,,,2871.0,2803.0,7464.0,4.231,2.663,192.4,190.0,150.1,217.5,18.3,-0.1,,,88.0,83.0,161.0,135.0,,,421.0,,29.0,23.0,,,,,,,,,,,,,0.0,,1.0,7988.1,,,,,,,,,,,,,,,,,,,,,,,,,,0.0,2.6,1744.2,,,,7810.0,,,,,2.826,,,,,,,,,,,,""
12330558974,"Sep 5, 2024, 5:52:09 AM",Morning Weight Training,Weight Training,,2833,0,143.0,10,,,,activities/13145890629.fit.gz,,,2833.0,2833.0,0.0,0.0,0.0,0.0,0.0,0.0,0.0,0.0,0.0,,,,,143.0,115.0,,,254.0,,30.0,10.0,,,,,,,,,,,,,0.0,,1.0,,,,,,,,,,,,,,,,,,,,,,,,,,,0.0,0.0,0.0,,,,,,,,,,,40.0,,,,,,,,,,""
12330558523,"Sep 5, 2024, 5:42:57 AM",Morning Run,Run,,484,0.72,100.0,1,,,,activities/13145889975.fit.gz,,,484.0,484.0,721.6,2.065,1.491,0.0,0.0,0.0,0.0,0.0,0.0,,,63.0,62.0,100.0,93.0,,,29.0,,29.0,1.0,,,,,,,,,,,,,0.0,,1.0,721.6,,,,,,,,,,,,,,,,,,,,,,,,,,0.0,1.491,0.0,,,,980.0,,,,,,,,,,,,,,,,,""
12330558335,"Sep 4, 2024, 3:45:52 PM",Evening Trail Run,Run,,5872,10.36,153.0,37,,,,activities/13145889625.fit.gz,,,5872.0,5275.0,10362.6,3.528,1.964,475.0,466.0,195.3,450.3,47.9,0.0,,,113.0,73.0,153.0,133.0,,,644.0,,28.0,37.0,,,,,,,,,,,,,0.0,,1.0,12856.8,,,,,,,,,,,,,,,,,,,,,,,,,,0.0,1.765,5995.2,,,,12766.0,,,,,2.405,,,,,,,,,,,,""
12330556626,"Sep 4, 2024, 6:18:52 AM",Morning Weight Training,Weight Training,,1592,0,150.0,5,,,,activities/13145887089.fit.gz,,,1592.0,1592.0,0.0,0.0,0.0,0.0,0.0,0.0,0.0,0.0,0.0,,,,,150.0,112.0,,,142.0,,31.0,5.0,,,,,,,,,,,,,0.0,,1.0,,,,,,,,,,,,,,,,,,,,,,,,,,,0.0,0.0,0.0,,,,,,,,,,,12.0,,,,,,,,,,""
12312337951,"Sep 3, 2024, 5:35:16 AM",Morning Trail Run,Run,,4099,10.11,184.0,119,,,,activities/13125580446.fit.gz,,,4099.0,4097.0,10109.7,4.248,2.468,223.0,227.0,204.2,245.2,41.4,0.0,,,123.0,83.0,184.0,157.0,,,641.0,,28.0,119.0,,,,,,,,,,,,,0.0,,1.0,11252.5,,,,,,,,,,,,,,,,,,,,,,,,,,0.0,2.466,7833.6,,,,10762.0,,,,,2.747,,,,,,,,,,,,""
12304491683,"Sep 2, 2024, 6:06:02 AM",Morning Trail Run,Run,,2364,7.16,167.0,51,,,,activities/13116887558.fit.gz,,,2364.0,2364.0,7160.7,4.598,3.029,40.0,44.0,204.8,215.6,12.3,-0.1,,,90.0,86.0,167.0,150.0,,,386.0,,28.0,51.0,,,,,,,,,,,,,0.0,,1.0,7219.1,,,,,,,,,,,,,,,,,,,,,,,,,,0.0,3.029,6311.3,,,,6804.0,,,,,3.054,,,,,,,,,,,,""
12299108467,"Sep 1, 2024, 12:56:18 PM",Afternoon Stand Up Paddling,Stand Up Paddling,,1116,1.00,95.0,1,,,,activities/13110924146.fit.gz,,,1116.0,875.0,1001.4,3.55,1.144,0.0,0.0,-1.4,1.2,15.1,-0.1,,,45.0,30.0,95.0,81.0,,,42.0,,32.0,1.0,,,,,,,,,,,,,0.0,,1.0,,,,,,,,,,,,,,,,,,,,,,,,,,,0.0,0.897,0.0,,,,,,,,,,,,,,,,,,,,,""
12299108579,"Sep 1, 2024, 11:17:20 AM",Afternoon Hike,Hike,,3169,2.68,134.0,5,,,,activities/13110923989.fit.gz,,,3169.0,2523.0,2682.5,2.655,1.063,87.0,87.0,3.2,49.6,49.5,0.0,,,124.0,57.0,134.0,94.0,,,173.0,,34.0,5.0,,,,,,,,,,,,,0.0,,1.0,,,,,,,,,,,,,,,,,,,,,,,,,,,0.0,0.846,2682.5,,,,3904.0,,,,,,,3904.0,,,,,,,,,,""
12299106318,"Sep 1, 2024, 10:27:18 AM",Afternoon Stand Up Paddling,Stand Up Paddling,,1483,0.95,130.0,4,,,,activities/13110921628.fit.gz,,,1483.0,1367.0,955.4,1.498,0.699,0.0,0.0,10.5,11.1,3.1,0.1,,,39.0,30.0,130.0,112.0,,,130.0,,32.0,4.0,,,,,,,,,,,,,0.0,,1.0,,,,,,,,,,,,,,,,,,,,,,,,,,,0.0,0.644,0.0,,,,,,,,,,,,,,,,,,,,,""
12287892290,"Aug 31, 2024, 9:02:41 AM",Lunch Trail Run,Run,,4200,8.00,173.0,97,,,,activities/13099012260.fit.gz,,,4200.0,4143.0,8007.1,4.248,1.933,503.0,499.0,211.4,436.4,48.2,0.0,,,113.0,72.0,173.0,152.0,,,601.0,,30.0,97.0,,,,,,,,,,,,,0.0,,1.0,10750.2,,,,,,,,,,,,,,,,,,,,,,,,,,0.0,1.906,1671.8,,,,9940.0,,,,,2.595,,,,,,,,,,,,""
12275427337,"Aug 29, 2024, 4:33:41 PM",Evening Trail Run,Run,"",3118,5.00,164.0,47,,,,activities/13085996205.fit.gz,,,3118.0,3056.0,5007.3,3.78,1.639,467.0,461.0,210.6,361.0,49.0,0.1,,,124.0,66.0,164.0,145.0,,,419.0,,29.0,47.0,,,,,,,,,,,0.0,,0.0,,1.0,8394.4,,,,,,,,,,,,,,,,,,,,,,,,,,0.0,1.606,1201.7,,,,6732.0,,,,,2.747,,,,,,,,,,,,""
12267293003,"Aug 28, 2024, 4:44:55 PM",Evening Run,Run,,3422,8.49,155.0,38,,,,activities/13076831808.fit.gz,,,3422.0,2972.0,8498.7,4.829,2.86,69.0,70.0,197.4,215.6,17.4,0.0,,,94.0,86.0,155.0,141.0,,,478.0,,28.0,38.0,,,,,,,,,,,,,0.0,,1.0,8613.1,,,,,,,,,,,,,,,,,,,,,,,,,,0.0,2.484,7824.4,,,,8610.0,,,,,2.898,,,,,,,,,,,,""
12258676150,"Aug 27, 2024, 4:17:17 PM",Evening Trail Run,Run,,4816,11.13,160.0,68,,,,activities/13067858592.fit.gz,,,4816.0,4753.0,11133.5,3.955,2.342,353.0,352.0,198.6,450.0,42.8,0.0,,,113.0,79.0,160.0,143.0,,,679.0,,28.0,68.0,,,,,,,,,,,,,0.0,,1.0,12702.5,,,,,,,,,,,,,,,,,,,,,,,,,,0.0,2.312,8028.7,,,,12156.0,,,,,2.673,,,,,,,,,,,,""
12249231773,"Aug 26, 2024, 4:09:44 PM",Evening Trail Run,Run,,3617,9.08,152.0,30,,,,activities/13058055036.fit.gz,,,3617.0,3592.0,9084.2,3.842,2.529,54.0,52.0,202.0,215.0,17.4,0.0,,,89.0,84.0,152.0,138.0,,,505.0,,30.0,30.0,,,,,,,,,,,,,0.0,,1.0,9165.8,,,,,,,,,,,,,,,,,,,,,,,,,,0.0,2.512,8562.8,,,,10090.0,,,,,2.552,,,,,,,,,,,,""
12249229366,"Aug 25, 2024, 3:50:22 PM",Evening Trail Run,Run,"",5486,12.07,157.0,66,,,,activities/13058052637.fit.gz,,,5486.0,4807.0,12077.3,3.982,2.512,306.0,294.0,201.6,444.4,49.8,0.1,,,90.0,82.0,157.0,141.0,,,711.0,,29.0,66.0,,,,,,,,,,,0.0,,0.0,,1.0,12973.6,,,,,,,,,,,,,,,,,,,,,,,,,,0.0,2.201,8940.4,,,,13020.0,,,,,2.699,,,,,,,,,,,,""
12233215376,"Aug 24, 2024, 4:54:16 PM",Evening Run,Run,,3899,6.82,160.0,20,,,,activities/13041338212.fit.gz,,,3899.0,3287.0,6828.2,3.497,2.077,81.0,76.0,4.4,26.4,35.6,0.1,,,123.0,76.0,160.0,125.0,,,419.0,,32.0,20.0,,,,,,,,,,,,,0.0,,1.0,7131.7,,,,,,,,,,,,,,,,,,,,,,,,,,0.0,1.751,945.2,,,,8198.0,,,,,2.17,,,,,,,,,,,,""
12233213986,"Aug 23, 2024, 4:47:21 PM",Evening Trail Run,Run,,2565,4.99,152.0,14,,,,activities/13041336748.fit.gz,,,2565.0,2388.0,4989.2,3.784,2.089,211.0,215.0,217.0,430.6,46.3,-0.1,,,124.0,74.0,152.0,131.0,,,308.0,,30.0,14.0,,,,,,,,,,,,,0.0,,1.0,5926.5,,,,,,,,,,,,,,,,,,,,,,,,,,0.0,1.945,3865.3,,,,5758.0,,,,,2.482,,,,,,,,,,,,""
12207098990,"Aug 21, 2024, 4:42:35 PM",Evening Trail Run,Run,,3857,9.13,167.0,65,,,,activities/13014195532.fit.gz,,,3857.0,3676.0,9134.3,4.062,2.485,381.0,382.0,193.4,435.8,44.1,0.0,,,105.0,81.0,167.0,146.0,,,550.0,,28.0,65.0,,,,,,,,,,,,,0.0,,1.0,10509.5,,,,,,,,,,,,,,,,,,,,,,,,,,0.0,2.368,0.0,,,,9854.0,,,,,2.859,,,,,,,,,,,,""
12197656268,"Aug 20, 2024, 3:49:34 PM","4 χ 100
5’ 3’ 1’",Run,"",3995,8.31,174.0,53,,,,activities/13004146824.fit.gz,,,3995.0,3497.0,8316.3,5.628,2.378,331.0,325.0,194.4,357.2,25.4,0.1,,,120.0,79.0,174.0,143.0,,,524.0,,29.0,53.0,,,,,,,,,,,0.0,,0.0,,1.0,9511.7,,,,,,,,,,,,,,,,,,,,,,,,,,0.0,2.082,0.0,,,,9272.0,,,,,2.72,,,,,,,,,,,,""
12190524144,"Aug 19, 2024, 3:54:01 PM",Evening Trail Run,Walk,"",2453,1.61,121.0,3,,,,activities/12996266840.fit.gz,,,2453.0,1676.0,1618.2,2.05,0.966,37.8,64.0,373.6,415.5,9.9,-0.1,,,120.0,54.0,121.0,91.0,,,129.0,,29.0,3.0,,,,,,,,,,,0.0,,0.0,,1.0,1693.8,,,,,,,,,,,,,,,,,,,,,,,,,,0.0,0.66,0.0,,,,2410.0,,,,,1.716,,,,,,,,,,,,""
12190522702,"Aug 19, 2024, 2:56:03 PM",Afternoon Trail Run,Run,,2214,6.02,163.0,43,,,,activities/12996265353.fit.gz,,,2214.0,2211.0,6023.0,4.218,2.724,184.0,184.0,191.2,239.4,18.2,0.0,,,91.0,84.0,163.0,147.0,,,349.0,,29.0,43.0,,,,,,,,,,,,,0.0,,1.0,6509.6,,,,,,,,,,,,,,,,,,,,,,,,,,0.0,2.72,0.0,,,,6212.0,,,,,2.944,,,,,,,,,,,,""
12190521878,"Aug 19, 2024, 8:15:22 AM",Lunch Weight Training,Weight Training,,4220,0,154.0,13,,,,activities/12996264540.fit.gz,,,4220.0,4220.0,0.0,0.0,0.0,0.0,0.0,0.0,0.0,0.0,0.0,,,,,154.0,107.0,,,314.0,,29.0,13.0,,,,,,,,,,,,,0.0,,1.0,,,,,,,,,,,,,,,,,,,,,,,,,,,0.0,0.0,0.0,,,,,,,,,,,36.0,,,,,,,,,,""
12190521980,"Aug 19, 2024, 7:59:41 AM",Morning Trail Run,Run,,435,1.02,129.0,1,,,,activities/12996264586.fit.gz,,,435.0,429.0,1028.7,3.7,2.398,38.0,33.0,196.4,235.6,16.6,0.2,,,84.0,82.0,129.0,117.0,,,61.0,,28.0,1.0,,,,,,,,,,,,,0.0,,1.0,1140.1,,,,,,,,,,,,,,,,,,,,,,,,,,0.0,2.365,0.0,,,,1176.0,,,,,2.658,,,,,,,,,,,,""
12181673718,"Aug 18, 2024, 4:14:24 PM",Evening Trail Run,Run,,5150,12.01,164.0,76,,,,activities/12986398209.fit.gz,,,5150.0,4916.0,12011.6,3.972,2.443,324.0,325.0,186.2,349.0,30.2,0.0,,,88.0,79.0,164.0,144.0,,,735.0,,29.0,76.0,,,,,,,,,,,,,0.0,,1.0,13019.2,,,,,,,,,,,,,,,,,,,,,,,,,,0.0,2.332,0.0,,,,13080.0,,,,,2.648,,,,,,,,,,,,""
12173819839,"Aug 17, 2024, 4:49:39 PM",Evening Trail Run,Run,,2757,7.09,162.0,35,,,,activities/12977642071.fit.gz,,,2757.0,2610.0,7093.5,3.683,2.718,155.0,158.0,135.4,236.6,17.4,-0.1,,,112.0,84.0,162.0,142.0,,,403.0,,30.0,35.0,,,,,,,,,,,,,0.0,,1.0,7397.1,,,,,,,,,,,,,,,,,,,,,,,,,,0.0,2.573,0.0,,,,7310.0,,,,,2.834,,,,,,,,,,,,""
12173817321,"Aug 17, 2024, 12:35:40 PM",Afternoon Stand Up Paddling,Stand Up Paddling,,4068,1.82,115.0,4,,,,activities/12977639177.fit.gz,,,4068.0,1938.0,1823.2,1.78,0.941,39.7,35.4,7.7,25.3,49.4,0.5,,,51.0,32.0,115.0,92.0,,,189.0,,32.0,4.0,,,,,,,,,,,,,0.0,,1.0,,,,,,,,,,,,,,,,,,,,,,,,,,,0.0,0.448,0.0,,,,,,,,,,,,,,,,,,,,,""
12164378741,"Aug 16, 2024, 4:02:35 PM",Evening Trail Run,Run,,4978,10.01,179.0,97,,,,activities/12967016479.fit.gz,,,4978.0,4171.0,10010.5,5.01,2.4,420.0,418.0,190.0,424.6,30.1,0.0,,,122.0,79.0,179.0,151.0,,,656.0,,31.0,97.0,,,,,,,,,,,,,0.0,,1.0,11579.1,,,,,,,,,,,,,,,,,,,,,,,,,,0.0,2.011,0.0,,,,11222.0,,,,,2.776,,,,,,,,,,,,""
12164376302,"Aug 16, 2024, 8:09:30 AM",Arms -abs,Weight Training,"",1548,0,140.0,5,,,,activities/12967013974.fit.gz,,,1548.0,1548.0,0.0,0.0,0.0,0.0,0.0,0.0,0.0,0.0,0.0,,,,,140.0,115.0,,,144.0,,31.0,5.0,,,,,,,,,,,0.0,,0.0,,1.0,,,,,,,,,,,,,,,,,,,,,,,,,,,0.0,0.0,0.0,,,,,,,,,,,18.0,,,,,,,,,,""
12151873857,"Aug 15, 2024, 8:11:44 AM",Lunch Trail Run,Run,,2309,5.00,186.0,81,,,,activities/12951898844.fit.gz,,,2309.0,2242.0,5002.7,3.668,2.231,183.0,181.0,199.2,333.8,20.7,0.1,,,88.0,76.0,186.0,162.0,,,365.0,,36.0,81.0,,,,,,,,,,,,,0.0,,1.0,5629.9,,,,,,,,,,,,,,,,,,,,,,,,,,0.0,2.167,0.0,,,,5748.0,,,,,2.511,,,,,,,,,,,,""
12151871557,"Aug 14, 2024, 4:05:25 PM",Evening Hike,Run,"",3161,3.01,110.0,3,,,,activities/12951896553.fit.gz,,,3161.0,1825.0,3009.0,4.56,1.649,23.0,19.0,54.8,69.0,9.9,0.1,,,80.0,54.0,110.0,88.0,,,146.0,,32.0,3.0,,,,,,,,,,,0.0,,0.0,,1.0,3075.3,,,,,,,,,,,,,,,,,,,,,,,,,,0.0,0.952,2730.0,,,,3684.0,,,,,,,3684.0,,,,,,,,,,""
12151869947,"Aug 14, 2024, 8:31:17 AM",Lunch Weight Training,Weight Training,,2520,0,154.0,13,,,,activities/12951894877.fit.gz,,,2520.0,2520.0,0.0,0.0,0.0,0.0,0.0,0.0,0.0,0.0,0.0,,,,,154.0,123.0,,,257.0,,30.0,13.0,,,,,,,,,,,,,0.0,,1.0,,,,,,,,,,,,,,,,,,,,,,,,,,,0.0,0.0,0.0,,,,,,,,,,,30.0,,,,,,,,,,""
12140627017,"Aug 13, 2024, 4:43:32 PM",Evening Trail Run,Run,,4277,8.19,175.0,99,,,,activities/12940091026.fit.gz,,,4277.0,3946.0,8191.6,4.204,2.076,447.0,440.0,197.8,591.2,49.9,0.1,,,122.0,77.0,175.0,153.0,,,589.0,,31.0,99.0,,,,,,,,,,,,,0.0,,1.0,10385.5,,,,,,,,,,,,,,,,,,,,,,,,,,0.0,1.915,0.0,,,,9988.0,,,,,2.631,,,,,,,,,,,,""
12140626991,"Aug 13, 2024, 8:10:02 AM",Lunch Stand Up Paddling,Stand Up Paddling,,3567,3.79,132.0,10,,,,activities/12940091002.fit.gz,,,3567.0,3325.0,3792.0,1.696,1.14,0.0,0.0,2.2,3.2,4.7,0.0,,,64.0,32.0,132.0,112.0,,,280.0,,34.0,10.0,,,,,,,,,,,,,0.0,,1.0,,,,,,,,,,,,,,,,,,,,,,,,,,,0.0,1.063,3792.0,,,,,,,,,,,,,,,,,,,,,""
12130093357,"Aug 12, 2024, 5:14:11 PM",Evening Run,Run,,2773,7.01,170.0,47,,,,activities/12929068057.fit.gz,,,2773.0,2561.0,7014.4,5.433,2.739,140.0,142.0,133.4,197.2,8.9,0.0,,,93.0,84.0,170.0,147.0,,,414.0,,31.0,47.0,,,,,,,,,,,,,0.0,,1.0,7294.0,,,,,,,,,,,,,,,,,,,,,,,,,,0.0,2.53,0.0,,,,7302.0,,,,,2.848,,,,,,,,,,,,""
12130091511,"Aug 12, 2024, 8:25:13 AM",Lunch Stand Up Paddling,Stand Up Paddling,,3112,1.59,120.0,3,,,,activities/12929066265.fit.gz,,,3112.0,1587.0,1592.0,4.924,1.003,18.3,11.8,5.8,16.6,32.7,0.6,,,87.0,32.0,120.0,98.0,,,177.0,,32.0,3.0,,,,,,,,,,,,,0.0,,1.0,,,,,,,,,,,,,,,,,,,,,,,,,,,0.0,0.512,1592.0,,,,,,,,,,,,,,,,,,,,,""
12123268546,"Aug 11, 2024, 4:47:08 PM",Evening Trail Run,Run,,2791,6.00,169.0,68,,,,activities/12921888697.fit.gz,,,2791.0,2678.0,6005.9,3.82,2.243,272.0,268.0,197.4,424.4,24.5,0.1,,,117.0,79.0,169.0,153.0,,,411.0,,31.0,68.0,,,,,,,,,,,,,0.0,,1.0,7042.9,,,,,,,,,,,,,,,,,,,,,,,,,,0.0,2.152,0.0,,,,7094.0,,,,,2.63,,,,,,,,,,,,""
12119470773,"Aug 11, 2024, 8:05:53 AM",2. Χωριό,Weight Training,"",5391,0,153.0,20,,,,activities/12917893450.fit.gz,,,5391.0,5391.0,0.0,0.0,0.0,0.0,0.0,0.0,0.0,0.0,0.0,,,,,153.0,116.0,,,420.0,,30.0,20.0,,,,,,,,,,,0.0,,0.0,,1.0,,,,,,,,,,,,,,,,,,,,,,,,,,,0.0,0.0,0.0,,,,,,,,,,,100.0,,,,,,,,,,""
12114897528,"Aug 10, 2024, 4:57:09 PM",Evening Trail Run,Run,,1880,3.55,163.0,18,,,,activities/12913081941.fit.gz,,,1880.0,1633.0,3555.3,4.28,2.177,152.0,146.0,198.2,328.0,29.6,0.2,,,87.0,75.0,163.0,139.0,,,245.0,,31.0,18.0,,,,,,,,,,,,,0.0,,1.0,4165.4,,,,,,,,,,,,,,,,,,,,,,,,,,0.0,1.891,0.0,,,,3904.0,,,,,2.551,,,,,,,,,,,,""
12114896891,"Aug 10, 2024, 9:03:25 AM",1 η ΧΩΡΙΟ,Weight Training,"",2679,0,161.0,17,,,,activities/12913081295.fit.gz,,,2679.0,2679.0,0.0,0.0,0.0,0.0,0.0,0.0,0.0,0.0,0.0,,,,,161.0,127.0,,,280.0,,30.0,17.0,,,,,,,,,,,0.0,,0.0,,1.0,,,,,,,,,,,,,,,,,,,,,,,,,,,0.0,0.0,0.0,,,,,,,,,,,26.0,,,,,,,,,,""
12114896388,"Aug 8, 2024, 4:10:01 PM",Evening Swim,Swim,,2489,"1,192",77.0,3,,,,activities/12913080733.fit.gz,,,2489.0,2489.0,1192.1,1.5,0.479,0.0,0.0,-1.2,0.4,16.1,0.0,,,46.0,28.0,77.0,77.0,,,175.0,,26.0,3.0,,,,,,,,,,,,,0.0,,1.0,,,,,,,,,,,,,,,,,,,,,,,,,,,0.0,0.479,0.0,,,,,,,,,,,,,,,,,,,,,""
12071956339,"Aug 5, 2024, 5:33:00 PM",Evening Trail Run,Run,,3757,4.80,,,,,,activities/12071956339.fit,,,3757.0,3282.0,4801.0,3.5,1.463,5.0,9.0,169.2,182.0,15.0,-0.1,,,,,,,,,,,27.0,,,,,,,,,,,,,,0.0,,1.0,4864.2,,,,,,,,,,,,,,,,,,,,,,,,,,0.0,1.278,0.0,,,,,,,,,1.482,,,,,,,,,,,,""
12071954903,"Aug 5, 2024, 1:45:42 PM",Afternoon Trail Run,Run,,11587,13.30,,,,,,activities/12071954903.fit,,,11587.0,8698.0,13299.0,4.8,1.529,48.0,59.0,168.2,203.4,48.0,-0.1,,,,,,,,,,,27.0,,,,,,,,,,,,,,0.0,,1.0,13589.5,,,,,,,,,,,,,,,,,,,,,,,,,,0.0,1.148,783.0,,,,,,,,,1.562,,,,,,,,,,,,""
12062308618,"Aug 4, 2024, 1:58:35 PM",Afternoon Trail Run,Run,,4439,3.94,146.0,8,,,,activities/12857975654.fit.gz,,,4439.0,2605.0,3942.3,4.662,1.513,163.0,163.0,1317.4,1476.6,44.3,0.0,,,124.0,60.0,146.0,108.0,,,305.0,,24.0,8.0,,,,,,,,,,,,,0.0,,1.0,4769.5,,,,,,,,,,,,,,,,,,,,,,,,,,0.0,0.888,3560.9,,,,5236.0,,,,,1.831,,,,,,,,,,,,""
12062306869,"Aug 4, 2024, 9:27:26 AM",Lunch Trail Run,Hike,"",11577,14.90,157.0,41,,,,activities/12857973591.fit.gz,,,11577.0,9381.0,14899.0,5.8,1.588,622.0,614.0,1057.8,1592.6,43.9,0.0,,,124.0,66.0,157.0,118.0,,,954.0,,22.0,41.0,,,,,,,,,,,0.0,,0.0,,1.0,17970.7,,,,,,,,,,,,,,,,,,,,,,,,,,0.0,1.287,13141.0,,,,16720.0,,,,,2.381,,,,,,,,,,,,""
12053741065,"Aug 3, 2024, 10:01:58 AM",Lunch Trail Run,Run,"",9817,7.50,138.0,9,,,,activities/12849010430.fit.gz,,,9817.0,9676.0,7500.9,12.798,0.775,864.0,854.0,960.2,1755.8,49.6,0.2,,,95.0,59.0,138.0,96.0,,,499.0,,19.0,9.0,,,,,,,,,,,0.0,,0.0,,1.0,11608.2,,,,,,,,,,,,,,,,,,,,,,,,,,0.0,0.764,4325.8,,,,8808.0,,,,,1.2,,,,,,,,,,,,""
12053737454,"Aug 3, 2024, 8:04:24 AM",Morning Trail Run,Run,"",3527,2.59,135.0,4,,,,activities/12849006688.fit.gz,,,3527.0,1733.0,2597.7,3.655,1.499,149.0,140.0,484.8,608.8,49.2,0.3,,,124.0,58.0,135.0,102.0,,,217.0,,21.0,4.0,,,,,,,,,,,0.0,,0.0,,1.0,3514.1,,,,,,,,,,,,,,,,,,,,,,,,,,0.0,0.737,1709.1,,,,3878.0,,,,,2.028,,,,,,,,,,,,""
12046242389,"Aug 2, 2024, 5:30:13 PM",Evening Trail Run,Run,,2006,1.93,103.0,1,,,,activities/12841187751.fit.gz,,,2006.0,1149.0,1936.0,6.04,1.685,28.0,31.0,417.6,428.8,42.6,0.0,,,74.0,61.0,103.0,81.0,,,111.0,,23.0,1.0,,,,,,,,,,,,,0.0,,1.0,2072.4,,,,,,,,,,,,,,,,,,,,,,,,,,0.0,0.965,865.2,,,,2690.0,,,,,1.804,,,,,,,,,,,,""
12046241774,"Aug 2, 2024, 1:49:34 PM",Afternoon Trail Run,Hike,"",11154,7.48,123.0,9,,,,activities/12841187063.fit.gz,,,11154.0,6150.0,7485.0,9.9,1.217,206.0,200.0,421.2,553.8,47.1,0.1,,,120.0,55.0,123.0,79.0,,,478.0,,27.0,9.0,,,,,,,,,,,0.0,,0.0,,1.0,8647.4,,,,,,,,,,,,,,,,,,,,,,,,,,0.0,0.671,2148.8,,,,9406.0,,,,,2.247,,,,,,,,,,,,""
12046238960,"Aug 2, 2024, 9:13:34 AM",Lunch Trail Run,Run,,10240,10.53,140.0,12,,,,activities/12841184155.fit.gz,,,10240.0,5849.0,10538.1,4.656,1.802,181.0,178.0,541.2,564.0,46.3,0.0,,,123.0,62.0,140.0,90.0,,,578.0,,26.0,12.0,,,,,,,,,,,,,0.0,,1.0,11263.1,,,,,,,,,,,,,,,,,,,,,,,,,,0.0,1.029,4621.4,,,,12792.0,,,,,1.926,,,,,,,,,,,,""
12103153636,"Aug 1, 2024, 11:58:39 AM",Afternoon Trail Run,Run,,15612,9.44,,,,,,activities/12103153636.fit,,,15612.0,6305.0,9443.0,4.8,1.498,433.0,374.0,514.2,856.6,49.6,0.0,,,,,,,,,,,29.0,,,,,,,,,,,,,,0.0,,1.0,11911.5,,,,,,,,,,,,,,,,,,,,,,,,,,0.0,0.605,3377.0,,,,,,,,,1.889,,,,,,,,,,,,""
12038208157,"Aug 1, 2024, 7:33:07 AM",Morning Trail Run,Run,"",9877,14.62,166.0,45,,,,activities/12832822607.fit.gz,,,9877.0,6977.0,14626.3,5.802,2.096,303.0,291.0,929.2,1178.0,37.3,0.1,,,120.0,73.0,166.0,124.0,,,893.0,,26.0,45.0,,,,,,,,,,,0.0,,0.0,,1.0,15923.0,,,,,,,,,,,,,,,,,,,,,,,,,,0.0,1.481,13744.0,,,,17048.0,,,,,2.282,,,,,,,,,,,,""
12030613289,"Jul 31, 2024, 3:59:31 PM",Afternoon Run,Run,"",4138,3.98,121.0,4,,,,activities/12824909335.fit.gz,,,4138.0,2093.0,3982.7,11.567,1.903,130.0,95.0,524.0,585.6,48.4,0.4,,,123.0,55.0,121.0,88.0,,,211.0,,29.0,4.0,,,,,,,,,,,0.0,,0.0,,1.0,4477.0,,,,,,,,,,,,,,,,,,,,,,,,,,0.0,0.962,1465.7,,,,3952.0,,,,,2.149,,,,,,,,,,,,""
12025539467,"Jul 29, 2024, 4:11:30 PM",Evening Run,Run,,2225,6.11,154.0,38,,,,activities/12819645616.fit.gz,,,2225.0,2157.0,6110.6,4.288,2.833,52.0,49.0,198.2,214.6,21.8,0.0,,,109.0,84.0,154.0,144.0,,,341.0,,31.0,38.0,,,,,,,,,,,,,0.0,,1.0,6207.7,,,,,,,,,,,,,,,,,,,,,,,,,,0.0,2.746,5686.2,,,,6024.0,,,,,2.878,,,,,,,,,,,,""
12025538364,"Jul 28, 2024, 4:27:01 PM",Evening Trail Run,Run,,3144,6.23,151.0,21,,,,activities/12819644432.fit.gz,,,3144.0,3004.0,6230.9,3.603,2.074,306.0,302.0,214.4,448.4,47.0,0.1,,,120.0,74.0,151.0,132.0,,,395.0,,30.0,21.0,,,,,,,,,,,,,0.0,,1.0,7880.5,,,,,,,,,,,,,,,,,,,,,,,,,,0.0,1.982,4394.3,,,,7284.0,,,,,2.623,,,,,,,,,,,,""
11979851510,"Jul 25, 2024, 4:28:21 PM",Evening Trail Run,Run,,3310,4.42,143.0,12,,,,activities/12772100976.fit.gz,,,3310.0,2661.0,4420.5,2.803,1.661,226.0,228.0,217.8,445.2,49.4,0.0,,,123.0,73.0,143.0,120.0,,,306.0,,30.0,12.0,,,,,,,,,,,,,0.0,,1.0,5614.6,,,,,,,,,,,,,,,,,,,,,,,,,,0.0,1.335,2733.9,,,,6392.0,,,,,2.11,,,,,,,,,,,,""
11971902908,"Jul 24, 2024, 4:44:05 PM",12 gym,Weight Training,"",4516,0,145.0,14,,,,activities/12763857261.fit.gz,,,4516.0,4516.0,0.0,0.0,0.0,0.0,0.0,0.0,0.0,0.0,0.0,,,,,145.0,109.0,,,342.0,,32.0,14.0,,,,,,,,,,,0.0,,0.0,,1.0,,,,,,,,,,,,,,,,,,,,,,,,,,,0.0,0.0,0.0,,,,,,,,,,,246.0,,,,,,,,,,""
11971894323,"Jul 23, 2024, 3:39:11 PM",Evening Trail Run,Run,,3704,7.06,154.0,22,,,,activities/12763848421.fit.gz,,,3704.0,3394.0,7068.2,3.906,2.083,251.0,250.0,216.2,448.2,47.2,-0.1,,,117.0,78.0,154.0,131.0,,,433.0,,30.0,22.0,,,,,,,,,,,,,0.0,,1.0,8101.2,,,,,,,,,,,,,,,,,,,,,,,,,,0.0,1.908,5700.6,,,,8538.0,,,,,2.387,,,,,,,,,,,,""
11955146325,"Jul 22, 2024, 4:17:49 PM",Evening Trail Run,Run,,4436,9.56,160.0,49,,,,activities/12746520342.fit.gz,,,4436.0,3785.0,9564.4,4.314,2.527,249.0,246.0,213.2,450.6,31.7,0.1,,,113.0,81.0,160.0,141.0,,,580.0,,31.0,49.0,,,,,,,,,,,,,0.0,,1.0,10258.0,,,,,,,,,,,,,,,,,,,,,,,,,,0.0,2.156,8986.5,,,,10312.0,,,,,2.71,,,,,,,,,,,,""
11942876274,"Jul 21, 2024, 4:56:42 AM",Morning Trail Run,Run,,11495,7.13,192.0,73,,,,activities/12733770774.fit.gz,,,11495.0,3959.0,7129.0,5.093,1.801,366.0,358.0,426.6,724.0,48.9,0.0,,,124.0,70.0,192.0,146.0,,,1236.0,,30.0,73.0,,,,,,,,,,,,,0.0,,1.0,9640.6,,,,,,,,,,,,,,,,,,,,,,,,,,0.0,0.62,6125.7,,,,11492.0,,,,,2.435,,,,,,,,,,,,""
11942868900,"Jul 20, 2024, 4:42:14 PM",Evening Trail Run,Run,,2018,3.82,157.0,23,,,,activities/12733763209.fit.gz,,,2018.0,1939.0,3823.9,3.551,1.972,190.0,184.0,212.4,397.6,49.5,0.1,,,91.0,70.0,157.0,140.0,,,271.0,,30.0,23.0,,,,,,,,,,,,,0.0,,1.0,4874.7,,,,,,,,,,,,,,,,,,,,,,,,,,0.0,1.895,2648.5,,,,4520.0,,,,,2.514,,,,,,,,,,,,""
11942867306,"Jul 20, 2024, 2:44:54 PM",11 gym,Weight Training,"",5222,0,164.0,47,,,,activities/12733761418.fit.gz,,,5222.0,5222.0,0.0,0.0,0.0,0.0,0.0,0.0,0.0,0.0,0.0,,,,,164.0,131.0,,,553.0,,33.0,47.0,,,,,,,,,,,0.0,,0.0,,1.0,,,,,,,,,,,,,,,,,,,,,,,,,,,0.0,0.0,0.0,,,,,,,,,,,56.0,,,,,,,,,,""
11942865088,"Jul 19, 2024, 3:49:06 PM",10 gym,Weight Training,"",5943,0,165.0,56,,,,activities/12733759255.fit.gz,,,5943.0,5943.0,0.0,0.0,0.0,0.0,0.0,0.0,0.0,0.0,0.0,,,,,165.0,134.0,,,630.0,,33.0,56.0,,,,,,,,,,,0.0,,0.0,,1.0,,,,,,,,,,,,,,,,,,,,,,,,,,,0.0,0.0,0.0,,,,,,,,,,,18.0,,,,,,,,,,""
11924402295,"Jul 18, 2024, 5:28:58 PM",9 gym,Weight Training,"",2677,0,162.0,22,,,,activities/12714531006.fit.gz,,,2677.0,2677.0,0.0,0.0,0.0,0.0,0.0,0.0,0.0,0.0,0.0,,,,,162.0,128.0,,,305.0,,33.0,22.0,,,,,,,,,,,0.0,,0.0,,1.0,,,,,,,,,,,,,,,,,,,,,,,,,,,0.0,0.0,0.0,,,,,,,,,,,68.0,,,,,,,,,,""
11883852951,"Jul 14, 2024, 8:00:48 AM",Lunch Run,Run,,2075,5.10,163.0,46,,,,activities/12672558986.fit.gz,,,2075.0,2047.0,5107.4,3.798,2.495,29.0,32.0,205.8,216.2,20.4,-0.1,,,89.0,85.0,163.0,150.0,,,304.0,,34.0,46.0,,,,,,,,,,,,,0.0,,1.0,5146.8,,,,,,,,,,,,,,,,,,,,,,,,,,0.0,2.461,4755.1,,,,5802.0,,,,,2.514,,,,,,,,,,,,""
11883851393,"Jul 13, 2024, 4:43:26 AM",Morning Trail Run,Run,,8338,11.01,160.0,81,,,,activities/12672557258.fit.gz,,,8338.0,7405.0,11010.5,3.02,1.487,761.0,751.0,494.4,1157.8,49.4,0.1,,,106.0,68.0,160.0,139.0,,,893.0,,28.0,81.0,,,,,,,,,,,,,0.0,,1.0,15841.1,,,,,,,,,,,,,,,,,,,,,,,,,,0.0,1.321,11012.0,,,,16756.0,,,,,2.139,,,,,,,,,,,,""
11883844389,"Jul 12, 2024, 1:25:58 PM",8,Weight Training,"",4121,0,143.0,12,,,,activities/12672550235.fit.gz,,,4121.0,4121.0,0.0,0.0,0.0,0.0,0.0,0.0,0.0,0.0,0.0,,,,,143.0,106.0,,,306.0,,30.0,12.0,,,,,,,,,,,0.0,,0.0,,1.0,,,,,,,,,,,,,,,,,,,,,,,,,,,0.0,0.0,0.0,,,,,,,,,,,22.0,,,,,,,,,,""
11883844684,"Jul 10, 2024, 5:26:49 PM",Evening Trail Run,Run,,3057,7.00,159.0,40,,,,activities/12672550430.fit.gz,,,3057.0,2991.0,6999.5,4.306,2.34,242.0,249.0,215.4,444.6,42.5,-0.1,,,115.0,77.0,159.0,142.0,,,426.0,,31.0,40.0,,,,,,,,,,,,,0.0,,1.0,7941.1,,,,,,,,,,,,,,,,,,,,,,,,,,0.0,2.29,5430.1,,,,7666.0,,,,,2.655,,,,,,,,,,,,""
11883840997,"Jul 9, 2024, 3:53:10 PM",Evening Run,Run,,2205,5.51,163.0,38,,,,activities/12672546537.fit.gz,,,2205.0,2187.0,5510.2,3.818,2.52,44.0,50.0,199.8,221.2,21.6,-0.1,,,88.0,84.0,163.0,145.0,,,326.0,,33.0,38.0,,,,,,,,,,,,,0.0,,1.0,5594.3,,,,,,,,,,,,,,,,,,,,,,,,,,0.0,2.499,5170.5,,,,6116.0,,,,,2.558,,,,,,,,,,,,""
11883839018,"Jul 7, 2024, 3:56:23 PM",Evening Trail Run,Run,,2222,3.57,149.0,11,,,,activities/12672544315.fit.gz,,,2222.0,2066.0,3571.7,3.258,1.729,200.0,205.0,213.6,399.2,47.4,-0.1,,,123.0,68.0,149.0,127.0,,,249.0,,31.0,11.0,,,,,,,,,,,,,0.0,,1.0,4685.9,,,,,,,,,,,,,,,,,,,,,,,,,,0.0,1.607,1933.0,,,,4552.0,,,,,2.268,,,,,,,,,,,,""
11883837059,"Jul 6, 2024, 5:56:42 PM",Evening Trail Run,Run,,3748,6.27,150.0,15,,,,activities/12672542213.fit.gz,,,3748.0,3057.0,6271.5,4.687,2.052,229.0,231.0,215.0,433.4,45.8,0.0,,,123.0,73.0,150.0,124.0,,,377.0,,27.0,15.0,,,,,,,,,,,,,0.0,,1.0,7230.1,,,,,,,,,,,,,,,,,,,,,,,,,,0.0,1.673,4689.6,,,,7298.0,,,,,2.365,,,,,,,,,,,,""
11821598886,"Jul 6, 2024, 9:36:10 AM",7,Weight Training,"",4704,0,143.0,12,,,,activities/12608131884.fit.gz,,,4704.0,4704.0,0.0,0.0,0.0,0.0,0.0,0.0,0.0,0.0,0.0,,,,,143.0,101.0,,,302.0,,29.0,12.0,,,,,,,,,,,0.0,,0.0,,1.0,,,,,,,,,,,,,,,,,,,,,,,,,,,0.0,0.0,0.0,,,,,,,,,,,,,,,,,,,,,""
11821597808,"Jul 5, 2024, 2:00:13 PM",6 gym,Weight Training,"",5954,0,164.0,42,,,,activities/12608130803.fit.gz,,,5954.0,5954.0,0.0,0.0,0.0,0.0,0.0,0.0,0.0,0.0,0.0,,,,,164.0,124.0,,,586.0,,31.0,42.0,,,,,,,,,,,0.0,,0.0,,1.0,,,,,,,,,,,,,,,,,,,,,,,,,,,0.0,0.0,0.0,,,,,,,,,,,,,,,,,,,,,""
11821595795,"Jul 3, 2024, 3:38:51 PM",Evening Run,Run,,1996,4.53,146.0,9,,,,activities/12608128819.fit.gz,,,1996.0,1974.0,4532.1,4.199,2.296,37.0,41.0,205.8,219.8,21.0,-0.1,,,118.0,82.0,146.0,130.0,,,249.0,,30.0,9.0,,,,,,,,,,,,,0.0,,1.0,4642.2,,,,,,,,,,,,,,,,,,,,,,,,,,0.0,2.271,3969.3,,,,5410.0,,,,,2.352,,,,,,,,,,,,""
11793319445,"Jul 2, 2024, 4:42:14 PM",5 gym,Weight Training,"",6007,0,149.0,20,,,,activities/12578921227.fit.gz,,,6007.0,6007.0,0.0,0.0,0.0,0.0,0.0,0.0,0.0,0.0,0.0,,,,,149.0,113.0,,,461.0,,31.0,20.0,,,,,,,,,,,0.0,,0.0,,1.0,,,,,,,,,,,,,,,,,,,,,,,,,,,0.0,0.0,0.0,,,,,,,,,,,,,,,,,,,,,""
11793318176,"Jul 1, 2024, 4:51:19 PM",4,Weight Training,"",5384,0,153.0,12,,,,activities/12578919983.fit.gz,,,5384.0,5384.0,0.0,0.0,0.0,0.0,0.0,0.0,0.0,0.0,0.0,,,,,153.0,95.0,,,317.0,,29.0,12.0,,,,,,,,,,,0.0,,0.0,,1.0,,,,,,,,,,,,,,,,,,,,,,,,,,,0.0,0.0,0.0,,,,,,,,,,,,,,,,,,,,,""
11793321047,"Jun 29, 2024, 3:03:27 PM",3,Weight Training,"",5607,0,159.0,18,,,,activities/12578922976.fit.gz,,,5607.0,5607.0,0.0,0.0,0.0,0.0,0.0,0.0,0.0,0.0,0.0,,,,,159.0,108.0,,,418.0,,30.0,18.0,,,,,,,,,,,0.0,,0.0,,1.0,,,,,,,,,,,,,,,,,,,,,,,,,,,0.0,0.0,0.0,,,,,,,,,,,,,,,,,,,,,""
11793320294,"Jun 26, 2024, 11:46:42 AM",1,Weight Training,"",1689,0,121.0,3,,,,activities/12578922243.fit.gz,,,1689.0,1689.0,0.0,0.0,0.0,0.0,0.0,0.0,0.0,0.0,0.0,,,,,121.0,92.0,,,97.0,,30.0,3.0,,,,,,,,,,,0.0,,0.0,,1.0,,,,,,,,,,,,,,,,,,,,,,,,,,,0.0,0.0,0.0,,,,,,,,,,,,,,,,,,,,,""
11719498241,"Jun 23, 2024, 7:57:03 AM",Morning Trail Run,Hike,"",14422,14.07,131.0,33,,,,activities/12502930398.fit.gz,,,14422.0,12432.0,14077.0,18.95,1.132,223.0,952.0,798.8,1527.8,47.2,-5.2,,,81.0,55.0,131.0,102.0,,,793.0,,32.0,33.0,,,,,,,,,,,0.0,,0.0,,1.0,15236.6,,,,,,,,,,,,,,,,,,,,,,,,,,0.0,0.976,1033.0,,,,21480.0,,,,,1.784,,,,,,,,,,,,""
11719489175,"Jun 23, 2024, 3:41:03 AM",Morning Trail Run,Run,"",2840,3.56,144.0,7,,,,activities/12502921199.fit.gz,,,2840.0,1994.0,3568.3,3.428,1.79,0.0,799.0,1564.6,2379.6,6.8,-22.8,,,123.0,75.0,144.0,117.0,,,215.0,,24.0,7.0,,,,,,,,,,,0.0,,0.0,,1.0,4444.2,,,,,,,,,,,,,,,,,,,,,,,,,,0.0,1.256,3568.3,,,,6308.0,,,,,2.229,,,,,,,,,,,,""
11719486385,"Jun 23, 2024, 1:21:59 AM",Morning Trail Run,Run,"",5766,3.90,157.0,57,,,,activities/12502918343.fit.gz,,,5766.0,5765.0,3903.0,3.206,0.677,841.0,3.0,1551.0,2392.2,49.9,21.4,,,80.0,54.0,157.0,139.0,,,647.0,,22.0,57.0,,,,,,,,,,,0.0,,0.0,,1.0,9298.1,,,,,,,,,,,,,,,,,,,,,,,,,,0.0,0.677,3903.9,,,,7200.0,,,,,1.613,,,,,,,,,,,,""
11719482406,"Jun 22, 2024, 8:11:17 AM",Lunch Trail Run,Run,"",24085,10.78,156.0,44,,,,activities/12502913996.fit.gz,,,24085.0,24084.0,10786.8,12.008,0.448,1566.0,224.0,791.0,2184.4,49.9,12.5,,,124.0,55.0,156.0,118.0,,,1739.0,,31.0,44.0,,,,,,,,,,,0.0,,0.0,,1.0,18958.3,,,,,,,,,,,,,,,,,,,,,,,,,,0.0,0.448,641.4,,,,19600.0,,,,,0.787,,,,,,,,,,,,""
11665949448,"Jun 16, 2024, 5:31:29 AM",Argithea sky race 30km 2000+ έχασε πολύ,Run,"",16813,28.14,174.0,469,,,,activities/12447759370.fit.gz,,,16813.0,16291.0,28145.2,4.898,1.728,1906.0,1888.0,976.2,2133.0,50.0,0.1,,,123.0,68.0,174.0,156.0,,,2097.0,,27.0,469.0,,,,,,,,,,,0.0,,0.0,,1.0,39707.0,,,,,,,,,,,,,,,,,,,,,,,,,,0.0,1.674,4054.5,,,,35104.0,,,,,2.437,,,,,,,,,,,,""
11665938508,"Jun 16, 2024, 5:08:35 AM",Morning Trail Run,Run,,970,1.67,152.0,5,,,,activities/12447748367.fit.gz,,,970.0,715.0,1674.5,5.45,2.342,57.0,24.0,1088.8,1129.6,19.7,2.1,,,103.0,82.0,152.0,132.0,,,121.0,,22.0,5.0,,,,,,,,,,,,,0.0,,1.0,1903.3,,,,,,,,,,,,,,,,,,,,,,,,,,0.0,1.726,1025.1,,,,2096.0,,,,,2.662,,,,,,,,,,,,""
11665937522,"Jun 15, 2024, 12:27:17 PM",Afternoon Trail Run,Run,,810,0.71,121.0,1,,,,activities/12447747321.fit.gz,,,810.0,652.0,719.0,1.966,1.103,74.0,2.0,1139.2,1213.6,46.2,10.3,,,80.0,51.0,121.0,102.0,,,58.0,,28.0,1.0,,,,,,,,,,,,,0.0,,1.0,1151.4,,,,,,,,,,,,,,,,,,,,,,,,,,0.0,0.888,0.0,,,,986.0,,,,,1.766,,,,,,,,,,,,""
11665936662,"Jun 14, 2024, 5:02:40 PM",Evening Trail Run,Run,,2226,5.19,163.0,14,,,,activities/12447746469.fit.gz,,,2226.0,2024.0,5192.1,4.807,2.565,159.0,154.0,208.2,365.4,41.4,0.1,,,109.0,80.0,163.0,134.0,,,294.0,,29.0,14.0,,,,,,,,,,,,,0.0,,1.0,5761.3,,,,,,,,,,,,,,,,,,,,,,,,,,0.0,2.332,4200.0,,,,5476.0,,,,,2.846,,,,,,,,,,,,""
11633386162,"Jun 12, 2024, 8:04:14 AM",Lunch Trail Run,Run,,3515,7.10,164.0,86,,,,activities/12414239112.fit.gz,,,3515.0,3368.0,7102.8,3.721,2.109,334.0,328.0,214.0,450.0,49.1,0.1,,,90.0,74.0,164.0,153.0,,,544.0,,35.0,86.0,,,,,,,,,,,,,0.0,,1.0,8635.0,,,,,,,,,,,,,,,,,,,,,,,,,,0.0,2.021,4900.3,,,,8122.0,,,,,2.564,,,,,,,,,,,,""
11665934998,"Jun 11, 2024, 5:18:03 PM",Evening Run,Run,,3035,7.96,166.0,23,,,,activities/12447744754.fit.gz,,,3035.0,2858.0,7969.0,4.837,2.788,52.0,56.0,200.0,222.0,46.2,-0.1,,,97.0,85.0,166.0,135.0,,,443.0,,29.0,23.0,,,,,,,,,,,,,0.0,,1.0,8089.0,,,,,,,,,,,,,,,,,,,,,,,,,,0.0,2.626,7406.7,,,,8134.0,,,,,2.83,,,,,,,,,,,,""
11665933118,"Jun 10, 2024, 5:05:32 PM",Evening Run,Run,,3653,10.06,144.0,19,,,,activities/12447742729.fit.gz,,,3653.0,3636.0,10065.4,4.302,2.768,58.0,60.0,203.8,213.2,18.8,0.0,,,89.0,85.0,144.0,133.0,,,514.0,,30.0,19.0,,,,,,,,,,,,,0.0,,1.0,10132.7,,,,,,,,,,,,,,,,,,,,,,,,,,0.0,2.755,9666.4,,,,10290.0,,,,,2.787,,,,,,,,,,,,""
11614676784,"Jun 9, 2024, 12:47:26 PM",Afternoon Swim,Swim,,1313,509,83.0,1,,,,activities/12394988238.fit.gz,,,1313.0,968.0,509.2,1.5,0.526,10.3,11.7,16.5,45.9,39.2,2.2,,,37.0,26.0,83.0,83.0,,,76.0,,25.0,1.0,,,,,,,,,,,,,0.0,,1.0,,,,,,,,,,,,,,,,,,,,,,,,,,,0.0,0.388,509.8,,,,,,,,,,,,,,,,,,,,,""
11614676367,"Jun 9, 2024, 9:31:49 AM",Lunch Stand Up Paddling,Stand Up Paddling,"",4111,3.63,116.0,7,,,,activities/12394987789.fit.gz,,,4111.0,3360.0,3637.5,9.199,1.083,53.8,60.6,5.8,31.3,49.8,0.0,,,61.0,27.0,116.0,93.0,,,216.0,,33.0,7.0,,,,,,,,,,,0.0,,0.0,,1.0,,,,,,,,,,,,,,,,,,,,,,,,,,,0.0,0.885,3637.5,,,,,,,,,,,,,,,,,,,,,""
11602511256,"Jun 8, 2024, 10:59:08 AM",Afternoon Trail Run,Run,,257,0.32,145.0,1,,,,activities/12382425928.fit.gz,,,257.0,201.0,325.0,2.092,1.617,7.0,9.0,213.4,221.6,16.5,-1.2,,,124.0,61.0,145.0,127.0,,,28.0,,34.0,1.0,,,,,,,,,,,,,0.0,,1.0,338.2,,,,,,,,,,,,,,,,,,,,,,,,,,0.0,1.264,0.0,,,,448.0,,,,,1.683,,,,,,,,,,,,""
11602510750,"Jun 8, 2024, 8:57:41 AM",Lunch Trail Run,Run,,7262,16.03,178.0,188,,,,activities/12382425164.fit.gz,,,7262.0,6956.0,16036.8,3.986,2.305,501.0,499.0,195.8,433.0,49.7,0.0,,,119.0,78.0,178.0,155.0,,,1072.0,,31.0,188.0,,,,,,,,,,,,,0.0,,1.0,18754.7,,,,,,,,,,,,,,,,,,,,,,,,,,0.0,2.208,11238.8,,,,17526.0,,,,,2.696,,,,,,,,,,,,""
11581765267,"Jun 5, 2024, 4:05:31 PM",Evening Trail Run,Run,,5603,15.15,173.0,110,,,,activities/12361131753.fit.gz,,,5603.0,5458.0,15149.7,4.4,2.776,308.0,306.0,187.6,444.6,18.3,0.0,,,95.0,85.0,173.0,148.0,,,842.0,,31.0,110.0,,,,,,,,,,,,,0.0,,1.0,15930.2,,,,,,,,,,,,,,,,,,,,,,,,,,0.0,2.704,12669.0,,,,15572.0,,,,,2.919,,,,,,,,,,,,""
11571960806,"Jun 4, 2024, 9:58:22 AM",Lunch Trail Run,Run,,3310,6.01,174.0,48,,,,activities/12351079595.fit.gz,,,3310.0,2781.0,6018.6,3.788,2.164,239.0,235.0,211.8,438.0,45.6,0.1,,,120.0,77.0,174.0,147.0,,,444.0,,35.0,48.0,,,,,,,,,,,,,0.0,,1.0,7327.6,,,,,,,,,,,,,,,,,,,,,,,,,,0.0,1.818,3684.5,,,,7152.0,,,,,2.635,,,,,,,,,,,,""
11568411398,"Jun 3, 2024, 4:56:19 PM",Evening Run,Run,,2636,6.83,144.0,13,,,,activities/12347410756.fit.gz,,,2636.0,2286.0,6833.6,7.105,2.989,39.0,40.0,208.8,219.0,26.6,0.0,,,103.0,87.0,144.0,129.0,,,372.0,,28.0,13.0,,,,,,,,,,,,,0.0,,1.0,6918.8,,,,,,,,,,,,,,,,,,,,,,,,,,0.0,2.592,6361.7,,,,6672.0,,,,,3.027,,,,,,,,,,,,""
11547482500,"Jun 1, 2024, 7:36:09 AM",Morning Trail Run,Run,,4514,9.27,161.0,81,,,,activities/12325836998.fit.gz,,,4514.0,4328.0,9269.7,4.552,2.142,432.0,427.0,208.0,443.8,48.9,0.0,,,120.0,76.0,161.0,146.0,,,603.0,,30.0,81.0,,,,,,,,,,,,,0.0,,1.0,11162.6,,,,,,,,,,,,,,,,,,,,,,,,,,0.0,2.054,5743.7,,,,10792.0,,,,,2.579,,,,,,,,,,,,""
11541684439,"May 31, 2024, 2:44:07 PM",Afternoon Trail Run,Run,,9805,20.08,173.0,172,,,,activities/12319857705.fit.gz,,,9805.0,9596.0,20082.9,4.164,2.093,924.0,927.0,207.8,451.2,49.9,0.0,,,120.0,77.0,173.0,146.0,,,1278.0,,27.0,172.0,,,,,,,,,,,,,0.0,,1.0,25002.5,,,,,,,,,,,,,,,,,,,,,,,,,,0.0,2.048,12295.0,,,,23668.0,,,,,2.606,,,,,,,,,,,,""
11539759483,"May 30, 2024, 6:06:26 AM",Morning Run,Run,,2004,5.21,143.0,11,,,,activities/12317882255.fit.gz,,,2004.0,2004.0,5217.7,4.47,2.604,52.0,62.0,199.0,223.4,13.5,-0.2,,,120.0,85.0,143.0,134.0,,,271.0,,26.0,11.0,,,,,,,,,,,,,0.0,,1.0,5298.4,,,,,,,,,,,,,,,,,,,,,,,,,,0.0,2.604,4483.6,,,,5666.0,,,,,2.644,,,,,,,,,,,,""
11530025353,"May 29, 2024, 4:25:09 PM",Evening Trail Run,Run,,5770,13.25,164.0,42,,,,activities/12307853322.fit.gz,,,5770.0,5673.0,13249.1,4.081,2.335,449.0,451.0,196.0,451.4,49.7,0.0,,,120.0,78.0,164.0,133.0,,,819.0,,24.0,42.0,,,,,,,,,,,,,0.0,,1.0,15362.6,,,,,,,,,,,,,,,,,,,,,,,,,,0.0,2.296,9213.3,,,,14266.0,,,,,2.708,,,,,,,,,,,,""
11515997270,"May 28, 2024, 5:48:27 AM",Morning Run,Run,,3695,10.20,178.0,78,,,,activities/12293410234.fit.gz,,,3695.0,3418.0,10203.6,5.448,2.985,59.0,61.0,206.6,217.6,44.9,0.0,,,124.0,87.0,178.0,152.0,,,569.0,,25.0,78.0,,,,,,,,,,,,,0.0,,1.0,10304.3,,,,,,,,,,,,,,,,,,,,,,,,,,0.0,2.761,9718.8,,,,9906.0,,,,,3.015,,,,,,,,,,,,""
11501760245,"May 26, 2024, 9:32:33 AM",Lunch Trail Run,Run,"",10106,24.00,175.0,216,,,,activities/12278718739.fit.gz,,,10106.0,9626.0,24002.7,7.385,2.494,480.0,473.0,200.4,370.0,32.4,0.0,,,90.0,84.0,175.0,150.0,,,1451.0,,27.0,216.0,,,,,,,,,,,0.0,,0.0,,1.0,25126.0,,,,,,,,,,,,,,,,,,,,,,,,,,0.0,2.375,19481.3,,,,27024.0,,,,,2.61,,,,,,,,,,,,""
11495892354,"May 25, 2024, 2:57:41 PM",Afternoon Trail Run,Run,"",7495,16.00,178.0,175,,,,activities/12272646465.fit.gz,,,7495.0,7124.0,16001.3,4.938,2.246,880.0,886.0,275.4,839.6,49.3,0.0,,,115.0,75.0,178.0,152.0,,,985.0,,26.0,175.0,,,,,,,,,,,0.0,,0.0,,1.0,20711.0,,,,,,,,,,,,,,,,,,,,,,,,,,0.0,2.135,6937.3,,,,17416.0,,,,,2.907,,,,,,,,,,,,""
11495887127,"May 23, 2024, 4:49:30 PM",Evening Weight Training,Weight Training,,2185,0,144.0,6,,,,activities/12272641231.fit.gz,,,2185.0,2185.0,0.0,0.0,0.0,0.0,0.0,0.0,0.0,0.0,0.0,,,,,144.0,109.0,,,175.0,,30.0,6.0,,,,,,,,,,,,,0.0,,1.0,,,,,,,,,,,,,,,,,,,,,,,,,,,0.0,0.0,0.0,,,,,,,,,,,,,,,,,,,,,""
11479449858,"May 23, 2024, 10:55:02 AM",Afternoon Run,Run,,2090,5.63,168.0,21,,,,activities/12255692259.fit.gz,,,2090.0,1885.0,5633.8,5.296,2.989,35.0,35.0,200.4,215.6,15.1,0.0,,,109.0,85.0,168.0,139.0,,,308.0,,30.0,21.0,,,,,,,,,,,,,0.0,,1.0,5694.4,,,,,,,,,,,,,,,,,,,,,,,,,,0.0,2.696,5335.3,,,,5292.0,,,,,3.021,,,,,,,,,,,,""
11471164594,"May 22, 2024, 10:48:52 AM",Afternoon Trail Run,Run,,6116,15.21,175.0,152,,,,activities/12247176862.fit.gz,,,6116.0,5957.0,15214.6,3.825,2.554,400.0,408.0,199.0,448.6,39.9,0.0,,,118.0,79.0,175.0,152.0,,,921.0,,32.0,152.0,,,,,,,,,,,,,0.0,,1.0,16595.1,,,,,,,,,,,,,,,,,,,,,,,,,,0.0,2.488,12096.9,,,,15450.0,,,,,2.786,,,,,,,,,,,,""
11463490853,"May 21, 2024, 8:24:18 AM",Lunch Trail Run,Run,,7991,15.20,180.0,170,,,,activities/12239303152.fit.gz,,,7991.0,7001.0,15202.1,4.614,2.171,532.0,533.0,147.2,453.6,46.6,0.0,,,124.0,73.0,180.0,152.0,,,1023.0,,31.0,170.0,,,,,,,,,,,,,0.0,,1.0,17421.2,,,,,,,,,,,,,,,,,,,,,,,,,,0.0,1.902,9230.1,,,,16794.0,,,,,2.488,,,,,,,,,,,,""
11455902169,"May 20, 2024, 10:46:54 AM",Afternoon Run,Run,,3698,11.11,171.0,82,,,,activities/12231495531.fit.gz,,,3698.0,3646.0,11118.6,4.852,3.05,47.0,51.0,208.6,215.8,9.3,0.0,,,91.0,87.0,171.0,151.0,,,600.0,,30.0,82.0,,,,,,,,,,,,,0.0,,1.0,11150.5,,,,,,,,,,,,,,,,,,,,,,,,,,0.0,3.007,11118.6,,,,10544.0,,,,,3.058,,,,,,,,,,,,""
11453480490,"May 19, 2024, 4:08:41 PM",Evening Run,Run,,3783,9.99,169.0,24,,,,activities/12228998733.fit.gz,,,3783.0,3682.0,9998.9,3.959,2.716,7.0,6.0,254.4,259.6,17.7,0.0,,,92.0,86.0,169.0,131.0,,,556.0,,27.0,24.0,,,,,,,,,,,,,0.0,,1.0,10017.0,,,,,,,,,,,,,,,,,,,,,,,,,,0.0,2.643,9999.7,,,,10512.0,,,,,2.721,,,,,,,,,,,,""
11438015407,"May 18, 2024, 8:35:25 AM",Lunch Trail Run,Run,"",8557,13.39,177.0,246,,,,activities/12212995871.fit.gz,,,8557.0,8012.0,13397.8,4.086,1.672,1001.0,998.0,493.6,1154.0,49.2,0.0,,,123.0,71.0,177.0,158.0,,,1144.0,,28.0,246.0,,,,,,,,,,,0.0,,0.0,,1.0,20033.3,,,,,,,,,,,,,,,,,,,,,,,,,,0.0,1.566,13382.1,,,,18578.0,,,,,2.5,,,,,,,,,,,,""
11438008813,"May 16, 2024, 4:37:45 PM",Evening Weight Training,Weight Training,,2185,0,137.0,5,,,,activities/12212989354.fit.gz,,,2185.0,2185.0,0.0,0.0,0.0,0.0,0.0,0.0,0.0,0.0,0.0,,,,,137.0,98.0,,,142.0,,29.0,5.0,,,,,,,,,,,,,0.0,,1.0,,,,,,,,,,,,,,,,,,,,,,,,,,,0.0,0.0,0.0,,,,,,,,,,,,,,,,,,,,,""
11423433719,"May 16, 2024, 10:00:12 AM",Afternoon Trail Run,Run,,2431,6.01,161.0,21,,,,activities/12197985747.fit.gz,,,2431.0,2250.0,6010.1,3.792,2.671,108.0,98.0,205.2,230.2,15.0,0.1,,,121.0,85.0,161.0,137.0,,,347.0,,25.0,21.0,,,,,,,,,,,,,0.0,,1.0,6301.5,,,,,,,,,,,,,,,,,,,,,,,,,,0.0,2.472,3684.0,,,,6346.0,,,,,2.801,,,,,,,,,,,,""
11423431748,"May 16, 2024, 9:57:34 AM",Lunch Run,Run,,105,0.19,122.0,0,,,,activities/12197983787.fit.gz,,,105.0,95.0,195.7,3.915,2.06,0.0,1.0,212.6,214.8,12.0,-0.1,,,88.0,86.0,122.0,105.0,,,12.0,,29.0,0.0,,,,,,,,,,,,,0.0,,1.0,199.7,,,,,,,,,,,,,,,,,,,,,,,,,,0.0,1.864,195.7,,,,294.0,,,,,2.102,,,,,,,,,,,,""
11417417525,"May 15, 2024, 3:57:33 PM",Evening Trail Run,Run,,226,0.35,120.0,0,,,,activities/12191814599.fit.gz,,,226.0,221.0,350.2,2.726,1.585,0.0,24.0,212.2,237.4,4.3,-7.2,,,82.0,62.0,120.0,108.0,,,15.0,,24.0,0.0,,,,,,,,,,,,,0.0,,1.0,340.2,,,,,,,,,,,,,,,,,,,,,,,,,,0.0,1.55,0.0,,,,468.0,,,,,1.539,,,,,,,,,,,,""
11417417618,"May 15, 2024, 1:59:07 PM",Afternoon Trail Run,Run,"",6148,16.21,172.0,147,,,,activities/12191814611.fit.gz,,,6148.0,6118.0,16214.1,4.48,2.65,604.0,589.0,178.0,450.8,23.6,0.1,,,113.0,85.0,172.0,153.0,,,919.0,,26.0,147.0,,,,,,,,,,,,,0.0,,1.0,18096.3,,,,,,,,,,,,,,,,,,,,,,,,,,0.0,2.637,11939.3,,,,17254.0,,,,,2.958,,,0.0,,,,,,,,,""
11417413425,"May 14, 2024, 4:49:50 PM",Evening Weight Training,Weight Training,,1805,0,121.0,3,,,,activities/12191810407.fit.gz,,,1805.0,1805.0,0.0,0.0,0.0,0.0,0.0,0.0,0.0,0.0,0.0,,,,,121.0,91.0,,,95.0,,28.0,3.0,,,,,,,,,,,,,0.0,,1.0,,,,,,,,,,,,,,,,,,,,,,,,,,,0.0,0.0,0.0,,,,,,,,,,,,,,,,,,,,,""
11407254812,"May 14, 2024, 9:58:00 AM",Alsos round,Run,"",3619,10.10,170.0,71,,,,activities/12181383971.fit.gz,,,3619.0,3427.0,10106.2,5.102,2.949,113.0,119.0,196.4,217.4,16.6,-0.1,,,97.0,87.0,170.0,149.0,,,569.0,,26.0,71.0,,,,,,,,,,,,,0.0,,1.0,10294.5,,,,,,,,,,,,,,,,,,,,,,,,,,0.0,2.793,10095.5,,,,10098.0,,,,,3.004,,,0.0,,,,,,,,,""
11402975000,"May 13, 2024, 5:40:14 PM",Evening Trail Run,Run,,3093,7.85,,,,,,activities/11402975000.fit,,,3093.0,3026.0,7851.0,5.6,2.595,191.0,187.0,169.4,208.6,35.0,0.0,,,,,,,,,,,21.0,,,,,,,,,,,,,,0.0,,1.0,8594.4,,,,,,,,,,,,,,,,,,,,,,,,,,0.0,2.538,3018.0,,,,,,,,,2.84,,,,,,,,,,,,""
11376630680,"May 10, 2024, 11:16:17 AM",Afternoon Run,Run,,400,0.55,175.0,6,,,,activities/12149804766.fit.gz,,,400.0,374.0,549.4,2.676,1.469,3.0,1.0,208.2,213.0,9.8,0.4,,,120.0,66.0,175.0,149.0,,,58.0,,27.0,6.0,,,,,,,,,,,,,0.0,,1.0,560.3,,,,,,,,,,,,,,,,,,,,,,,,,,0.0,1.374,0.0,,,,766.0,,,,,1.498,,,,,,,,,,,,""
11376630688,"May 10, 2024, 9:25:05 AM",Lunch Run,Run,,6580,20.01,173.0,180,,,,activities/12149804560.fit.gz,,,6580.0,6539.0,20016.7,4.137,3.061,78.0,77.0,208.4,216.8,48.9,0.0,,,103.0,87.0,173.0,154.0,,,1158.0,,27.0,180.0,,,,,,,,,,,,,0.0,,1.0,20148.1,,,,,,,,,,,,,,,,,,,,,,,,,,0.0,3.042,0.0,,,,18830.0,,,,,3.081,,,,,,,,,,,,""
11376627683,"May 9, 2024, 3:59:21 PM",Evening Weight Training,Weight Training,,675,0,122.0,1,,,,activities/12149801828.fit.gz,,,675.0,675.0,0.0,0.0,0.0,0.0,0.0,0.0,0.0,0.0,0.0,,,,,122.0,96.0,,,41.0,,27.0,1.0,,,,,,,,,,,,,0.0,,1.0,,,,,,,,,,,,,,,,,,,,,,,,,,,0.0,0.0,0.0,,,,,,,,,,,,,,,,,,,,,""
11376626207,"May 9, 2024, 3:36:31 PM",Evening Trail Run,Run,,789,2.05,151.0,4,,,,activities/12149800267.fit.gz,,,789.0,786.0,2057.9,4.398,2.618,65.0,62.0,198.4,224.2,13.9,0.0,,,88.0,81.0,151.0,125.0,,,126.0,,24.0,4.0,,,,,,,,,,,,,0.0,,1.0,2231.7,,,,,,,,,,,,,,,,,,,,,,,,,,0.0,2.608,0.0,,,,2122.0,,,,,2.839,,,,,,,,,,,,""
11364387798,"May 8, 2024, 2:34:18 PM",Afternoon Trail Run,Run,"",5134,7.40,178.0,66,,,,activities/12137203790.fit.gz,,,5134.0,5092.0,7399.7,6.912,1.453,261.0,256.0,60.2,168.6,49.4,0.1,,,123.0,79.0,178.0,147.0,,,599.0,,27.0,66.0,,,,,,,,,,,0.0,,0.0,,1.0,8575.1,,,,,,,,,,,,,,,,,,,,,,,,,,0.0,1.441,5389.6,,,,8480.0,,,,,1.684,,,,,,,,,,,,""
11352101098,"May 7, 2024, 8:54:48 AM",Lunch Run,Run,,3184,10.01,175.0,95,,,,activities/12124615115.fit.gz,,,3184.0,3149.0,10014.3,3.93,3.18,5.0,6.0,210.2,214.4,2.7,0.0,,,90.0,87.0,175.0,158.0,,,563.0,,29.0,95.0,,,,,,,,,,,,,0.0,,1.0,10026.0,,,,,,,,,,,,,,,,,,,,,,,,,,0.0,3.145,0.0,,,,9138.0,,,,,3.184,,,,,,,,,,,,""
11352099542,"May 6, 2024, 11:13:14 AM",Afternoon Stand Up Paddling,Stand Up Paddling,,7093,3.83,138.0,9,,,,activities/12124613476.fit.gz,,,7093.0,2997.0,3836.0,12.409,1.28,134.0,132.9,-5.8,53.6,49.7,0.2,,,192.0,32.0,138.0,110.0,,,370.0,,29.0,9.0,,,,,,,,,,,,,0.0,,1.0,,,,,,,,,,,,,,,,,,,,,,,,,,,0.0,0.541,0.0,,,,,,,,,,,,,,,,,,,,,""
11343696025,"May 6, 2024, 7:44:39 AM",Morning Trail Run,Run,,4132,7.72,177.0,99,,,,activities/12115979716.fit.gz,,,4132.0,3866.0,7725.3,4.392,1.998,381.0,381.0,197.2,437.8,22.7,-0.1,,,124.0,77.0,177.0,155.0,,,584.0,,27.0,99.0,,,,,,,,,,,,,0.0,,1.0,9425.9,,,,,,,,,,,,,,,,,,,,,,,,,,0.0,1.87,0.0,,,,9572.0,,,,,2.438,,,,,,,,,,,,""
11327490123,"May 4, 2024, 6:22:20 AM",Morning Trail Run,Run,,6947,15.00,174.0,180,,,,activities/12099268756.fit.gz,,,6947.0,6642.0,15008.6,4.398,2.26,685.0,682.0,192.0,509.8,29.9,0.0,,,117.0,78.0,174.0,155.0,,,1018.0,,20.0,180.0,,,,,,,,,,,,,0.0,,1.0,17862.4,,,,,,,,,,,,,,,,,,,,,,,,,,0.0,2.16,0.0,,,,16852.0,,,,,2.689,,,,,,,,,,,,""
11314516018,"May 2, 2024, 9:37:17 AM",Lunch Trail Run,Run,,7958,12.05,189.0,146,,,,activities/12085952160.fit.gz,,,7958.0,7622.0,12052.2,3.784,1.581,849.0,840.0,492.8,1220.8,48.3,0.1,,,124.0,67.0,189.0,147.0,,,993.0,,26.0,146.0,,,,,,,,,,,,,0.0,,1.0,17528.1,,,,,,,,,,,,,,,,,,,,,,,,,,0.0,1.514,11592.8,,,,17242.0,,,,,2.3,,,,,,,,,,,,""
11308577090,"May 1, 2024, 1:49:37 PM",Afternoon Trail Run,Run,,6427,14.66,169.0,88,,,,activities/12079832290.fit.gz,,,6427.0,6242.0,14662.1,7.395,2.349,401.0,400.0,215.4,369.2,48.6,0.0,,,88.0,80.0,169.0,143.0,,,878.0,,27.0,88.0,,,,,,,,,,,,,0.0,,1.0,16079.2,,,,,,,,,,,,,,,,,,,,,,,,,,0.0,2.281,13583.7,,,,16354.0,,,,,2.576,,,,,,,,,,,,""
11308611497,"Apr 30, 2024, 5:47:40 AM",Morning Run,Run,,3520,9.03,157.0,52,,,,activities/12079868156.fit.gz,,,3520.0,3482.0,9030.5,3.748,2.593,58.0,66.0,205.4,221.6,22.1,-0.1,,,120.0,85.0,157.0,142.0,,,537.0,,21.0,52.0,,,,,,,,,,,,,0.0,,1.0,9124.4,,,,,,,,,,,,,,,,,,,,,,,,,,0.0,2.565,8489.6,,,,9838.0,,,,,2.62,,,,,,,,,,,,""
11292891031,"Apr 29, 2024, 5:21:15 PM",6 gym,Weight Training,"",3188,0,155.0,15,,,,activities/12063705098.fit.gz,,,3188.0,3188.0,0.0,0.0,0.0,0.0,0.0,0.0,0.0,0.0,0.0,,,,,155.0,118.0,,,311.0,,28.0,15.0,,,,,,,,,,,0.0,,0.0,,1.0,,,,,,,,,,,,,,,,,,,,,,,,,,,0.0,0.0,0.0,,,,,,,,,,,,,,,,,,,,,""
11292890053,"Apr 29, 2024, 4:45:28 PM",Evening Run,Run,,2031,6.56,159.0,24,,,,activities/12063704116.fit.gz,,,2031.0,2031.0,6566.4,4.315,3.233,0.0,0.0,0.0,0.0,0.0,0.0,,,93.0,84.0,159.0,134.0,,,269.0,,28.0,24.0,,,,,,,,,,,,,0.0,,1.0,6566.4,,,,,,,,,,,,,,,,,,,,,,,,,,0.0,3.233,0.0,,,,5584.0,,,,,,,,,,,,,,,,,""
11268823733,"Apr 26, 2024, 2:19:56 PM",Afternoon Trail Run,Run,,2366,5.35,,,,,,activities/11268823733.fit,,,2366.0,2322.0,5357.0,5.8,2.307,254.0,249.0,214.4,450.6,49.1,0.0,,,,,,,,,,,25.0,,,,,,,,,,,,,,0.0,,1.0,6674.1,,,,,,,,,,,,,,,,,,,,,,,,,,0.0,2.264,3332.0,,,,,,,,,2.874,,,,,,,,,,,,""
11292889349,"Apr 24, 2024, 5:51:00 PM",5 gym,Weight Training,"",2932,0,127.0,6,,,,activities/12063703188.fit.gz,,,2932.0,2932.0,0.0,0.0,0.0,0.0,0.0,0.0,0.0,0.0,0.0,,,,,127.0,94.0,,,175.0,,28.0,6.0,,,,,,,,,,,0.0,,0.0,,1.0,,,,,,,,,,,,,,,,,,,,,,,,,,,0.0,0.0,0.0,,,,,,,,,,,,,,,,,,,,,""
11278508066,"Apr 24, 2024, 5:30:07 PM",Evening Run,Run,,1236,1.58,99.0,2,,,,activities/12048928297.fit.gz,,,1236.0,1236.0,1581.5,2.302,1.28,0.0,0.0,0.0,0.0,0.0,0.0,,,123.0,60.0,99.0,84.0,,,57.0,,29.0,2.0,,,,,,,,,,,,,0.0,,1.0,1581.5,,,,,,,,,,,,,,,,,,,,,,,,,,0.0,1.28,0.0,,,,2416.0,,,,,,,,,,,,,,,,,""
11278507832,"Apr 23, 2024, 3:44:38 PM",Evening Run,Run,,1569,1.20,106.0,1,,,,activities/12048928026.fit.gz,,,1569.0,1376.0,1207.1,2.35,0.877,12.0,10.0,153.8,162.2,22.7,0.0,,,61.0,55.0,106.0,82.0,,,67.0,,27.0,1.0,,,,,,,,,,,,,0.0,,1.0,1235.3,,,,,,,,,,,,,,,,,,,,,,,,,,0.0,0.769,0.0,,,,676.0,,,,,0.898,,,,,,,,,,,,""
11246045735,"Apr 23, 2024, 10:49:29 AM",Afternoon Run,Run,,3225,8.01,165.0,42,,,,activities/12015304429.fit.gz,,,3225.0,2926.0,8018.8,5.535,2.741,48.0,49.0,200.4,219.4,10.9,0.0,,,120.0,86.0,165.0,141.0,,,463.0,,23.0,42.0,,,,,,,,,,,,,0.0,,1.0,8089.9,,,,,,,,,,,,,,,,,,,,,,,,,,0.0,2.486,8018.8,,,,8530.0,,,,,2.765,,,,,,,,,,,,""
11246043875,"Apr 22, 2024, 5:09:45 PM",4 gym,Weight Training,"",2729,0,153.0,13,,,,activities/12015302576.fit.gz,,,2729.0,2729.0,0.0,0.0,0.0,0.0,0.0,0.0,0.0,0.0,0.0,,,,,153.0,120.0,,,277.0,,28.0,13.0,,,,,,,,,,,0.0,,0.0,,1.0,,,,,,,,,,,,,,,,,,,,,,,,,,,0.0,0.0,0.0,,,,,,,,,,,,,,,,,,,,,""
11246043143,"Apr 22, 2024, 4:37:06 PM",Evening Run,Run,,1548,5.10,162.0,22,,,,activities/12015301795.fit.gz,,,1548.0,1548.0,5106.1,3.864,3.299,0.0,0.0,0.0,0.0,0.0,0.0,,,90.0,83.0,162.0,137.0,,,221.0,,27.0,22.0,,,,,,,,,,,,,0.0,,1.0,5106.1,,,,,,,,,,,,,,,,,,,,,,,,,,0.0,3.299,0.0,,,,4226.0,,,,,,,,,,,,,,,,,""
11230605019,"Apr 21, 2024, 8:25:35 AM",Lunch Trail Run,Run,,9758,18.30,177.0,200,,,,activities/11999359113.fit.gz,,,9758.0,9172.0,18299.8,3.882,1.995,700.0,707.0,214.8,448.6,39.3,0.0,,,118.0,75.0,177.0,150.0,,,1244.0,,26.0,200.0,,,,,,,,,,,,,0.0,,1.0,21599.9,,,,,,,,,,,,,,,,,,,,,,,,,,0.0,1.875,12398.2,,,,22636.0,,,,,2.355,,,,,,,,,,,,""
11223378750,"Apr 20, 2024, 9:51:01 AM",3: arms & abs,Weight Training,"",1512,0,123.0,3,,,,activities/11991907778.fit.gz,,,1512.0,1512.0,0.0,0.0,0.0,0.0,0.0,0.0,0.0,0.0,0.0,,,,,123.0,101.0,,,107.0,,28.0,3.0,,,,,,,,,,,0.0,,0.0,,1.0,,,,,,,,,,,,,,,,,,,,,,,,,,,0.0,0.0,0.0,,,,,,,,,,,,,,,,,,,,,""
11223377889,"Apr 19, 2024, 3:21:01 PM",2nd gym,Weight Training,"",3264,0,157.0,13,,,,activities/11991906939.fit.gz,,,3264.0,3264.0,0.0,0.0,0.0,0.0,0.0,0.0,0.0,0.0,0.0,,,,,157.0,117.0,,,310.0,,28.0,13.0,,,,,,,,,,,0.0,,0.0,,1.0,,,,,,,,,,,,,,,,,,,,,,,,,,,0.0,0.0,0.0,,,,,,,,,,,,,,,,,,,,,""
11223376889,"Apr 19, 2024, 3:03:31 PM",Evening Run,Run,,934,2.61,145.0,5,,,,activities/11991905918.fit.gz,,,934.0,934.0,2610.9,4.779,2.795,0.0,0.0,0.0,0.0,0.0,0.0,,,91.0,79.0,145.0,124.0,,,113.0,,27.0,5.0,,,,,,,,,,,,,0.0,,1.0,2610.9,,,,,,,,,,,,,,,,,,,,,,,,,,0.0,2.795,0.0,,,,2412.0,,,,,,,,,,,,,,,,,""
11223376590,"Apr 17, 2024, 4:46:18 PM",1st gym,Weight Training,"",2680,0,120.0,6,,,,activities/11991905580.fit.gz,,,2680.0,2680.0,0.0,0.0,0.0,0.0,0.0,0.0,0.0,0.0,0.0,,,,,120.0,95.0,,,161.0,,29.0,6.0,,,,,,,,,,,0.0,,0.0,,1.0,,,,,,,,,,,,,,,,,,,,,,,,,,,0.0,0.0,0.0,,,,,,,,,,,,,,,,,,,,,""
11223376549,"Apr 17, 2024, 4:34:39 PM",Evening Run,Run,,627,1.72,121.0,1,,,,activities/11991905590.fit.gz,,,627.0,627.0,1728.9,3.733,2.757,0.0,0.0,0.0,0.0,0.0,0.0,,,85.0,78.0,121.0,106.0,,,54.0,,29.0,1.0,,,,,,,,,,,,,0.0,,1.0,1728.9,,,,,,,,,,,,,,,,,,,,,,,,,,0.0,2.757,0.0,,,,1594.0,,,,,,,,,,,,,,,,,""
11179143722,"Apr 14, 2024, 5:00:32 AM","Hydra Marathon ! 
Απλά δε μπορούσε να πάει λεπτό πιο γρήγορα λόγω ζέστης και κραμπών !",Run,"",19797,38.44,187.0,698,,,,activities/11946433618.fit.gz,,,19797.0,19431.0,38442.7,4.55,1.978,2024.6,1993.0,-1.4,587.4,46.8,0.0,,,120.0,71.0,187.0,162.0,,,2696.0,,29.0,698.0,,,,,,,,,,,0.0,,0.0,,1.0,50343.4,,,,,,,,,,,,,,,,,,,,,,,,,,0.0,1.942,7981.1,,,,44674.0,,,,,2.53,,,,,,,,,,,,""
11179124184,"Apr 14, 2024, 4:41:16 AM",Morning Trail Run,Run,,840,1.64,143.0,3,,,,activities/11946413999.fit.gz,,,840.0,718.0,1643.0,3.623,2.288,9.0,13.0,11.2,18.6,7.0,-0.1,,,92.0,82.0,143.0,128.0,,,107.0,,25.0,3.0,,,,,,,,,,,,,0.0,,1.0,1657.1,,,,,,,,,,,,,,,,,,,,,,,,,,0.0,1.956,0.0,,,,2114.0,,,,,2.308,,,,,,,,,,,,""
11164526250,"Apr 12, 2024, 1:02:25 PM",Afternoon Trail Run,Run,,3409,7.24,160.0,19,,,,activities/11931373167.fit.gz,,,3409.0,3102.0,7241.8,4.402,2.335,151.0,156.0,6.6,47.0,46.2,0.0,,,90.0,81.0,160.0,129.0,,,439.0,,29.0,19.0,,,,,,,,,,,,,0.0,,1.0,7729.0,,,,,,,,,,,,,,,,,,,,,,,,,,0.0,2.124,3036.4,,,,8548.0,,,,,2.492,,,,,,,,,,,,""
11163860757,"Apr 10, 2024, 3:25:21 PM",Evening Trail Run,Run,,4813,10.27,160.0,28,,,,activities/11930690143.fit.gz,,,4813.0,4637.0,10276.6,4.449,2.216,411.0,415.0,215.6,448.0,46.3,0.0,,,118.0,76.0,160.0,129.0,,,632.0,,24.0,28.0,,,,,,,,,,,,,0.0,,1.0,12305.4,,,,,,,,,,,,,,,,,,,,,,,,,,0.0,2.135,8185.5,,,,11572.0,,,,,2.654,,,,,,,,,,,,""
11163857585,"Apr 9, 2024, 5:04:02 PM",Evening Trail Run,Run,,3327,7.02,147.0,16,,,,activities/11930686931.fit.gz,,,3327.0,3195.0,7028.1,3.726,2.2,253.0,131.0,208.2,427.0,37.4,1.8,,,86.0,81.0,147.0,128.0,,,451.0,,22.0,16.0,,,,,,,,,,,,,0.0,,1.0,7951.6,,,,,,,,,,,,,,,,,,,,,,,,,,0.0,2.112,6356.7,,,,8636.0,,,,,2.489,,,,,,,,,,,,""
11125492726,"Apr 7, 2024, 6:06:04 AM",Poikilo race 30 km,Run,"",13268,28.68,187.0,476,,,,activities/11891191017.fit.gz,,,13268.0,13193.0,28681.1,4.164,2.174,1592.0,1590.0,117.6,446.4,49.3,0.0,,,120.0,75.0,187.0,162.0,,,1967.0,,26.0,476.0,,,,,,,,,,,0.0,,0.0,,1.0,37997.3,,,,,,,,,,,,,,,,,,,,,,,,,,0.0,2.162,16478.5,,,,32410.0,,,,,2.881,,,,,,,,,,,,""
11125480495,"Apr 7, 2024, 5:38:55 AM",Morning Trail Run,Run,,1069,2.07,143.0,3,,,,activities/11891178775.fit.gz,,,1069.0,877.0,2077.8,5.098,2.369,37.0,37.0,182.6,195.4,22.4,0.0,,,91.0,82.0,143.0,126.0,,,135.0,,22.0,3.0,,,,,,,,,,,,,0.0,,1.0,2189.6,,,,,,,,,,,,,,,,,,,,,,,,,,0.0,1.944,259.1,,,,2552.0,,,,,2.497,,,,,,,,,,,,""
11125478683,"Apr 5, 2024, 4:53:39 PM",Evening Run,Run,,2334,5.67,147.0,9,,,,activities/11891176822.fit.gz,,,2334.0,2203.0,5669.8,4.866,2.574,62.0,64.0,197.8,217.8,18.1,-0.1,,,103.0,83.0,147.0,125.0,,,335.0,,23.0,9.0,,,,,,,,,,,,,0.0,,1.0,5792.6,,,,,,,,,,,,,,,,,,,,,,,,,,0.0,2.429,5029.7,,,,6164.0,,,,,2.629,,,,,,,,,,,,""
11105586646,"Apr 3, 2024, 5:14:38 PM",Evening Weight Training,Weight Training,,1160,0,119.0,2,,,,activities/11870693771.fit.gz,,,1160.0,1160.0,0.0,0.0,0.0,0.0,0.0,0.0,0.0,0.0,0.0,,,,,119.0,89.0,,,63.0,,27.0,2.0,,,,,,,,,,,,,0.0,,1.0,,,,,,,,,,,,,,,,,,,,,,,,,,,0.0,0.0,0.0,,,,,,,,,,,,,,,,,,,,,""
11105586234,"Apr 3, 2024, 3:34:01 PM",Evening Trail Run,Run,,4221,9.00,165.0,37,,,,activities/11870693271.fit.gz,,,4221.0,3814.0,9000.3,4.994,2.36,324.0,324.0,207.2,435.0,36.1,0.0,,,94.0,79.0,165.0,135.0,,,557.0,,23.0,37.0,,,,,,,,,,,,,0.0,,1.0,10451.5,,,,,,,,,,,,,,,,,,,,,,,,,,0.0,2.132,6306.8,,,,10188.0,,,,,2.74,,,,,,,,,,,,""
11092129826,"Apr 2, 2024, 4:53:41 PM",Evening Run,Run,,1875,5.00,138.0,7,,,,activities/11856802314.fit.gz,,,1875.0,1872.0,5002.9,3.599,2.672,57.0,60.0,132.0,140.6,7.8,0.0,,,87.0,84.0,,127.0,,,274.0,,27.0,7.0,,,,,,,,,,,,,0.0,,1.0,5112.1,,,,,,,,,,,,,,,,,,,,,,,,,,0.0,2.668,0.0,,,,5254.0,,,,,,,,,,,,,,,,,""
11083099080,"Apr 1, 2024, 10:43:11 AM",Afternoon Trail Run,Run,"",3885,10.01,173.0,64,,,,activities/11847261363.fit.gz,,,3885.0,3690.0,10012.6,4.328,2.713,250.0,247.0,209.2,447.4,20.5,0.0,,,120.0,84.0,,145.0,,,589.0,,29.0,64.0,,,,,,,,,,,0.0,,0.0,,1.0,10704.6,,,,,,,,,,,,,,,,,,,,,,,,,,0.0,2.577,9047.5,,,,10348.0,,,,,,,,,,,,,,,,,""
11076911828,"Mar 31, 2024, 1:12:54 PM",Afternoon Stand Up Paddling,Stand Up Paddling,,2410,2.21,112.0,5,,,,activities/11840553165.fit.gz,,,2410.0,2237.0,2210.8,1.672,0.988,5.5,2.0,8.3,20.1,46.4,0.3,,,87.0,26.0,,94.0,,,137.0,,31.0,5.0,,,,,,,,,,,,,0.0,,1.0,,,,,,,,,,,,,,,,,,,,,,,,,,,0.0,0.917,0.0,,,,,,,,,,,,,,,,,,,,,""
11076910633,"Mar 31, 2024, 10:00:12 AM",Afternoon Trail Run,Run,,8761,13.83,161.0,53,,,,activities/11840551851.fit.gz,,,8761.0,7229.0,13833.5,3.527,1.914,397.0,395.0,7.0,67.2,44.1,0.0,,,122.0,76.0,,133.0,,,905.0,,28.0,53.0,,,,,,,,,,,,,0.0,,1.0,15892.1,,,,,,,,,,,,,,,,,,,,,,,,,,0.0,1.579,4746.8,,,,17666.0,,,,,,,,,,,,,,,,,""
11069680047,"Mar 30, 2024, 9:10:47 AM",Lunch Trail Run,Run,,5545,8.89,175.0,94,,,,activities/11832519258.fit.gz,,,5545.0,5409.0,8894.7,3.798,1.644,664.0,658.0,211.4,452.2,48.2,0.1,,,121.0,65.0,,145.0,,,731.0,,29.0,94.0,,,,,,,,,,,,,0.0,,1.0,13137.7,,,,,,,,,,,,,,,,,,,,,,,,,,0.0,1.604,2316.0,,,,11592.0,,,,,,,,,,,,,,,,,""
11062926483,"Mar 29, 2024, 2:43:27 PM",Afternoon Run,Run,"",4167,12.62,177.0,97,,,,activities/11825224566.fit.gz,,,4167.0,3929.0,12628.6,4.787,3.214,16.0,13.0,253.8,259.8,9.9,0.0,,,95.0,87.0,,153.0,,,725.0,,25.0,97.0,,,,,,,,,,,0.0,,0.0,,1.0,12655.3,,,,,,,,,,,,,,,,,,,,,,,,,,0.0,3.031,12577.5,,,,11476.0,,,,,,,,,,,,,,,,,""
11055507970,"Mar 28, 2024, 10:49:32 AM",Lunch Run,Run,,3759,9.32,169.0,39,,,,activities/11817561041.fit.gz,,,3759.0,3288.0,9321.8,5.193,2.835,75.0,80.0,193.8,217.4,19.2,-0.1,,,118.0,84.0,,139.0,,,549.0,,26.0,39.0,,,,,,,,,,,,,0.0,,1.0,9479.3,,,,,,,,,,,,,,,,,,,,,,,,,,0.0,2.48,9321.8,,,,9190.0,,,,,,,,,,,,,,,,,""
11049691247,"Mar 27, 2024, 2:38:43 PM",Afternoon Trail Run,Run,"",7772,17.24,189.0,204,,,,activities/11811491045.fit.gz,,,7772.0,7233.0,17247.4,4.312,2.385,629.0,634.0,213.2,454.8,39.3,0.0,,,123.0,78.0,,155.0,,,1125.0,,23.0,204.0,,,,,,,,,,,0.0,,0.0,,1.0,20359.0,,,,,,,,,,,,,,,,,,,,,,,,,,0.0,2.219,12740.9,,,,18534.0,,,,,,,,,,,,,,,,,""
11034254919,"Mar 25, 2024, 10:59:54 AM",Lunch Run,Run,"",4662,9.13,184.0,111,,,,activities/11795168002.fit.gz,,,4662.0,3921.0,9137.6,3.833,2.33,427.0,430.0,117.2,473.4,48.7,0.0,,,91.0,81.0,,154.0,,,628.0,,24.0,111.0,,,,,,,,,,,0.0,,0.0,,1.0,11072.9,,,,,,,,,,,,,,,,,,,,,,,,,,0.0,1.96,684.3,,,,10356.0,,,,,,,,,,,,,,,,,""
11030764687,"Mar 24, 2024, 7:44:20 AM",Morning Trail Run,Run,"",16221,25.30,174.0,194,,"",,activities/11791552836.fit.gz,,,16221.0,13622.0,25304.9,4.966,1.858,1613.0,1605.0,853.6,1978.4,48.6,0.0,,,120.0,72.0,,142.0,,,1768.0,,14.0,194.0,,,,,,,,,,,,,0.0,,1.0,34687.6,,,,,,,,,,,,,,,,,,,,,,,,,,0.0,1.56,15013.1,,,,32648.0,,,,,,,,,,,,,,,,,""
11020735096,"Mar 23, 2024, 10:26:48 AM",Lunch Trail Run,Run,,4428,10.55,178.0,70,,,,activities/11781188841.fit.gz,,,4428.0,4366.0,10556.1,3.855,2.418,330.0,334.0,213.0,432.2,49.7,0.0,,,113.0,79.0,,143.0,,,655.0,,23.0,70.0,,,,,,,,,,,,,0.0,,1.0,11905.7,,,,,,,,,,,,,,,,,,,,,,,,,,0.0,2.384,8705.5,,,,11414.0,,,,,,,,,,,,,,,,,""
11013049661,"Mar 22, 2024, 6:35:14 AM",Morning Run,Run,,4076,11.74,186.0,137,,,,activities/11773262868.fit.gz,,,4076.0,3920.0,11743.3,4.392,2.996,76.0,78.0,213.0,231.2,31.9,0.0,,,92.0,86.0,,160.0,,,699.0,,18.0,137.0,,,,,,,,,,,,,0.0,,1.0,11873.8,,,,,,,,,,,,,,,,,,,,,,,,,,0.0,2.881,10876.0,,,,11306.0,,,,,,,,,,,,,,,,,""
11002871133,"Mar 20, 2024, 5:51:55 PM",Evening Run,Run,,4306,11.72,179.0,99,,,,activities/11762809707.fit.gz,,,4306.0,4101.0,11723.4,5.0,2.859,208.0,201.0,197.0,215.8,39.4,0.1,,,96.0,87.0,,152.0,,,718.0,,15.0,99.0,,,,,,,,,,,,,0.0,,1.0,12182.3,,,,,,,,,,,,,,,,,,,,,,,,,,0.0,2.723,11056.4,,,,11906.0,,,,,,,,,,,,,,,,,""
10990990657,"Mar 19, 2024, 6:34:57 AM",Morning Run,Run,,3804,9.56,154.0,29,,,,activities/11750562641.fit.gz,,,3804.0,3702.0,9565.4,3.967,2.584,113.0,108.0,201.6,226.2,28.3,0.0,,,91.0,86.0,,137.0,,,572.0,,20.0,29.0,,,,,,,,,,,,,0.0,,1.0,9812.9,,,,,,,,,,,,,,,,,,,,,,,,,,0.0,2.515,9032.5,,,,10678.0,,,,,,,,,,,,,,,,,""
10986186800,"Mar 18, 2024, 9:42:21 AM",Lunch Trail Run,Run,"",11439,15.48,177.0,113,,,,activities/11745552645.fit.gz,,,11439.0,11438.0,15480.2,3.925,1.353,1116.0,1093.0,261.4,1165.2,49.9,0.1,,,123.0,70.0,,139.0,,,1168.0,,20.0,113.0,,,,,,,,,,,0.0,,0.0,,1.0,22742.8,,,,,,,,,,,,,,,,,,,,,,,,,,0.0,1.353,8979.1,,,,20854.0,,,,,,,,,,,,,,,,,""
10981325579,"Mar 17, 2024, 3:26:28 PM",Afternoon Trail Run,Run,"",7882,15.45,179.0,156,,,,activities/11740423243.fit.gz,,,7882.0,7512.0,15455.1,4.204,2.057,655.0,648.0,116.4,378.8,49.4,0.1,,,123.0,76.0,,149.0,,,1092.0,,19.0,156.0,,,,,,,,,,,0.0,,0.0,,1.0,19253.0,,,,,,,,,,,,,,,,,,,,,,,,,,0.0,1.961,6252.7,,,,18668.0,,,,,,,,,,,,,,,,,""
10970218058,"Mar 16, 2024, 7:07:00 AM",Morning Trail Run,Run,,6751,11.62,182.0,149,,,,activities/11728594912.fit.gz,,,6751.0,6671.0,11625.5,4.06,1.743,813.0,805.0,204.8,451.0,49.4,0.1,,,116.0,69.0,,151.0,,,956.0,,23.0,149.0,,,,,,,,,,,,,0.0,,1.0,16825.8,,,,,,,,,,,,,,,,,,,,,,,,,,0.0,1.722,3715.9,,,,14814.0,,,,,,,,,,,,,,,,,""
10957792949,"Mar 14, 2024, 11:47:25 AM",Afternoon Trail Run,Run,,3552,8.04,175.0,58,,,,activities/11715752626.fit.gz,,,3552.0,3501.0,8043.2,4.202,2.297,385.0,377.0,208.0,329.6,45.9,0.1,,,120.0,75.0,,144.0,,,504.0,,23.0,58.0,,,,,,,,,,,,,0.0,,1.0,10014.3,,,,,,,,,,,,,,,,,,,,,,,,,,0.0,2.264,5248.9,,,,8660.0,,,,,,,,,,,,,,,,,""
10951640828,"Mar 13, 2024, 2:18:30 PM",Afternoon Trail Run,Run,"",8399,18.00,172.0,185,,"",,activities/11709400502.fit.gz,,,8399.0,8255.0,18007.4,3.648,2.181,708.0,712.0,183.4,450.6,40.7,0.0,,,121.0,78.0,,151.0,,,1176.0,,20.0,185.0,,,,,,,,,,,,,0.0,,1.0,21326.1,,,,,,,,,,,,,,,,,,,,,,,,,,0.0,2.144,9842.9,,,,21160.0,,,,,,,,,,,,,,,,,""
10943079857,"Mar 12, 2024, 11:52:36 AM",Afternoon Trail Run,Run,,3991,9.26,165.0,37,,,,activities/11700560969.fit.gz,,,3991.0,3599.0,9262.4,4.906,2.574,308.0,318.0,214.0,452.8,47.4,-0.1,,,123.0,83.0,,137.0,,,570.0,,20.0,37.0,,,,,,,,,,,,,0.0,,1.0,10563.6,,,,,,,,,,,,,,,,,,,,,,,,,,0.0,2.321,8074.1,,,,9698.0,,,,,,,,,,,,,,,,,""
10938474898,"Mar 11, 2024, 11:48:05 AM",Afternoon Run,Run,"",2910,8.05,154.0,38,,,,activities/11695802548.fit.gz,,,2910.0,2826.0,8051.4,4.364,2.849,87.0,87.0,194.8,217.8,22.1,0.0,,,124.0,86.0,,140.0,,,458.0,,22.0,38.0,,,,,,,,,,,0.0,,0.0,,1.0,8262.0,,,,,,,,,,,,,,,,,,,,,,,,,,0.0,2.767,8034.2,,,,8062.0,,,,,,,,,,,,,,,,,""
10929610070,"Mar 10, 2024, 8:12:34 AM",Morning Trail Run,Run,,14007,14.80,148.0,35,,,,activities/11686559721.fit.gz,,,14007.0,9696.0,14802.0,4.112,1.527,920.0,932.0,625.8,1356.8,49.7,0.0,,,124.0,63.0,,117.0,,,1123.0,,22.0,35.0,,,,,,,,,,,,,0.0,,1.0,20416.4,,,,,,,,,,,,,,,,,,,,,,,,,,0.0,1.057,9525.9,,,,20598.0,,,,,,,,,,,,,,,,,""
10921326037,"Mar 9, 2024, 7:11:32 AM",Morning Trail Run,Run,"",9490,15.00,169.0,150,,,,activities/11677886570.fit.gz,,,9490.0,9064.0,15008.1,4.748,1.656,1201.0,1192.0,484.8,1160.8,50.0,0.1,,,120.0,68.0,,145.0,,,1169.0,,17.0,150.0,,,,,,,,,,,0.0,,0.0,,1.0,23085.7,,,,,,,,,,,,,,,,,,,,,,,,,,0.0,1.581,14810.9,,,,19162.0,,,,,,,,,,,,,,,,,""
10916540350,"Mar 8, 2024, 9:53:19 AM",Lunch Run,Run,"",4193,12.29,177.0,107,,,,activities/11672910607.fit.gz,,,4193.0,3991.0,12294.9,4.606,3.081,30.0,30.0,252.2,257.6,7.7,0.0,,,120.0,87.0,,154.0,,,722.0,,21.0,107.0,,,,,,,,,,,0.0,,0.0,,1.0,12343.2,,,,,,,,,,,,,,,,,,,,,,,,,,0.0,2.932,12218.5,,,,11384.0,,,,,,,,,,,,,,,,,""
10902343912,"Mar 6, 2024, 10:55:35 AM",Ελεύθερο βουνό πάνω κάτω,Run,"",7113,16.01,173.0,139,,,,activities/11658103719.fit.gz,,,7113.0,6806.0,16016.2,3.931,2.353,632.0,632.0,206.2,452.6,49.1,0.0,,,122.0,76.0,,148.0,,,1015.0,,22.0,139.0,,,,,,,,,,,0.0,,0.0,,1.0,19341.7,,,,,,,,,,,,,,,,,,,,,,,,,,0.0,2.252,11875.0,,,,17102.0,,,,,,,,,,,,,,,,,""
10895853185,"Mar 5, 2024, 10:52:22 AM",1 ώρα ελεύθερο τέμπο,Run,"",3769,12.09,166.0,92,,,,activities/11650916757.fit.gz,,,3769.0,3740.0,12098.3,5.176,3.235,76.0,84.0,192.6,215.8,17.0,-0.1,,,92.0,87.0,,152.0,,,670.0,,21.0,92.0,,,,,,,,,,,0.0,,0.0,,1.0,12188.9,,,,,,,,,,,,,,,,,,,,,,,,,,0.0,3.21,12098.3,,,,10870.0,,,,,,,,,,,,,,,,,""
10882959269,"Mar 3, 2024, 10:11:14 AM",Pantelikon pista,Run,"",13876,20.86,180.0,205,,,,activities/11632150318.fit.gz,,,13876.0,12158.0,20859.1,3.714,1.716,1340.0,1342.0,102.6,782.6,49.8,0.0,,,122.0,69.0,,145.0,,,1636.0,,24.0,205.0,,,,,,,,,,,0.0,,0.0,,1.0,29920.7,,,,,,,,,,,,,,,,,,,,,,,,,,0.0,1.503,13871.4,,,,27006.0,,,,,,,,,,,,,,,,,""
10874812831,"Mar 2, 2024, 12:59:09 PM",Afternoon Trail Run,Run,"",6617,12.35,179.0,149,,,,activities/11623579326.fit.gz,,,6617.0,6599.0,12350.5,4.998,1.872,852.0,861.0,210.0,453.0,47.2,-0.1,,,114.0,67.0,,151.0,,,943.0,,23.0,149.0,,,,,,,,,,,0.0,,0.0,,1.0,17720.6,,,,,,,,,,,,,,,,,,,,,,,,,,0.0,1.866,2695.8,,,,14346.0,,,,,,,,,,,,,,,,,""
10874808122,"Mar 2, 2024, 9:21:05 AM",Lunch Run,Run,"",1137,2.91,166.0,18,,,,activities/11623574417.fit.gz,,,1137.0,1137.0,2915.4,3.314,2.564,8.0,8.0,174.4,178.8,2.7,0.0,,,89.0,83.0,,144.0,,,176.0,,23.0,18.0,,,,,,,,,,,0.0,,0.0,,1.0,2918.8,,,,,,,,,,,,,,,,,,,,,,,,,,0.0,2.564,314.6,,,,3134.0,,,,,,,,,,,,,,,,,""
10874807181,"Mar 1, 2024, 4:46:57 PM",Gym 6 home,Weight Training,"",3681,0,132.0,10,,,,activities/11623573472.fit.gz,,,3681.0,3681.0,0.0,0.0,0.0,0.0,0.0,0.0,0.0,0.0,0.0,,,,,,104.0,,,267.0,,24.0,10.0,,,,,,,,,,,0.0,,0.0,,1.0,,,,,,,,,,,,,,,,,,,,,,,,,,,0.0,0.0,0.0,,,,,,,,,,,,,,,,,,,,,""
10874806381,"Mar 1, 2024, 6:59:40 AM",Morning Trail Run,Run,,2050,4.69,176.0,48,,,,activities/11623572548.fit.gz,,,2050.0,2044.0,4695.5,3.879,2.297,182.0,179.0,206.4,365.0,49.0,0.1,,,89.0,75.0,,152.0,,,306.0,,20.0,48.0,,,,,,,,,,,,,0.0,,1.0,5556.6,,,,,,,,,,,,,,,,,,,,,,,,,,0.0,2.291,3065.1,,,,4950.0,,,,,,,,,,,,,,,,,""
10862392410,"Feb 29, 2024, 4:03:00 PM",Evening Run,Run,"",3883,12.17,167.0,102,,,,activities/11610787780.fit.gz,,,3883.0,3875.0,12171.9,4.318,3.141,43.0,46.0,251.6,258.8,9.6,0.0,,,91.0,88.0,,154.0,,,692.0,,20.0,102.0,,,,,,,,,,,0.0,,0.0,,1.0,12240.7,,,,,,,,,,,,,,,,,,,,,,,,,,0.0,3.135,12123.1,,,,11272.0,,,,,,,,,,,,,,,,,""
10853014031,"Feb 28, 2024, 6:46:39 AM",Morning Trail Run,Run,"",7026,14.26,178.0,161,,,,activities/11601128626.fit.gz,,,7026.0,6838.0,14266.0,4.907,2.086,748.0,752.0,178.6,453.8,50.0,0.0,,,121.0,72.0,,151.0,,,1011.0,,22.0,161.0,,,,,,,,,,,0.0,,0.0,,1.0,18702.7,,,,,,,,,,,,,,,,,,,,,,,,,,0.0,2.03,8088.7,,,,15710.0,,,,,,,,,,,,,,,,,""
10846036613,"Feb 27, 2024, 7:00:11 AM",Morning Run,Run,,2891,8.12,169.0,75,,,,activities/11593960749.fit.gz,,,2891.0,2830.0,8126.9,3.945,2.872,58.0,56.0,208.6,217.2,24.8,0.0,,,122.0,87.0,,154.0,,,489.0,,20.0,75.0,,,,,,,,,,,,,0.0,,1.0,8229.0,,,,,,,,,,,,,,,,,,,,,,,,,,0.0,2.811,7531.7,,,,8188.0,,,,,,,,,,,,,,,,,""
10846035380,"Feb 26, 2024, 7:11:45 AM",Gym 5,Weight Training,"",2484,0,147.0,9,,,,activities/11593959495.fit.gz,,,2484.0,2484.0,0.0,0.0,0.0,0.0,0.0,0.0,0.0,0.0,0.0,,,,,,118.0,,,247.0,,25.0,9.0,,,,,,,,,,,0.0,,0.0,,1.0,,,,,,,,,,,,,,,,,,,,,,,,,,,0.0,0.0,0.0,,,,,,,,,,,,,,,,,,,,,""
10846034769,"Feb 26, 2024, 7:00:52 AM",Morning Run,Run,,638,1.20,151.0,3,,,,activities/11593958876.fit.gz,,,638.0,638.0,1201.4,3.808,1.883,0.0,0.0,0.0,0.0,0.0,0.0,,,85.0,72.0,,118.0,,,69.0,,24.0,3.0,,,,,,,,,,,,,0.0,,1.0,1201.4,,,,,,,,,,,,,,,,,,,,,,,,,,0.0,1.883,0.0,,,,1238.0,,,,,,,,,,,,,,,,,""
10834165800,"Feb 25, 2024, 11:19:25 AM",Afternoon Trail Run,Run,"",7688,16.82,190.0,224,,,,activities/11581707781.fit.gz,,,7688.0,7080.0,16826.1,5.127,2.377,809.0,815.0,270.2,997.6,49.2,0.0,,,123.0,76.0,,158.0,,,1198.0,,22.0,224.0,,,,,,,,,,,0.0,,0.0,,1.0,20737.9,,,,,,,,,,,,,,,,,,,,,,,,,,0.0,2.189,4150.6,,,,16216.0,,,,,,,,,,,,,,,,,""
10826442069,"Feb 24, 2024, 9:57:33 AM",Lunch Trail Run,Run,"",8866,14.41,177.0,149,,,,activities/11573631976.fit.gz,,,8866.0,8352.0,14416.3,4.22,1.726,1000.0,996.0,497.2,1347.4,49.9,0.0,,,124.0,71.0,,146.0,,,1109.0,,21.0,149.0,,,,,,,,,,,0.0,,0.0,,1.0,20821.4,,,,,,,,,,,,,,,,,,,,,,,,,,0.0,1.626,13928.8,,,,18818.0,,,,,,,,,,,,,,,,,""
10822596720,"Feb 23, 2024, 2:25:17 PM",Afternoon Run,Run,"",3680,9.68,168.0,76,,,,activities/11569663543.fit.gz,,,3680.0,3378.0,9685.6,4.694,2.867,124.0,132.0,200.8,219.8,16.5,-0.1,,,92.0,86.0,,151.0,,,584.0,,22.0,76.0,,,,,,,,,,,0.0,,0.0,,1.0,9922.5,,,,,,,,,,,,,,,,,,,,,,,,,,0.0,2.632,9052.5,,,,9984.0,,,,,,,,,,,,,,,,,""
10814345795,"Feb 22, 2024, 12:16:32 PM",Gym 4,Weight Training,"",2084,0,152.0,8,,,,activities/11561174711.fit.gz,,,2084.0,2084.0,0.0,0.0,0.0,0.0,0.0,0.0,0.0,0.0,0.0,,,,,,119.0,,,215.0,,26.0,8.0,,,,,,,,,,,0.0,,0.0,,1.0,,,,,,,,,,,,,,,,,,,,,,,,,,,0.0,0.0,0.0,,,,,,,,,,,,,,,,,,,,,""
10814345356,"Feb 22, 2024, 11:36:33 AM",Afternoon Run,Run,"",2006,5.61,159.0,33,,,,activities/11561174231.fit.gz,,,2006.0,1952.0,5615.4,4.967,2.877,74.0,78.0,197.8,215.0,15.6,-0.1,,,92.0,87.0,,144.0,,,339.0,,20.0,33.0,,,,,,,,,,,0.0,,0.0,,1.0,5753.8,,,,,,,,,,,,,,,,,,,,,,,,,,0.0,2.799,5615.4,,,,5690.0,,,,,,,,,,,,,,,,,""
10814344511,"Feb 21, 2024, 7:20:49 PM",Night Weight Training,Weight Training,,1524,0,130.0,3,,,,activities/11561173382.fit.gz,,,1524.0,1524.0,0.0,0.0,0.0,0.0,0.0,0.0,0.0,0.0,0.0,,,,,,94.0,,,97.0,,24.0,3.0,,,,,,,,,,,,,0.0,,1.0,,,,,,,,,,,,,,,,,,,,,,,,,,,0.0,0.0,0.0,,,,,,,,,,,,,,,,,,,,,""
10807522997,"Feb 21, 2024, 11:48:04 AM",Afternoon Trail Run,Run,,4072,8.12,166.0,67,,,,activities/11554177412.fit.gz,,,4072.0,3837.0,8125.0,4.672,2.118,507.0,497.0,200.6,454.2,49.7,0.1,,,116.0,69.0,,146.0,,,563.0,,21.0,67.0,,,,,,,,,,,,,0.0,,1.0,11101.9,,,,,,,,,,,,,,,,,,,,,,,,,,0.0,1.995,4556.2,,,,8580.0,,,,,,,,,,,,,,,,,""
10801357429,"Feb 20, 2024, 11:44:55 AM",Afternoon Trail Run,Run,,4320,8.51,187.0,101,,,,activities/11547848790.fit.gz,,,4320.0,4164.0,8509.7,4.465,2.044,457.0,459.0,211.0,454.2,48.1,0.0,,,114.0,73.0,,152.0,,,639.0,,21.0,101.0,,,,,,,,,,,,,0.0,,1.0,11318.0,,,,,,,,,,,,,,,,,,,,,,,,,,0.0,1.97,3911.6,,,,9872.0,,,,,,,,,,,,,,,,,""
10801354673,"Feb 19, 2024, 11:48:33 AM",Afternoon Run,Run,"",2634,8.17,172.0,56,,,,activities/11547845979.fit.gz,,,2634.0,2634.0,8172.1,4.716,3.103,42.0,46.0,208.6,217.0,10.6,0.0,,,89.0,86.0,,148.0,,,462.0,,19.0,56.0,,,,,,,,,,,0.0,,0.0,,1.0,8218.0,,,,,,,,,,,,,,,,,,,,,,,,,,0.0,3.103,8173.6,,,,7490.0,,,,,,,,,,,,,,,,,""
10788092345,"Feb 18, 2024, 1:04:10 PM",Afternoon Stand Up Paddling,Stand Up Paddling,"",3434,3.02,123.0,7,,,,activities/11534164362.fit.gz,,,3434.0,2698.0,3020.5,2.074,1.12,13.2,14.0,-1.2,7.2,23.3,0.0,,,185.0,28.0,,107.0,,,249.0,,26.0,7.0,,,,,,,,,,,0.0,,0.0,,1.0,,,,,,,,,,,,,,,,,,,,,,,,,,,0.0,0.88,0.0,,,,,,,,,,,,,,,,,,,,,""
10788090674,"Feb 18, 2024, 9:39:46 AM",Dendrospito,Run,"",8653,11.31,162.0,50,,"",,activities/11534162618.fit.gz,,,8653.0,5903.0,11316.2,3.954,1.917,701.0,697.0,549.6,1046.0,48.6,0.0,,,123.0,71.0,,133.0,,,847.0,,18.0,50.0,,,,,,,,,,,0.0,,0.0,,1.0,15380.3,,,,,,,,,,,,,,,,,,,,,,,,,,0.0,1.308,3939.0,,,,13946.0,,,,,,,,,,,,,,,,,""
10788085243,"Feb 17, 2024, 1:45:34 PM",Gym 3,Weight Training,"",1865,0,155.0,9,,,,activities/11534157217.fit.gz,,,1865.0,1865.0,0.0,0.0,0.0,0.0,0.0,0.0,0.0,0.0,0.0,,,,,,128.0,,,230.0,,24.0,9.0,,,,,,,,,,,0.0,,0.0,,1.0,,,,,,,,,,,,,,,,,,,,,,,,,,,0.0,0.0,0.0,,,,,,,,,,,,,,,,,,,,,""
10788084710,"Feb 17, 2024, 1:11:00 PM",Afternoon Run,Run,,644,1.71,149.0,3,,,,activities/11534156525.fit.gz,,,644.0,644.0,1713.1,3.896,2.66,0.0,0.0,0.0,0.0,0.0,0.0,,,90.0,78.0,,121.0,,,77.0,,24.0,3.0,,,,,,,,,,,,,0.0,,1.0,1713.1,,,,,,,,,,,,,,,,,,,,,,,,,,0.0,2.66,0.0,,,,1640.0,,,,,,,,,,,,,,,,,""
10788084100,"Feb 17, 2024, 12:41:25 PM",Afternoon Ride,Ride,,550,0,112.0,1,,,,activities/11534155864.fit.gz,,,550.0,550.0,0.0,0.0,0.0,0.0,0.0,0.0,0.0,0.0,0.0,,,,,,99.0,,,40.0,,23.0,1.0,,,,,,,,,,,,,0.0,,1.0,,,,,,,,,,,,,,,,,,,,,,,,,,,0.0,0.0,0.0,,,,,,,,,,,,,,,,,,,,,""
10788083676,"Feb 14, 2024, 1:52:36 PM",Gym 2,Weight Training,"",2254,0,129.0,5,,,,activities/11534155357.fit.gz,,,2254.0,2254.0,0.0,0.0,0.0,0.0,0.0,0.0,0.0,0.0,0.0,,,,,,102.0,,,163.0,,25.0,5.0,,,,,,,,,,,0.0,,0.0,,1.0,,,,,,,,,,,,,,,,,,,,,,,,,,,0.0,0.0,0.0,,,,,,,,,,,,,,,,,,,,,""
10760156100,"Feb 14, 2024, 6:34:39 AM",Morning Run,Run,,3320,7.85,172.0,75,,,,activities/11505321494.fit.gz,,,3320.0,3230.0,7855.1,3.819,2.432,122.0,125.0,187.8,226.2,41.1,-0.1,,,123.0,83.0,,151.0,,,478.0,,19.0,75.0,,,,,,,,,,,,,0.0,,1.0,8209.2,,,,,,,,,,,,,,,,,,,,,,,,,,0.0,2.366,6935.0,,,,8784.0,,,,,,,,,,,,,,,,,""
10760154516,"Feb 13, 2024, 5:48:21 PM",Evening Run,Run,,3090,8.50,178.0,105,,,,activities/11505319855.fit.gz,,,3090.0,3073.0,8507.6,4.386,2.769,163.0,161.0,197.0,215.0,17.1,0.0,,,89.0,85.0,,160.0,,,513.0,,16.0,105.0,,,,,,,,,,,,,0.0,,1.0,8873.9,,,,,,,,,,,,,,,,,,,,,,,,,,0.0,2.753,8507.6,,,,8708.0,,,,,,,,,,,,,,,,,""
10739008277,"Feb 11, 2024, 7:36:52 AM",Morning Trail Run,Run,,7954,18.85,187.0,216,,,,activities/11483533864.fit.gz,,,7954.0,7859.0,18854.0,3.708,2.399,477.0,460.0,224.6,371.8,28.6,0.1,,,91.0,84.0,,154.0,,,1230.0,,18.0,216.0,,,,,,,,,,,,,0.0,,1.0,20128.9,,,,,,,,,,,,,,,,,,,,,,,,,,0.0,2.37,14112.5,,,,22136.0,,,,,,,,,,,,,,,,,""
10735740797,"Feb 10, 2024, 10:41:06 AM",Lunch Trail Run,Run,,5213,5.66,158.0,42,,,,activities/11480140660.fit.gz,,,5213.0,4604.0,5666.5,3.006,1.231,705.0,699.0,497.6,1049.8,49.9,0.1,,,113.0,61.0,,133.0,,,596.0,,21.0,42.0,,,,,,,,,,,,,0.0,,1.0,11154.0,,,,,,,,,,,,,,,,,,,,,,,,,,0.0,1.087,5666.5,,,,9704.0,,,,,,,,,,,,,,,,,""
10727981803,"Feb 9, 2024, 1:55:15 PM",Afternoon Trail Run,Run,,3878,7.00,165.0,28,,,,activities/11472141054.fit.gz,,,3878.0,3747.0,7003.7,4.452,1.869,402.0,401.0,208.2,451.2,49.8,0.0,,,115.0,72.0,,132.0,,,501.0,,21.0,28.0,,,,,,,,,,,,,0.0,,1.0,9689.1,,,,,,,,,,,,,,,,,,,,,,,,,,0.0,1.806,3022.9,,,,8588.0,,,,,,,,,,,,,,,,,""
10727979907,"Feb 8, 2024, 5:51:32 PM",Evening Run,Run,,1377,3.37,143.0,5,,,,activities/11472139140.fit.gz,,,1377.0,1374.0,3371.6,4.243,2.454,38.0,42.0,200.4,220.2,14.7,-0.2,,,88.0,85.0,,119.0,,,186.0,,21.0,5.0,,,,,,,,,,,,,0.0,,1.0,3449.4,,,,,,,,,,,,,,,,,,,,,,,,,,0.0,2.448,2189.4,,,,3886.0,,,,,,,,,,,,,,,,,""
10727979250,"Feb 7, 2024, 10:48:05 AM",Gym 1,Weight Training,"",2059,0,135.0,4,,,,activities/11472138444.fit.gz,,,2059.0,2059.0,0.0,0.0,0.0,0.0,0.0,0.0,0.0,0.0,0.0,,,,,,94.0,,,124.0,,25.0,4.0,,,,,,,,,,,0.0,,0.0,,1.0,,,,,,,,,,,,,,,,,,,,,,,,,,,0.0,0.0,0.0,,,,,,,,,,,,,,,,,,,,,""
10727978606,"Feb 6, 2024, 3:33:27 PM",Afternoon Run,Run,,775,0.78,96.0,0,,,,activities/11472137823.fit.gz,,,775.0,592.0,780.8,1.933,1.319,23.0,21.0,210.4,224.2,43.2,0.5,,,79.0,52.0,,70.0,,,45.0,,26.0,0.0,,,,,,,,,,,,,0.0,,1.0,852.2,,,,,,,,,,,,,,,,,,,,,,,,,,0.0,1.008,0.0,,,,1248.0,,,,,,,,,,,,,,,,,""
10678798384,"Jan 31, 2024, 3:48:38 PM",Afternoon Run,Run,,313,0.36,102.0,0,,,,activities/11421302909.fit.gz,,,313.0,260.0,367.5,1.752,1.413,5.0,1.0,156.0,163.8,12.3,2.1,,,,0.0,,86.0,,,20.0,,17.0,0.0,,,,,,,,,,,,,0.0,,1.0,397.1,,,,,,,,,,,,,,,,,,,,,,,,,,0.0,1.174,0.0,,,,106.0,,,,,,,,,,,,,,,,,""
10678798263,"Jan 31, 2024, 2:37:30 PM",Afternoon Run,Run,,1086,0.60,80.0,0,,,,activities/11421302763.fit.gz,,,1086.0,351.0,601.1,1.989,1.712,1.0,4.0,153.8,159.0,23.2,-0.3,,,63.0,58.0,,66.0,,,38.0,,21.0,0.0,,,,,,,,,,,,,0.0,,1.0,610.8,,,,,,,,,,,,,,,,,,,,,,,,,,0.0,0.553,0.0,,,,550.0,,,,,,,,,,,,,,,,,""
10667433737,"Jan 31, 2024, 12:13:53 PM",Afternoon Trail Run,Run,"",2565,4.30,162.0,28,,,,activities/11409667660.fit.gz,,,2565.0,2514.0,4300.2,4.57,1.711,400.0,449.0,206.6,435.2,49.6,-1.0,,,113.0,67.0,,137.0,,,340.0,,19.0,28.0,,,,,,,,,,,0.0,,0.0,,1.0,7390.7,,,,,,,,,,,,,,,,,,,,,,,,,,0.0,1.676,1739.0,,,,5444.0,,,,,,,,,,,,,,,,,""
10667441284,"Jan 31, 2024, 11:43:16 AM",Afternoon Trail Run,Run,,1769,2.86,154.0,11,,,,activities/11409675600.fit.gz,,,1769.0,1364.0,2864.6,7.121,2.1,57.0,32.0,125.8,164.8,48.5,0.9,,,114.0,83.0,,132.0,,,238.0,,18.0,11.0,,,,,,,,,,,,,0.0,,1.0,3086.7,,,,,,,,,,,,,,,,,,,,,,,,,,0.0,1.619,24.9,,,,4424.0,,,,,,,,,,,,,,,,,""
10666511637,"Jan 30, 2024, 12:49:11 PM",Afternoon Weight Training,Weight Training,,575,0,152.0,4,,,,activities/11408720367.fit.gz,,,575.0,575.0,0.0,0.0,0.0,0.0,0.0,0.0,0.0,0.0,0.0,,,,,,133.0,,,81.0,,21.0,4.0,,,,,,,,,,,,,0.0,,1.0,,,,,,,,,,,,,,,,,,,,,,,,,,,0.0,0.0,0.0,,,,,,,,,,,,,,,,,,,,,""
10666511273,"Jan 30, 2024, 12:05:18 PM",Afternoon Ride,Ride,,2573,0,150.0,13,,,,activities/11408719967.fit.gz,,,2573.0,2573.0,0.0,0.0,0.0,0.0,0.0,0.0,0.0,0.0,0.0,,,,,,122.0,,,271.0,,23.0,13.0,,,,,,,,,,,,,0.0,,1.0,,,,,,,,,,,,,,,,,,,,,,,,,,,0.0,0.0,0.0,,,,,,,,,,,,,,,,,,,,,""
10649443333,"Jan 28, 2024, 1:57:12 PM",Afternoon Trail Run,Run,"",7894,15.51,190.0,197,,,,activities/11391182238.fit.gz,,,7894.0,7890.0,15514.5,4.15,1.966,1013.0,1018.0,206.8,453.2,49.5,0.0,,,120.0,74.0,,153.0,,,1131.0,,14.0,197.0,,,,,,,,,,,0.0,,0.0,,1.0,22075.9,,,,,,,,,,,,,,,,,,,,,,,,,,0.0,1.965,6731.7,,,,18692.0,,,,,,,,,,,,,,,,,""
10639113065,"Jan 27, 2024, 9:28:24 AM",Lunch Trail Run,Run,"",10416,22.38,185.0,268,,,,activities/11380285679.fit.gz,,,10416.0,9864.0,22383.5,4.696,2.269,1026.0,1020.0,493.2,1145.2,49.9,0.0,,,96.0,76.0,,154.0,,,1506.0,,18.0,268.0,,,,,,,,,,,0.0,,0.0,,1.0,27410.1,,,,,,,,,,,,,,,,,,,,,,,,,,0.0,2.149,19264.4,,,,23592.0,,,,,,,,,,,,,,,,,""
10626371510,"Jan 25, 2024, 10:58:10 AM",Lunch Trail Run,Run,"",3559,6.62,179.0,63,,,,activities/11367161636.fit.gz,,,3559.0,3552.0,6626.2,3.976,1.865,500.0,511.0,209.2,404.8,49.8,-0.1,,,96.0,69.0,,143.0,,,517.0,,20.0,63.0,,,,,,,,,,,0.0,,0.0,,1.0,10055.8,,,,,,,,,,,,,,,,,,,,,,,,,,0.0,1.862,3242.1,,,,7992.0,,,,,,,,,,,,,,,,,""
10626369578,"Jan 24, 2024, 6:44:29 PM",Evening Ride,Ride,,3616,0,152.0,20,,,,activities/11367159640.fit.gz,,,3616.0,3616.0,0.0,0.0,0.0,0.0,0.0,0.0,0.0,0.0,0.0,,,,,,121.0,,,382.0,,29.0,20.0,,,,,,,,,,,,,0.0,,1.0,,,,,,,,,,,,,,,,,,,,,,,,,,,0.0,0.0,0.0,,,,,,,,,,,,,,,,,,,,,""
10613130694,"Jan 23, 2024, 11:08:44 AM",Afternoon Trail Run,Run,"",3289,8.04,166.0,47,,,,activities/11353616312.fit.gz,,,3289.0,3105.0,8045.4,5.408,2.591,280.0,283.0,208.2,373.8,25.4,0.0,,,97.0,81.0,,142.0,,,497.0,,21.0,47.0,,,,,,,,,,,0.0,,0.0,,1.0,9090.3,,,,,,,,,,,,,,,,,,,,,,,,,,0.0,2.446,6664.9,,,,8512.0,,,,,,,,,,,,,,,,,""
10600949168,"Jan 21, 2024, 7:36:59 AM",Long Levados,Run,"",12811,24.72,178.0,215,,,,activities/11341091480.fit.gz,,,12811.0,12245.0,24719.4,5.462,2.019,1537.0,1564.0,165.6,890.1,49.8,-0.1,,,122.0,73.0,,146.0,,,1677.0,,10.0,215.0,,,,,,,,,,,0.0,,0.0,,1.0,34477.4,,,,,,,,,,,,,,,,,,,,,,,,,,0.0,1.93,6212.8,,,,28862.0,,,,,,,,,,,,,,,,,""
10593616584,"Jan 20, 2024, 10:17:20 AM",Lunch Trail Run,Run,,4997,6.27,152.0,15,,,,activities/11333504929.fit.gz,,,4997.0,4133.0,6277.7,3.388,1.519,620.0,613.0,494.2,1049.4,49.8,0.1,,,124.0,67.0,,118.0,,,482.0,,19.0,15.0,,,,,,,,,,,,,0.0,,1.0,10897.6,,,,,,,,,,,,,,,,,,,,,,,,,,0.0,1.256,6277.7,,,,9708.0,,,,,,,,,,,,,,,,,""
10589024801,"Jan 19, 2024, 2:43:17 PM",Afternoon Run,Run,"",3879,12.09,169.0,82,,,,activities/11328782674.fit.gz,,,3879.0,3779.0,12098.6,4.369,3.202,9.0,12.0,251.8,260.2,5.5,0.0,,,94.0,88.0,,151.0,,,699.0,,20.0,82.0,,,,,,,,,,,0.0,,0.0,,1.0,12114.4,,,,,,,,,,,,,,,,,,,,,,,,,,0.0,3.119,12098.6,,,,11144.0,,,,,,,,,,,,,,,,,""
10581548972,"Jan 18, 2024, 7:04:02 AM",Morning Run,Run,,2276,5.72,157.0,25,,,,activities/11321088940.fit.gz,,,2276.0,2273.0,5726.7,3.86,2.519,81.0,80.0,198.8,235.2,26.4,0.0,,,90.0,85.0,,139.0,,,341.0,,20.0,25.0,,,,,,,,,,,,,0.0,,1.0,5988.5,,,,,,,,,,,,,,,,,,,,,,,,,,0.0,2.516,4816.0,,,,6450.0,,,,,,,,,,,,,,,,,""
10576905698,"Jan 17, 2024, 2:12:55 PM",Afternoon Trail Run,Run,"",6644,17.60,157.0,69,,,,activities/11316244649.fit.gz,,,6644.0,6576.0,17599.8,4.217,2.676,363.2,363.0,206.0,370.9,28.2,0.0,,,92.0,86.0,,139.0,,,995.0,,21.0,69.0,,,,,,,,,,,0.0,,0.0,,1.0,18583.5,,,,,,,,,,,,,,,,,,,,,,,,,,0.0,2.649,16615.5,,,,18798.0,,,,,,,,,,,,,,,,,""
10568800136,"Jan 16, 2024, 6:29:36 AM",Morning Run,Run,"",3799,8.85,174.0,77,,,,activities/11307876042.fit.gz,,,3799.0,3400.0,8850.1,4.126,2.603,282.0,288.0,208.8,238.4,18.2,0.0,,,111.0,87.0,,150.0,,,573.0,,19.0,77.0,,,,,,,,,,,0.0,,0.0,,1.0,9698.5,,,,,,,,,,,,,,,,,,,,,,,,,,0.0,2.33,1672.1,,,,9892.0,,,,,,,,,,,,,,,,,""
10557760807,"Jan 14, 2024, 12:57:43 PM",Afternoon Trail Run,Run,"",7578,22.00,185.0,370,,,,activities/11296384476.fit.gz,,,7578.0,7551.0,22008.0,4.762,2.915,709.0,723.0,275.4,994.8,20.8,-0.1,,,91.0,88.0,,170.0,,,1354.0,,14.0,370.0,,,,,,,,,,,0.0,,0.0,,1.0,23745.6,,,,,,,,,,,,,,,,,,,,,,,,,,0.0,2.904,665.4,,,,22118.0,,,,,,,,,,,,,,,,,""
10549785985,"Jan 13, 2024, 10:22:13 AM",Lunch Trail Run,Run,"",9125,11.53,159.0,47,,,,activities/11288077880.fit.gz,,,9125.0,7803.0,11538.4,3.916,1.479,1204.0,1197.0,492.0,1085.0,50.0,0.1,,,120.0,70.0,,126.0,,,935.0,,9.0,47.0,,,,,,,,,,,0.0,,0.0,,1.0,20552.9,,,,,,,,,,,,,,,,,,,,,,,,,,0.0,1.264,11435.4,,,,18372.0,,,,,,,,,,,,,,,,,""
10537263888,"Jan 11, 2024, 12:05:41 PM",Afternoon Run,Run,,2720,9.01,,,,,,activities/11274725042.fit.gz,,,2720.0,2693.0,9010.2,4.814,3.346,47.0,43.0,206.0,213.6,8.7,0.0,,,95.0,88.0,,,,,534.0,,14.0,,,,,,,,,,,,,,0.0,,1.0,9071.4,,,,,,,,,,,,,,,,,,,,,,,,,,0.0,3.313,9010.2,,,,7874.0,,,,,,,,,,,,,,,,,""
10536729637,"Jan 11, 2024, 11:46:23 AM",Afternoon Run,Run,,811,2.06,,,,,,activities/11274162698.fit.gz,,,811.0,800.0,2064.8,3.601,2.581,10.0,13.0,213.2,220.2,12.5,-0.1,,,89.0,86.0,,,,,123.0,,21.0,,,,,,,,,,,,,,0.0,,1.0,2080.5,,,,,,,,,,,,,,,,,,,,,,,,,,0.0,2.546,2064.9,,,,2314.0,,,,,,,,,,,,,,,,,""
10536729043,"Jan 10, 2024, 6:25:14 PM",1st λίγα απ όλα πόδια,Weight Training,"",1816,0,134.0,6,,,,activities/11274162104.fit.gz,,,1816.0,1816.0,0.0,0.0,0.0,0.0,0.0,0.0,0.0,0.0,0.0,,,,,,114.0,,,170.0,,26.0,6.0,,,,,,,,,,,0.0,,0.0,,1.0,,,,,,,,,,,,,,,,,,,,,,,,,,,0.0,0.0,0.0,,,,,,,,,,,,,,,,,,,,,""
10536728610,"Jan 10, 2024, 6:00:04 PM",Evening Ride,Ride,,1238,0,140.0,4,,,,activities/11274161670.fit.gz,,,1238.0,1238.0,0.0,0.0,0.0,0.0,0.0,0.0,0.0,0.0,0.0,,,,,,118.0,,,134.0,,24.0,4.0,,,,,,,,,,,,,0.0,,1.0,,,,,,,,,,,,,,,,,,,,,,,,,,,0.0,0.0,0.0,,,,,,,,,,,,,,,,,,,,,""
10524083807,"Jan 9, 2024, 12:10:24 PM",Afternoon Trail Run,Run,"",2532,5.01,167.0,37,,,,activities/11261007629.fit.gz,,,2532.0,2353.0,5013.0,4.256,2.13,233.0,239.0,135.4,301.6,44.5,-0.1,,,93.0,74.0,,142.0,,,355.0,,21.0,37.0,,,,,,,,,,,0.0,,0.0,,1.0,6603.2,,,,,,,,,,,,,,,,,,,,,,,,,,0.0,1.98,764.1,,,,5774.0,,,,,,,,,,,,,,,,,""
10517795293,"Jan 8, 2024, 11:49:32 AM",Afternoon Trail Run,Run,"",6685,15.02,189.0,178,,,,activities/11254523115.fit.gz,,,6685.0,6526.0,15023.4,5.258,2.302,703.3,709.0,177.5,451.1,49.6,0.0,,,120.0,76.0,,155.0,,,1020.0,,20.0,178.0,,,,,,,,,,,0.0,,0.0,,1.0,18893.8,,,,,,,,,,,,,,,,,,,,,,,,,,0.0,2.247,7543.2,,,,15952.0,,,,,,,,,,,,,,,,,""
10517792410,"Jan 7, 2024, 11:00:01 AM",Afternoon Surfing,Surfing,,2586,1.73,126.0,5,,,,activities/11254519734.fit.gz,,,2586.0,2005.0,1733.1,7.041,0.864,70.9,63.5,-1.0,9.1,49.4,0.4,,,,,,105.0,,,192.0,,16.0,5.0,,,,,,,,,,,,,0.0,,1.0,,,,,,,,,,,,,,,,,,,,,,,,,,,0.0,0.67,0.0,,,,,,,,,,,,,,,,,,,,,""
10504309420,"Jan 6, 2024, 9:08:45 AM",Lunch Trail Run,Run,"",8564,12.43,168.0,109,,,,activities/11240328040.fit.gz,,,8564.0,7679.0,12433.8,3.976,1.619,1029.0,1018.0,489.2,1153.2,50.0,0.1,,,122.0,68.0,,142.0,,,1029.0,,17.0,109.0,,,,,,,,,,,0.0,,0.0,,1.0,19036.5,,,,,,,,,,,,,,,,,,,,,,,,,,0.0,1.452,12390.1,,,,17254.0,,,,,,,,,,,,,,,,,""
10498083251,"Jan 5, 2024, 10:04:21 AM",Lunch Run,Run,,5024,13.25,189.0,101,,,,activities/11233661771.fit.gz,,,5024.0,4513.0,13255.0,4.825,2.937,75.0,78.0,203.4,217.4,17.1,0.0,,,96.0,84.0,,151.0,,,788.0,,22.0,101.0,,,,,,,,,,,,,0.0,,1.0,13367.6,,,,,,,,,,,,,,,,,,,,,,,,,,0.0,2.638,12543.9,,,,12740.0,,,,,,,,,,,,,,,,,""
10492587062,"Jan 4, 2024, 12:33:29 PM",Afternoon Trail Run,Run,"",7588,13.59,185.0,131,,,,activities/11227915681.fit.gz,,,7588.0,7097.0,13596.8,3.864,1.916,910.0,908.0,160.0,453.6,48.1,0.0,,,117.0,73.0,,146.0,,,982.0,,23.0,131.0,,,,,,,,,,,0.0,,0.0,,1.0,19122.1,,,,,,,,,,,,,,,,,,,,,,,,,,0.0,1.792,3450.5,,,,17380.0,,,,,,,,,,,,,,,,,""
10486841048,"Jan 3, 2024, 3:32:11 PM",Afternoon Run,Run,"",3709,9.00,174.0,66,,,,activities/11221935392.fit.gz,,,3709.0,3388.0,9005.8,5.58,2.658,266.7,266.0,149.7,215.8,28.9,0.0,,,120.0,84.0,,148.0,,,540.0,,21.0,66.0,,,,,,,,,,,0.0,,0.0,,1.0,9789.0,,,,,,,,,,,,,,,,,,,,,,,,,,0.0,2.428,1905.0,,,,9552.0,,,,,,,,,,,,,,,,,""
10478346913,"Jan 2, 2024, 9:21:02 AM",Lunch Trail Run,Run,,4269,10.00,191.0,131,,,,activities/11213153644.fit.gz,,,4269.0,4114.0,10006.3,4.306,2.432,350.5,352.0,206.0,451.2,48.5,0.0,,,124.0,79.0,,158.0,,,678.0,,20.0,131.0,,,,,,,,,,,,,0.0,,1.0,11714.3,,,,,,,,,,,,,,,,,,,,,,,,,,0.0,2.344,6956.9,,,,10698.0,,,,,,,,,,,,,,,,,""
10467420061,"Dec 31, 2023, 9:04:36 AM",Lunch Trail Run,Run,"",9964,10.14,166.0,68,,,,activities/11201770583.fit.gz,,,9964.0,6803.0,10147.7,4.118,1.492,1020.0,1009.0,731.4,1739.8,49.7,0.1,,,124.0,63.0,,133.0,,,1009.0,,20.0,68.0,,,,,,,,,,,0.0,,0.0,,1.0,17511.8,,,,,,,,,,,,,,,,,,,,,,,,,,0.0,1.018,6888.4,,,,14910.0,,,,,,,,,,,,,,,,,""
10461490278,"Dec 30, 2023, 9:32:43 AM",Lunch Trail Run,Run,"",10437,18.22,183.0,161,,,,activities/11195603067.fit.gz,,,10437.0,9675.0,18228.7,4.898,1.884,1108.0,1110.0,232.4,762.4,49.8,0.0,,,116.0,72.0,,145.0,,,1267.0,,20.0,161.0,,,,,,,,,,,0.0,,0.0,,1.0,24678.5,,,,,,,,,,,,,,,,,,,,,,,,,,0.0,1.747,14438.0,,,,22452.0,,,,,,,,,,,,,,,,,""
10452254066,"Dec 28, 2023, 8:28:20 AM",Morning Trail Run,Run,,3441,6.80,164.0,36,,,,activities/11186028136.fit.gz,,,3441.0,3278.0,6805.4,3.822,2.076,302.0,303.0,198.2,359.4,49.6,0.0,,,123.0,77.0,,137.0,,,456.0,,22.0,36.0,,,,,,,,,,,,,0.0,,1.0,8009.9,,,,,,,,,,,,,,,,,,,,,,,,,,0.0,1.978,0.0,,,,8368.0,,,,,,,,,,,,,,,,,""
10445623041,"Dec 27, 2023, 3:24:46 PM","8. 10’ bands ,λίγες αλτικες ,χέρια",Weight Training,"",1481,0,144.0,5,,,,activities/11179156680.fit.gz,,,1481.0,1481.0,0.0,0.0,0.0,0.0,0.0,0.0,0.0,0.0,0.0,,,,,,112.0,,,141.0,,25.0,5.0,,,,,,,,,,,0.0,,0.0,,1.0,,,,,,,,,,,,,,,,,,,,,,,,,,,0.0,0.0,0.0,,,,,,,,,,,,,,,,,,,,,""
10445622544,"Dec 27, 2023, 2:12:11 PM",Afternoon Trail Run,Run,,3603,7.99,168.0,67,,,,activities/11179156129.fit.gz,,,3603.0,3465.0,7994.7,3.96,2.307,408.0,409.0,196.8,441.4,22.9,0.0,,,120.0,78.0,,148.0,,,540.0,,21.0,67.0,,,,,,,,,,,,,0.0,,1.0,9687.1,,,,,,,,,,,,,,,,,,,,,,,,,,0.0,2.219,0.0,,,,9070.0,,,,,,,,,,,,,,,,,""
10441047234,"Dec 26, 2023, 2:35:29 PM",7. Αλτικά και booty bands,Weight Training,"",2563,0,146.0,7,,,,activities/11174397716.fit.gz,,,2563.0,2563.0,0.0,0.0,0.0,0.0,0.0,0.0,0.0,0.0,0.0,,,,,,105.0,,,194.0,,25.0,7.0,,,,,,,,,,,0.0,,0.0,,1.0,,,,,,,,,,,,,,,,,,,,,,,,,,,0.0,0.0,0.0,,,,,,,,,,,,,,,,,,,,,""
10441046819,"Dec 26, 2023, 2:15:18 PM",Afternoon Trail Run,Run,,554,1.07,141.0,1,,,,activities/11174397310.fit.gz,,,554.0,517.0,1069.7,2.754,2.069,24.6,27.0,190.8,212.4,11.9,0.1,,,85.0,82.0,,119.0,,,64.0,,23.0,1.0,,,,,,,,,,,,,0.0,,1.0,1140.9,,,,,,,,,,,,,,,,,,,,,,,,,,0.0,1.931,0.0,,,,1436.0,,,,,,,,,,,,,,,,,""
10441046582,"Dec 26, 2023, 9:03:46 AM",Lunch Trail Run,Run,,5777,12.16,176.0,136,,,,activities/11174396960.fit.gz,,,5777.0,5673.0,12159.7,4.03,2.143,607.0,600.0,195.2,459.8,31.9,0.0,,,90.0,75.0,,152.0,,,839.0,,21.0,136.0,,,,,,,,,,,,,0.0,,1.0,14734.6,,,,,,,,,,,,,,,,,,,,,,,,,,0.0,2.105,0.0,,,,14216.0,,,,,,,,,,,,,,,,,""
10435119888,"Dec 25, 2023, 3:07:25 PM",Afternoon Trail Run,Run,,846,1.75,154.0,5,,,,activities/11168217825.fit.gz,,,846.0,827.0,1750.5,3.034,2.117,64.1,58.0,195.0,241.0,16.7,0.0,,,120.0,81.0,,133.0,,,112.0,,22.0,5.0,,,,,,,,,,,,,0.0,,1.0,1952.9,,,,,,,,,,,,,,,,,,,,,,,,,,0.0,2.069,0.0,,,,2228.0,,,,,,,,,,,,,,,,,""
10435119349,"Dec 25, 2023, 8:56:00 AM",Morning Trail Run,Run,,4772,8.62,185.0,94,,,,activities/11168217273.fit.gz,,,4772.0,4271.0,8624.1,5.181,2.019,403.0,398.0,194.4,442.8,23.5,0.0,,,124.0,77.0,,152.0,,,656.0,,21.0,94.0,,,,,,,,,,,,,0.0,,1.0,10364.0,,,,,,,,,,,,,,,,,,,,,,,,,,0.0,1.807,0.0,,,,9692.0,,,,,,,,,,,,,,,,,""
10428718907,"Dec 24, 2023, 9:10:06 AM",Lunch Trail Run,Run,,3670,7.61,170.0,60,,,,activities/11161541516.fit.gz,,,3670.0,3638.0,7611.3,3.688,2.092,404.0,395.0,193.4,445.0,25.0,0.1,,,120.0,75.0,,145.0,,,520.0,,22.0,60.0,,,,,,,,,,,,,0.0,,1.0,9378.8,,,,,,,,,,,,,,,,,,,,,,,,,,0.0,2.074,0.0,,,,9108.0,,,,,,,,,,,,,,,,,""
10424629533,"Dec 23, 2023, 11:01:25 AM",Afternoon Trail Run,Run,"",8657,17.02,182.0,184,,,,activities/11157264521.fit.gz,,,8657.0,7585.0,17027.1,5.593,2.245,980.2,898.0,198.5,705.5,49.7,0.0,,,104.0,76.0,,152.0,,,1217.0,,23.0,184.0,,,,,,,,,,,0.0,,0.0,,1.0,23505.7,,,,,,,,,,,,,,,,,,,,,,,,,,0.0,1.967,0.0,,,,18920.0,,,,,,,,,,,,,,,,,""
10424628298,"Dec 22, 2023, 8:28:51 AM",6. Λίγα βάρη,Weight Training,"",710,0,145.0,2,,,,activities/11157263014.fit.gz,,,710.0,710.0,0.0,0.0,0.0,0.0,0.0,0.0,0.0,0.0,0.0,,,,,,120.0,,,81.0,,23.0,2.0,,,,,,,,,,,0.0,,0.0,,1.0,,,,,,,,,,,,,,,,,,,,,,,,,,,0.0,0.0,0.0,,,,,,,,,,,,,,,,,,,,,""
10424629744,"Dec 22, 2023, 8:12:30 AM",Morning Ride,Ride,,941,0,142.0,4,,,,activities/11157263010.fit.gz,,,941.0,941.0,0.0,0.0,0.0,0.0,0.0,0.0,0.0,0.0,0.0,,,,,,119.0,,,109.0,,23.0,4.0,,,,,,,,,,,,,0.0,,1.0,,,,,,,,,,,,,,,,,,,,,,,,,,,0.0,0.0,0.0,,,,,,,,,,,,,,,,,,,,,""
10411324306,"Dec 20, 2023, 3:53:48 PM", Training,Weight Training,"",2880,0,134.0,8,,,,activities/11143811435.fit.gz,,,2880.0,2880.0,0.0,0.0,0.0,0.0,0.0,0.0,0.0,0.0,0.0,,,,,,109.0,,,240.0,,23.0,8.0,,,,,,,,,,,0.0,,0.0,,1.0,,,,,,,,,,,,,,,,,,,,,,,,,,,0.0,0.0,0.0,,,,,,,,,,,,,,,,,,,,,""
10411323782,"Dec 20, 2023, 2:30:10 PM",Afternoon Trail Run,Run,"",4270,9.38,172.0,60,,,,activities/11143810844.fit.gz,,,4270.0,4177.0,9387.7,5.43,2.247,426.4,431.0,208.8,451.1,43.7,0.0,,,101.0,78.0,,141.0,,,607.0,,20.0,60.0,,,,,,,,,,,0.0,,0.0,,1.0,11553.8,,,,,,,,,,,,,,,,,,,,,,,,,,0.0,2.199,5749.7,,,,10922.0,,,,,,,,,,,,,,,,,""
10404152757,"Dec 19, 2023, 10:59:11 AM",Lunch Trail Run,Run,"",3896,8.79,176.0,41,,,,activities/11136405388.fit.gz,,,3896.0,3614.0,8796.7,4.44,2.434,334.0,333.0,206.8,274.6,38.6,0.0,,,124.0,82.0,,137.0,,,573.0,,22.0,41.0,,,,,,,,,,,0.0,,0.0,,1.0,10576.5,,,,,,,,,,,,,,,,,,,,,,,,,,0.0,2.258,6936.5,,,,10034.0,,,,,,,,,,,,,,,,,""
10404149285,"Dec 18, 2023, 6:10:41 PM",3. Βάρη,Weight Training,"",2261,0,160.0,7,,,,activities/11136401878.fit.gz,,,2261.0,2261.0,0.0,0.0,0.0,0.0,0.0,0.0,0.0,0.0,0.0,,,,,,113.0,,,201.0,,25.0,7.0,,,,,,,,,,,0.0,,0.0,,1.0,,,,,,,,,,,,,,,,,,,,,,,,,,,0.0,0.0,0.0,,,,,,,,,,,,,,,,,,,,,""
10404148863,"Dec 18, 2023, 5:44:31 PM",Evening Ride,Ride,,1531,0,122.0,4,,,,activities/11136401403.fit.gz,,,1531.0,1531.0,0.0,0.0,0.0,0.0,0.0,0.0,0.0,0.0,0.0,,,,,,105.0,,,120.0,,24.0,4.0,,,,,,,,,,,,,0.0,,1.0,,,,,,,,,,,,,,,,,,,,,,,,,,,0.0,0.0,0.0,,,,,,,,,,,,,,,,,,,,,""
10394629559,"Dec 17, 2023, 11:17:53 AM",Afternoon Trail Run,Run,"",6916,14.10,169.0,100,,,,activities/11126441140.fit.gz,,,6916.0,5787.0,14103.6,5.095,2.437,453.0,468.0,211.2,452.4,49.8,-0.1,,,120.0,81.0,,145.0,,,887.0,,15.0,100.0,,,,,,,,,,,0.0,,0.0,,1.0,16195.2,,,,,,,,,,,,,,,,,,,,,,,,,,0.0,2.039,12256.5,,,,15390.0,,,,,,,,,,,,,,,,,""
10394625969,"Dec 16, 2023, 3:40:58 PM",2. Βάρη,Weight Training,"",3801,0,136.0,11,,,,activities/11126437456.fit.gz,,,3801.0,3801.0,0.0,0.0,0.0,0.0,0.0,0.0,0.0,0.0,0.0,,,,,,110.0,,,301.0,,25.0,11.0,,,,,,,,,,,0.0,,0.0,,1.0,,,,,,,,,,,,,,,,,,,,,,,,,,,0.0,0.0,0.0,,,,,,,,,,,,,,,,,,,,,""
10394625060,"Dec 16, 2023, 3:00:57 PM",Afternoon Ride,Ride,,2122,0,126.0,6,,,,activities/11126436552.fit.gz,,,2122.0,2122.0,0.0,0.0,0.0,0.0,0.0,0.0,0.0,0.0,0.0,,,,,,110.0,,,185.0,,27.0,6.0,,,,,,,,,,,,,0.0,,1.0,,,,,,,,,,,,,,,,,,,,,,,,,,,0.0,0.0,0.0,,,,,,,,,,,,,,,,,,,,,""
10378607247,"Dec 13, 2023, 4:07:30 PM","1 . Booty bands , arms",Weight Training,"",2603,0,127.0,5,,,,activities/11109657088.fit.gz,,,2603.0,2603.0,0.0,0.0,0.0,0.0,0.0,0.0,0.0,0.0,0.0,,,,,,90.0,,,141.0,,28.0,5.0,,,,,,,,,,,0.0,,0.0,,1.0,,,,,,,,,,,,,,,,,,,,,,,,,,,0.0,0.0,0.0,,,,,,,,,,,,,,,,,,,,,""
10378606394,"Dec 13, 2023, 1:58:37 PM",Afternoon Trail Run,Run,,4457,9.24,172.0,63,,,,activities/11109656186.fit.gz,,,4457.0,4312.0,9239.8,3.69,2.143,372.0,373.0,183.4,448.2,49.4,0.0,,,120.0,75.0,,142.0,,,585.0,,21.0,63.0,,,,,,,,,,,,,0.0,,1.0,10980.5,,,,,,,,,,,,,,,,,,,,,,,,,,0.0,2.073,7075.9,,,,10302.0,,,,,,,,,,,,,,,,,""
10378604199,"Dec 12, 2023, 5:48:39 PM",Evening Ride,Ride,,1269,0,121.0,3,,,,activities/11109653978.fit.gz,,,1269.0,1269.0,0.0,0.0,0.0,0.0,0.0,0.0,0.0,0.0,0.0,,,,,,108.0,,,109.0,,26.0,3.0,,,,,,,,,,,,,0.0,,1.0,,,,,,,,,,,,,,,,,,,,,,,,,,,0.0,0.0,0.0,,,,,,,,,,,,,,,,,,,,,""
10357620892,"Dec 10, 2023, 7:01:03 AM",Χειμωνιάτικος ενιπεας 1st time : Σαρδελοποιηση στο πρώτο μισό δεν μπορούσες να περάσεις από πουθενά ⚠️! Το υπόλοιπο μισό το χάρηκα ευτυχώς ⛰️,Run,"",12075,24.15,184.0,297,,,,activities/11087711375.fit.gz,,,12075.0,11787.0,24157.0,8.098,2.049,1751.0,1750.0,285.0,1018.2,49.8,0.0,,,120.0,71.0,,153.0,,,1661.0,,11.0,297.0,,,,,,,,,,,0.0,,0.0,,1.0,35102.8,,,,,,,,,,,,,,,,,,,,,,,,,,0.0,2.001,14849.2,,,,28726.0,,,,,,,,,,,,,,,,,""
10357607530,"Dec 10, 2023, 6:32:17 AM",Morning Trail Run,Run,,1226,2.54,173.0,27,,,,activities/11087701870.fit.gz,,,1226.0,1027.0,2546.0,4.158,2.479,39.0,35.0,277.2,290.0,13.3,0.1,,,116.0,85.0,,155.0,,,190.0,,16.0,27.0,,,,,,,,,,,,,0.0,,1.0,2627.5,,,,,,,,,,,,,,,,,,,,,,,,,,0.0,2.077,0.0,,,,3046.0,,,,,,,,,,,,,,,,,""
10351593379,"Dec 9, 2023, 8:32:13 AM",Morning Trail Run,Run,,2228,3.21,153.0,11,,,,activities/11081440267.fit.gz,,,2228.0,1831.0,3216.3,3.396,1.757,185.0,187.0,344.0,507.8,46.1,0.0,,,118.0,71.0,,128.0,,,246.0,,16.0,11.0,,,,,,,,,,,,,0.0,,1.0,4455.8,,,,,,,,,,,,,,,,,,,,,,,,,,0.0,1.444,2004.0,,,,4448.0,,,,,,,,,,,,,,,,,""
10351592632,"Dec 8, 2023, 1:30:29 PM",Afternoon Ride,Ride,,1205,0,152.0,6,,,,activities/11081439000.fit.gz,,,1205.0,1205.0,0.0,0.0,0.0,0.0,0.0,0.0,0.0,0.0,0.0,,,,,,121.0,,,141.0,,28.0,6.0,,,,,,,,,,,,,0.0,,1.0,,,,,,,,,,,,,,,,,,,,,,,,,,,0.0,0.0,0.0,,,,,,,,,,,,,,,,,,,,,""
10344460772,"Dec 7, 2023, 11:56:56 AM",Afternoon Trail Run,Run,,4408,10.00,179.0,95,,,,activities/11074009757.fit.gz,,,4408.0,4355.0,10002.4,3.872,2.297,425.0,437.0,240.8,452.8,49.8,-0.1,,,120.0,79.0,,148.0,,,671.0,,21.0,95.0,,,,,,,,,,,,,0.0,,1.0,12123.6,,,,,,,,,,,,,,,,,,,,,,,,,,0.0,2.269,7560.7,,,,11230.0,,,,,,,,,,,,,,,,,""
10339178490,"Dec 6, 2023, 5:52:53 PM",Evening Trail Run,Run,"",3464,8.75,156.0,37,,,,activities/11068543956.fit.gz,,,3464.0,3445.0,8755.2,4.37,2.541,265.0,273.0,154.2,219.6,28.6,-0.1,,,120.0,84.0,,138.0,,,515.0,,20.0,37.0,,,,,,,,,,,0.0,,0.0,,1.0,9578.9,,,,,,,,,,,,,,,,,,,,,,,,,,0.0,2.527,3081.5,,,,9632.0,,,,,,,,,,,,,,,,,""
10339176815,"Dec 5, 2023, 11:48:26 AM",Afternoon Run,Run,,3041,8.05,164.0,36,,,,activities/11068542357.fit.gz,,,3041.0,2769.0,8056.4,4.63,2.909,39.0,44.0,205.2,214.0,15.3,-0.1,,,120.0,86.0,,139.0,,,471.0,,21.0,36.0,,,,,,,,,,,,,0.0,,1.0,8116.9,,,,,,,,,,,,,,,,,,,,,,,,,,0.0,2.649,8056.4,,,,8042.0,,,,,,,,,,,,,,,,,""
10339175302,"Dec 4, 2023, 6:22:43 PM",Evening Weight Training,Weight Training,,2098,0,120.0,4,,,,activities/11068540853.fit.gz,,,2098.0,2098.0,0.0,0.0,0.0,0.0,0.0,0.0,0.0,0.0,0.0,,,,,,94.0,,,132.0,,28.0,4.0,,,,,,,,,,,,,0.0,,1.0,,,,,,,,,,,,,,,,,,,,,,,,,,,0.0,0.0,0.0,,,,,,,,,,,,,,,,,,,,,""
10339174820,"Dec 4, 2023, 6:01:18 PM",Evening Ride,Ride,,1212,0,125.0,3,,,,activities/11068540410.fit.gz,,,1212.0,1212.0,0.0,0.0,0.0,0.0,0.0,0.0,0.0,0.0,0.0,,,,,,107.0,,,102.0,,27.0,3.0,,,,,,,,,,,,,0.0,,1.0,,,,,,,,,,,,,,,,,,,,,,,,,,,0.0,0.0,0.0,,,,,,,,,,,,,,,,,,,,,""
10320738486,"Dec 3, 2023, 8:35:28 AM",Morning Trail Run,Run,"",7244,13.02,175.0,156,,,,activities/11049357007.fit.gz,,,7244.0,6978.0,13027.1,4.208,1.867,870.0,858.0,491.6,1161.4,49.3,0.1,,,124.0,72.0,,150.0,,,997.0,,21.0,156.0,,,,,,,,,,,0.0,,0.0,,1.0,18487.0,,,,,,,,,,,,,,,,,,,,,,,,,,0.0,1.798,12991.1,,,,16268.0,,,,,,,,,,,,,,,,,""
10316191517,"Dec 2, 2023, 11:31:40 AM",Afternoon Trail Run,Run,"",6339,10.54,179.0,97,,,,activities/11044633831.fit.gz,,,6339.0,5853.0,10540.5,4.002,1.801,778.0,765.0,496.6,1047.8,49.9,0.1,,,116.0,74.0,,144.0,,,871.0,,22.0,97.0,,,,,,,,,,,0.0,,0.0,,1.0,15690.8,,,,,,,,,,,,,,,,,,,,,,,,,,0.0,1.663,7993.1,,,,14076.0,,,,,,,,,,,,,,,,,""
10312077511,"Dec 1, 2023, 3:46:06 PM",Afternoon Run,Run,"",4267,12.90,171.0,90,,,,activities/11040368244.fit.gz,,,4267.0,4065.0,12905.9,3.962,3.175,9.0,8.0,253.4,260.6,17.1,0.0,,,96.0,88.0,,149.0,,,737.0,,20.0,90.0,,,,,,,,,,,0.0,,0.0,,1.0,12923.3,,,,,,,,,,,,,,,,,,,,,,,,,,0.0,3.025,12815.4,,,,12054.0,,,,,,,,,,,,,,,,,""
10305428791,"Nov 30, 2023, 9:09:54 AM",Lunch Trail Run,Run,"",5950,13.38,175.0,106,,,,activities/11033483967.fit.gz,,,5950.0,5796.0,13380.0,5.112,2.308,550.0,531.0,209.7,451.5,49.6,0.0,,,124.0,75.0,,147.0,,,888.0,,25.0,106.0,,,,,,,,,,,0.0,,0.0,,1.0,15883.0,,,,,,,,,,,,,,,,,,,,,,,,,,0.0,2.249,9398.6,,,,13992.0,,,,,,,,,,,,,,,,,""
10312076095,"Nov 29, 2023, 5:58:33 PM",Evening Ride,Ride,,1534,0,115.0,4,,,,activities/11040366863.fit.gz,,,1534.0,1534.0,0.0,0.0,0.0,0.0,0.0,0.0,0.0,0.0,0.0,,,,,,102.0,,,114.0,,27.0,4.0,,,,,,,,,,,,,0.0,,1.0,,,,,,,,,,,,,,,,,,,,,,,,,,,0.0,0.0,0.0,,,,,,,,,,,,,,,,,,,,,""
10294183752,"Nov 28, 2023, 8:52:37 AM",Morning Run,Run,"",4513,12.71,176.0,84,,,,activities/11021849915.fit.gz,,,4513.0,4310.0,12710.8,4.934,2.949,16.0,13.0,254.4,262.4,4.3,0.0,,,95.0,87.0,,147.0,,,748.0,,20.0,84.0,,,,,,,,,,,0.0,,0.0,,1.0,12740.2,,,,,,,,,,,,,,,,,,,,,,,,,,0.0,2.816,12647.8,,,,12378.0,,,,,,,,,,,,,,,,,""
10285050492,"Nov 26, 2023, 9:50:01 AM",Lunch Trail Run,Run,"",13592,20.01,180.0,271,,,,activities/11012353902.fit.gz,,,13592.0,12699.0,20009.0,4.934,1.576,1768.0,1767.0,494.8,1298.2,49.7,0.0,,,117.0,67.0,,149.0,,,1673.0,,15.0,271.0,,,,,,,,,,,0.0,,0.0,,1.0,32524.3,,,,,,,,,,,,,,,,,,,,,,,,,,0.0,1.472,19488.7,,,,27404.0,,,,,,,,,,,,,,,,,""
10279251416,"Nov 25, 2023, 12:57:29 PM",Afternoon Trail Run,Run,"",4699,10.84,162.0,76,,,,activities/11006330931.fit.gz,,,4699.0,4677.0,10848.3,3.83,2.32,447.0,451.0,184.2,442.2,50.0,0.0,,,116.0,81.0,,144.0,,,695.0,,21.0,76.0,,,,,,,,,,,0.0,,0.0,,1.0,12917.6,,,,,,,,,,,,,,,,,,,,,,,,,,0.0,2.309,7425.3,,,,12384.0,,,,,,,,,,,,,,,,,""
10274532415,"Nov 24, 2023, 3:20:37 PM",Afternoon Run,Run,"",4822,14.10,166.0,42,,,,activities/11001429292.fit.gz,,,4822.0,4661.0,14104.2,5.14,3.026,6.0,4.0,252.4,258.8,7.7,0.0,,,98.0,88.0,,135.0,,,782.0,,19.0,42.0,,,,,,,,,,,0.0,,0.0,,1.0,14120.4,,,,,,,,,,,,,,,,,,,,,,,,,,0.0,2.925,14058.0,,,,13578.0,,,,,,,,,,,,,,,,,""
10261797005,"Nov 22, 2023, 6:40:20 AM",Morning Trail Run,Run,,3855,8.03,164.0,44,,,,activities/10988175350.fit.gz,,,3855.0,3811.0,8032.9,4.174,2.108,403.0,400.0,211.4,450.8,49.3,0.0,,,113.0,72.0,,140.0,,,533.0,,23.0,44.0,,,,,,,,,,,,,0.0,,1.0,10127.3,,,,,,,,,,,,,,,,,,,,,,,,,,0.0,2.084,4162.6,,,,8926.0,,,,,,,,,,,,,,,,,""
10255737113,"Nov 21, 2023, 6:29:28 AM",Morning Trail Run,Run,,4555,10.01,171.0,66,,,,activities/10981874816.fit.gz,,,4555.0,4400.0,10010.9,3.846,2.275,401.4,394.0,209.6,440.1,38.5,0.0,,,122.0,79.0,,143.0,,,652.0,,21.0,66.0,,,,,,,,,,,,,0.0,,1.0,11794.5,,,,,,,,,,,,,,,,,,,,,,,,,,0.0,2.198,5527.9,,,,11536.0,,,,,,,,,,,,,,,,,""
10254907361,"Nov 20, 2023, 6:28:23 PM",Evening Weight Training,Weight Training,,1435,0,129.0,3,,,,activities/10981011361.fit.gz,,,1435.0,1435.0,0.0,0.0,0.0,0.0,0.0,0.0,0.0,0.0,0.0,,,,,,97.0,,,97.0,,27.0,3.0,,,,,,,,,,,,,0.0,,1.0,,,,,,,,,,,,,,,,,,,,,,,,,,,0.0,0.0,0.0,,,,,,,,,,,,,,,,,,,,,""
10254907114,"Nov 20, 2023, 6:02:08 PM",Evening Ride,Ride,,1508,0,121.0,4,,,,activities/10981011114.fit.gz,,,1508.0,1508.0,0.0,0.0,0.0,0.0,0.0,0.0,0.0,0.0,0.0,,,,,,103.0,,,114.0,,27.0,4.0,,,,,,,,,,,,,0.0,,1.0,,,,,,,,,,,,,,,,,,,,,,,,,,,0.0,0.0,0.0,,,,,,,,,,,,,,,,,,,,,""
10245166051,"Nov 19, 2023, 8:59:22 AM",Long parnitha xouni keraies skipiza mpafi skalakia 😎,Run,"",11205,20.55,178.0,182,,,,activities/10970855198.fit.gz,,,11205.0,10463.0,20552.6,4.267,1.964,1274.0,1270.0,496.8,1346.6,49.8,0.0,,,124.0,75.0,,145.0,,,1441.0,,14.0,182.0,,,,,,,,,,,0.0,,0.0,,1.0,28423.4,,,,,,,,,,,,,,,,,,,,,,,,,,0.0,1.834,19066.4,,,,26318.0,,,,,,,,,,,,,,,,,""
10238937656,"Nov 18, 2023, 9:47:44 AM",Lunch Run,Run,,5045,14.59,175.0,94,,,,activities/10964382273.fit.gz,,,5045.0,4796.0,14597.4,4.795,3.044,127.0,128.0,250.2,265.0,18.3,0.0,,,123.0,89.0,,146.0,,,845.0,,19.0,94.0,,,,,,,,,,,,,0.0,,1.0,14820.5,,,,,,,,,,,,,,,,,,,,,,,,,,0.0,2.893,14419.9,,,,14218.0,,,,,,,,,,,,,,,,,""
10235738396,"Nov 17, 2023, 2:56:12 PM",Afternoon Trail Run,Run,,3556,7.00,152.0,20,,,,activities/10961050062.fit.gz,,,3556.0,3427.0,7006.7,3.762,2.045,328.0,328.0,197.6,444.6,50.0,0.0,,,108.0,74.0,,131.0,,,459.0,,22.0,20.0,,,,,,,,,,,,,0.0,,1.0,8924.3,,,,,,,,,,,,,,,,,,,,,,,,,,0.0,1.97,2896.6,,,,8460.0,,,,,,,,,,,,,,,,,""
10230741691,"Nov 16, 2023, 7:36:09 PM",Night Ride,Ride,,725,1.85,129.0,2,,,,activities/10955863224.fit.gz,,,725.0,725.0,1857.5,7.253,2.562,83.0,10.0,134.2,213.8,19.2,3.9,,,,,,113.0,,,71.0,,22.0,2.0,,,,,,,,,,,,,0.0,,1.0,,,,,,,,,,,,,,,,,,,,,,,,,,,0.0,2.562,45.1,,,,,,,,,,,,,,,,,,,,,""
10230741226,"Nov 16, 2023, 6:04:09 PM",Evening Weight Training,Weight Training,,2326,0,133.0,3,,,,activities/10955862758.fit.gz,,,2326.0,2326.0,0.0,0.0,0.0,0.0,0.0,0.0,0.0,0.0,0.0,,,,,,82.0,,,101.0,,27.0,3.0,,,,,,,,,,,,,0.0,,1.0,,,,,,,,,,,,,,,,,,,,,,,,,,,0.0,0.0,0.0,,,,,,,,,,,,,,,,,,,,,""
10230740795,"Nov 16, 2023, 5:14:14 PM",Evening Ride,Ride,,2521,13.14,129.0,6,,,,activities/10955862295.fit.gz,,,2521.0,2340.0,13141.7,12.738,5.616,115.0,140.0,92.4,156.6,13.7,-0.2,,,,,,105.0,,,187.0,,21.0,6.0,,,,,,,,,,,,,0.0,,1.0,,,,,,,,,,,,,,,,,,,,,,,,,,,0.0,5.213,0.0,,,,,,,,,,,,,,,,,,,,,""
10228692106,"Nov 16, 2023, 1:16:42 PM",Afternoon Ride,Ride,,2355,13.00,143.0,11,,,,activities/10953749515.fit.gz,,,2355.0,2339.0,13008.7,12.832,5.562,146.0,198.0,96.4,219.8,16.2,-0.4,,,,,,124.0,,,258.0,,23.0,11.0,,,,,,,,,,,,,0.0,,1.0,,,,,,,,,,,,,,,,,,,,,,,,,,,0.0,5.524,43.4,,,,,,,,,,,,,,,,,,,,,""
10224247537,"Nov 15, 2023, 2:02:49 PM",Afternoon Trail Run,Run,"",5213,13.44,164.0,48,,,,activities/10949093591.fit.gz,,,5213.0,5058.0,13448.5,4.273,2.659,324.0,329.0,207.6,448.4,30.9,0.0,,,93.0,84.0,,135.0,,,800.0,,23.0,48.0,,,,,,,,,,,0.0,,0.0,,1.0,14330.5,,,,,,,,,,,,,,,,,,,,,,,,,,0.0,2.58,12631.7,,,,14134.0,,,,,,,,,,,,,,,,,""
10215943796,"Nov 14, 2023, 8:00:09 AM",Morning Trail Run,Run,,7991,16.09,176.0,141,,,,activities/10940512335.fit.gz,,,7991.0,7828.0,16097.1,3.37,2.056,778.0,768.0,208.9,438.2,47.4,0.0,,,118.0,74.0,,146.0,,,1047.0,,26.0,141.0,,,,,,,,,,,,,0.0,,1.0,20401.5,,,,,,,,,,,,,,,,,,,,,,,,,,0.0,2.014,8422.6,,,,18886.0,,,,,,,,,,,,,,,,,""
10212433977,"Nov 13, 2023, 5:05:13 PM",Evening Ride,Ride,,2673,13.25,136.0,8,,,,activities/10936885172.fit.gz,,,2673.0,2651.0,13257.6,12.27,5.001,191.0,147.0,102.2,209.2,14.6,0.3,,,,,,113.0,,,229.0,,21.0,8.0,,,,,,,,,,,,,0.0,,1.0,,,,,,,,,,,,,,,,,,,,,,,,,,,0.0,4.96,48.5,,,,,,,,,,,,,,,,,,,,,""
10211562213,"Nov 13, 2023, 1:15:09 PM",Afternoon Ride,Ride,,2319,12.72,138.0,8,,,,activities/10935986706.fit.gz,,,2319.0,2291.0,12720.0,13.3,5.552,138.0,188.0,95.6,217.6,12.4,-0.4,,,,,,116.0,,,215.0,,24.0,8.0,,,,,,,,,,,,,0.0,,1.0,,,,,,,,,,,,,,,,,,,,,,,,,,,0.0,5.485,53.7,,,,,,,,,,,,,,,,,,,,,""
10206037930,"Nov 12, 2023, 11:28:26 AM",Afternoon Trail Run,Run,"",8651,14.99,188.0,200,,,,activities/10930212807.fit.gz,,,8651.0,8033.0,14998.8,4.132,1.867,1025.0,1026.0,269.8,990.6,49.4,0.0,,,123.0,72.0,,151.0,,,1161.0,,23.0,200.0,,,,,,,,,,,0.0,,0.0,,1.0,21428.7,,,,,,,,,,,,,,,,,,,,,,,,,,0.0,1.734,12055.7,,,,18976.0,,,,,,,,,,,,,,,,,""
10198176050,"Nov 11, 2023, 7:24:31 AM",First 20 km 1000 asc,Run,"",8799,20.05,190.0,274,,,,activities/10922045985.fit.gz,,,8799.0,8709.0,20057.2,4.382,2.303,1005.6,955.0,178.9,451.2,49.4,0.2,,,120.0,78.0,,158.0,,,1319.0,,23.0,274.0,,,,,,,,,,,0.0,,0.0,,1.0,25576.4,,,,,,,,,,,,,,,,,,,,,,,,,,0.0,2.279,11813.6,,,,21172.0,,,,,,,,,,,,,,,,,""
10198170968,"Nov 10, 2023, 11:08:57 AM",Afternoon Ride,Ride,,1216,0,118.0,3,,,,activities/10922040759.fit.gz,,,1216.0,1216.0,0.0,0.0,0.0,0.0,0.0,0.0,0.0,0.0,0.0,,,,,,104.0,,,95.0,,28.0,3.0,,,,,,,,,,,,,0.0,,1.0,,,,,,,,,,,,,,,,,,,,,,,,,,,0.0,0.0,0.0,,,,,,,,,,,,,,,,,,,,,""
10188044623,"Nov 9, 2023, 10:56:11 AM",Lunch Trail Run,Run,"",3390,6.49,189.0,49,,,,activities/10911546420.fit.gz,,,3390.0,3293.0,6496.8,4.676,1.973,370.1,370.0,205.8,364.2,50.0,0.1,,,120.0,73.0,,142.0,,,474.0,,25.0,49.0,,,,,,,,,,,0.0,,0.0,,1.0,9027.5,,,,,,,,,,,,,,,,,,,,,,,,,,0.0,1.916,4018.3,,,,7606.0,,,,,,,,,,,,,,,,,""
10183549382,"Nov 8, 2023, 1:49:38 PM",Afternoon Trail Run,Run,"",7996,15.29,184.0,203,,,,activities/10906907522.fit.gz,,,7996.0,7851.0,15298.6,3.836,1.949,880.0,864.0,157.7,451.2,49.0,0.0,,,120.0,75.0,,153.0,,,1123.0,,24.0,203.0,,,,,,,,,,,0.0,,0.0,,1.0,20592.0,,,,,,,,,,,,,,,,,,,,,,,,,,0.0,1.913,5038.2,,,,18908.0,,,,,,,,,,,,,,,,,""
10176115214,"Nov 7, 2023, 11:02:03 AM",Afternoon Run,Run,,3451,9.33,174.0,62,,,,activities/10899216076.fit.gz,,,3451.0,3284.0,9334.6,4.597,2.842,44.0,45.0,208.0,214.6,12.0,0.0,,,94.0,87.0,,148.0,,,529.0,,28.0,62.0,,,,,,,,,,,,,0.0,,1.0,9388.0,,,,,,,,,,,,,,,,,,,,,,,,,,0.0,2.705,9336.9,,,,9338.0,,,,,,,,,,,,,,,,,""
10172275504,"Nov 6, 2023, 6:01:45 PM",3η εισαγωγή στα βάρη,Weight Training,"",1673,0,134.0,5,,,,activities/10895218964.fit.gz,,,1673.0,1673.0,0.0,0.0,0.0,0.0,0.0,0.0,0.0,0.0,0.0,,,,,,110.0,,,140.0,,29.0,5.0,,,,,,,,,,,0.0,,0.0,,1.0,,,,,,,,,,,,,,,,,,,,,,,,,,,0.0,0.0,0.0,,,,,,,,,,,,,,,,,,,,,""
10172274969,"Nov 6, 2023, 5:39:06 PM",Evening Ride,Ride,,1206,0,121.0,3,,,,activities/10895218437.fit.gz,,,1206.0,1206.0,0.0,0.0,0.0,0.0,0.0,0.0,0.0,0.0,0.0,,,,,,107.0,,,102.0,,30.0,3.0,,,,,,,,,,,,,0.0,,1.0,,,,,,,,,,,,,,,,,,,,,,,,,,,0.0,0.0,0.0,,,,,,,,,,,,,,,,,,,,,""
10172274592,"Nov 6, 2023, 2:48:06 PM",Afternoon Run,Run,,463,0.88,140.0,1,,,,activities/10895218032.fit.gz,,,463.0,430.0,881.4,2.589,2.05,13.0,0.0,153.8,168.4,5.2,1.6,,,96.0,84.0,,124.0,,,57.0,,28.0,1.0,,,,,,,,,,,,,0.0,,1.0,920.8,,,,,,,,,,,,,,,,,,,,,,,,,,0.0,1.904,0.0,,,,980.0,,,,,,,,,,,,,,,,,""
10163797432,"Nov 5, 2023, 7:57:20 AM",Φλάμπουρι-κεραίες χαλαρό 👫👫,Run,"",12110,15.07,170.0,112,,,,activities/10886311731.fit.gz,,,12110.0,9862.0,15075.3,4.668,1.529,1163.0,1153.0,494.2,1347.2,49.9,0.1,,,124.0,69.0,,138.0,,,1294.0,,24.0,112.0,,,,,,,,,,,0.0,,0.0,,1.0,22575.1,,,,,,,,,,,,,,,,,,,,,,,,,,0.0,1.245,13909.1,,,,21560.0,,,,,,,,,,,,,,,,,""
10157698011,"Nov 4, 2023, 8:47:35 AM",Δισκαλο πόδια μπετόν αρμέ,Run,"",7436,8.40,177.0,142,,,,activities/10879883446.fit.gz,,,7436.0,6775.0,8407.2,4.014,1.241,1086.0,1079.0,500.2,1051.2,49.9,0.1,,,124.0,63.0,,149.0,,,1018.0,,26.0,142.0,,,,,,,,,,,0.0,,0.0,,1.0,16247.8,,,,,,,,,,,,,,,,,,,,,,,,,,0.0,1.131,8407.2,,,,13598.0,,,,,,,,,,,,,,,,,""
10153844677,"Nov 3, 2023, 2:12:29 PM",Afternoon Trail Run,Run,"",5905,12.39,172.0,117,,,,activities/10875837965.fit.gz,,,5905.0,5704.0,12398.2,4.227,2.174,526.9,515.0,202.0,406.7,49.5,0.0,,,90.0,76.0,,149.0,,,816.0,,25.0,117.0,,,,,,,,,,,0.0,,0.0,,1.0,15503.7,,,,,,,,,,,,,,,,,,,,,,,,,,0.0,2.1,9940.9,,,,14290.0,,,,,,,,,,,,,,,,,""
10152704512,"Nov 2, 2023, 6:01:12 PM",2h bands abs aerial wu,Weight Training,"",3321,0,122.0,6,,,,activities/10874642154.fit.gz,,,3321.0,3321.0,0.0,0.0,0.0,0.0,0.0,0.0,0.0,0.0,0.0,,,,,,84.0,,,140.0,,29.0,6.0,,,,,,,,,,,0.0,,0.0,,1.0,,,,,,,,,,,,,,,,,,,,,,,,,,,0.0,0.0,0.0,,,,,,,,,,,,,,,,,,,,,""
10143073569,"Nov 1, 2023, 2:20:58 PM",Afternoon Trail Run,Run,,6233,11.81,165.0,60,,,,activities/10864532948.fit.gz,,,6233.0,5869.0,11811.5,3.77,2.013,648.2,646.0,197.2,451.2,49.9,-0.1,,,90.0,73.0,,137.0,,,786.0,,26.0,60.0,,,,,,,,,,,,,0.0,,1.0,15816.1,,,,,,,,,,,,,,,,,,,,,,,,,,0.0,1.895,5906.8,,,,13754.0,,,,,,,,,,,,,,,,,""
10143068379,"Oct 31, 2023, 5:58:30 PM",1st bands and aerial wu,Weight Training,"",3842,0,123.0,7,,,,activities/10864527478.fit.gz,,,3842.0,3842.0,0.0,0.0,0.0,0.0,0.0,0.0,0.0,0.0,0.0,,,,,,88.0,,,174.0,,29.0,7.0,,,,,,,,,,,0.0,,0.0,,1.0,,,,,,,,,,,,,,,,,,,,,,,,,,,0.0,0.0,0.0,,,,,,,,,,,,,,,,,,,,,""
10135618034,"Oct 31, 2023, 6:59:33 AM",Morning Trail Run,Run,,2703,6.01,160.0,36,,,,activities/10856717311.fit.gz,,,2703.0,2605.0,6010.9,4.31,2.307,215.0,207.0,207.0,407.4,32.4,0.1,,,96.0,82.0,,142.0,,,391.0,,27.0,36.0,,,,,,,,,,,,,0.0,,1.0,6883.9,,,,,,,,,,,,,,,,,,,,,,,,,,0.0,2.224,4770.1,,,,7150.0,,,,,,,,,,,,,,,,,""
10135616528,"Oct 30, 2023, 7:10:30 AM",Morning Ride,Ride,,1201,0,123.0,3,,,,activities/10856715843.fit.gz,,,1201.0,1201.0,0.0,0.0,0.0,0.0,0.0,0.0,0.0,0.0,0.0,,,,,,110.0,,,110.0,,30.0,3.0,,,,,,,,,,,,,0.0,,1.0,,,,,,,,,,,,,,,,,,,,,,,,,,,0.0,0.0,0.0,,,,,,,,,,,,,,,,,,,,,""
10135616265,"Oct 29, 2023, 1:36:06 PM",Afternoon Hike,Hike,,1553,1.39,126.0,2,,,,activities/10856715495.fit.gz,,,1553.0,1496.0,1398.0,3.015,0.935,59.0,59.0,10.4,37.8,44.5,0.0,,,120.0,56.0,,83.0,,,71.0,,29.0,2.0,,,,,,,,,,,,,0.0,,1.0,,,,,,,,,,,,,,,,,,,,,,,,,,,0.0,0.9,603.8,,,,,,,,,,,,,,,,,,,,,""
10124884482,"Oct 29, 2023, 9:56:18 AM",Lunch Stand Up Paddling,Stand Up Paddling,"",7601,8.01,97.0,6,,,,activities/10845452443.fit.gz,,,7601.0,6371.0,8013.7,4.382,1.258,25.6,20.4,-0.2,12.9,44.9,0.1,,,218.0,33.0,,62.0,,,144.0,,28.0,6.0,,,,,,,,,,,0.0,,0.0,,1.0,,,,,,,,,,,,,,,,,,,,,,,,,,,0.0,1.054,1934.8,,,,,,,,,,,,,,,,,,,,,""
10116710678,"Oct 28, 2023, 5:41:39 AM",Ymittos trelos race,Run,"",4391,11.68,196.0,193,,,,activities/10836875653.fit.gz,,,4391.0,4380.0,11684.8,5.446,2.668,594.0,590.0,255.8,841.2,49.7,0.0,,,103.0,79.0,,168.0,,,764.0,,22.0,193.0,,,,,,,,,,,0.0,,0.0,,1.0,14664.8,,,,,,,,,,,,,,,,,,,,,,,,,,0.0,2.661,11335.6,,,,11396.0,,,,,,,,,,,,,,,,,""
10116709475,"Oct 28, 2023, 5:23:32 AM",Morning Trail Run,Run,,740,1.18,153.0,5,,,,activities/10836874426.fit.gz,,,740.0,530.0,1185.2,4.258,2.236,20.0,22.0,247.6,264.6,12.4,-0.1,,,90.0,85.0,,138.0,,,96.0,,22.0,5.0,,,,,,,,,,,,,0.0,,1.0,1233.5,,,,,,,,,,,,,,,,,,,,,,,,,,0.0,1.602,1187.3,,,,1638.0,,,,,,,,,,,,,,,,,""
10108432308,"Oct 26, 2023, 2:27:22 PM",Afternoon Trail Run,Run,,3746,8.51,161.0,47,,,,activities/10828226329.fit.gz,,,3746.0,3686.0,8512.3,4.582,2.309,295.0,296.0,194.8,450.8,49.5,0.0,,,93.0,78.0,,139.0,,,532.0,,25.0,47.0,,,,,,,,,,,,,0.0,,1.0,9809.2,,,,,,,,,,,,,,,,,,,,,,,,,,0.0,2.272,6320.9,,,,9272.0,,,,,,,,,,,,,,,,,""
10106476242,"Oct 25, 2023, 11:11:27 AM",Afternoon Ride,Ride,,1805,0,134.0,6,,,,activities/10826183793.fit.gz,,,1805.0,1805.0,0.0,0.0,0.0,0.0,0.0,0.0,0.0,0.0,0.0,,,,,,117.0,,,185.0,,30.0,6.0,,,,,,,,,,,,,0.0,,1.0,,,,,,,,,,,,,,,,,,,,,,,,,,,0.0,0.0,0.0,,,,,,,,,,,,,,,,,,,,,""
10097768122,"Oct 24, 2023, 4:46:32 PM",Evening Run,Run,"",3765,10.49,161.0,34,,,,activities/10817143977.fit.gz,,,3765.0,3496.0,10492.8,4.84,3.001,6.0,6.0,252.8,259.2,19.6,0.0,,,116.0,86.0,,133.0,,,566.0,,21.0,34.0,,,,,,,,,,,0.0,,0.0,,1.0,10508.4,,,,,,,,,,,,,,,,,,,,,,,,,,0.0,2.787,8379.6,,,,9908.0,,,,,,,,,,,,,,,,,""
10085461258,"Oct 22, 2023, 2:28:13 PM",Afternoon Run,Run,"",3494,11.23,177.0,58,,,,activities/10804310942.fit.gz,,,3494.0,3460.0,11231.0,4.459,3.246,8.0,8.0,254.4,257.6,4.8,0.0,,,95.0,88.0,,145.0,,,593.0,,25.0,58.0,,,,,,,,,,,0.0,,0.0,,1.0,11242.9,,,,,,,,,,,,,,,,,,,,,,,,,,0.0,3.214,0.0,,,,10146.0,,,,,,,,,,,,,,,,,""
10076251835,"Oct 21, 2023, 6:41:51 AM",Morning Trail Run,Run,"",8196,17.15,169.0,115,,,,activities/10794717646.fit.gz,,,8196.0,8045.0,17152.2,4.208,2.132,834.0,822.0,237.0,988.8,50.0,0.1,,,115.0,76.0,,143.0,,,1207.0,,26.0,115.0,,,,,,,,,,,0.0,,0.0,,1.0,21303.0,,,,,,,,,,,,,,,,,,,,,,,,,,0.0,2.093,14252.4,,,,19672.0,,,,,,,,,,,,,,,,,""
10073120873,"Oct 20, 2023, 1:06:40 PM",Afternoon Trail Run,Run,"",3718,9.61,172.0,67,,,,activities/10791458176.fit.gz,,,3718.0,3640.0,9613.9,4.93,2.641,281.8,273.0,205.9,451.4,47.4,0.0,,,96.0,79.0,,146.0,,,568.0,,27.0,67.0,,,,,,,,,,,0.0,,0.0,,1.0,10742.0,,,,,,,,,,,,,,,,,,,,,,,,,,0.0,2.586,7510.5,,,,9598.0,,,,,,,,,,,,,,,,,""
10070555010,"Oct 19, 2023, 4:32:21 PM",Evening Run,Run,,2416,5.82,145.0,9,,,,activities/10788755134.fit.gz,,,2416.0,2398.0,5824.9,3.748,2.429,81.0,89.0,196.0,215.6,17.9,-0.1,,,87.0,82.0,,125.0,,,322.0,,24.0,9.0,,,,,,,,,,,,,0.0,,1.0,5992.5,,,,,,,,,,,,,,,,,,,,,,,,,,0.0,2.411,5422.5,,,,6568.0,,,,,,,,,,,,,,,,,""
10061885359,"Oct 18, 2023, 10:01:33 AM",Afternoon Run,Run,"",3660,9.91,170.0,44,,,,activities/10779783481.fit.gz,,,3660.0,3307.0,9918.0,5.214,2.999,51.0,58.0,205.6,216.2,19.1,-0.1,,,115.0,85.0,,142.0,,,555.0,,24.0,44.0,,,,,,,,,,,0.0,,0.0,,1.0,10004.5,,,,,,,,,,,,,,,,,,,,,,,,,,0.0,2.71,9361.8,,,,9474.0,,,,,,,,,,,,,,,,,""
10061883697,"Oct 17, 2023, 10:05:30 AM",Afternoon Run,Run,,2883,8.10,161.0,57,,,,activities/10779781756.fit.gz,,,2883.0,2872.0,8104.1,4.433,2.822,52.0,65.0,200.2,216.4,21.5,-0.2,,,93.0,86.0,,148.0,,,473.0,,26.0,57.0,,,,,,,,,,,,,0.0,,1.0,8162.4,,,,,,,,,,,,,,,,,,,,,,,,,,0.0,2.811,7710.2,,,,8278.0,,,,,,,,,,,,,,,,,""
10052807720,"Oct 16, 2023, 4:47:20 PM",Evening Ride,Ride,,904,0,107.0,2,,,,activities/10770343696.fit.gz,,,904.0,904.0,0.0,0.0,0.0,0.0,0.0,0.0,0.0,0.0,0.0,,,,,,96.0,,,58.0,,26.0,2.0,,,,,,,,,,,,,0.0,,1.0,,,,,,,,,,,,,,,,,,,,,,,,,,,0.0,0.0,0.0,,,,,,,,,,,,,,,,,,,,,""
10045458060,"Oct 15, 2023, 1:18:21 PM",Afternoon Stand Up Paddling,Stand Up Paddling,"",2508,2.36,,,,,,activities/10045458060.fit,,,2508.0,1943.0,2366.0,2.0,1.218,19.8,14.2,-0.8,4.8,50.0,0.2,,,,,,,,,,,,,,,,,,,,,,,0.0,,0.0,,1.0,,,,,,,,,,,,,,,,,,,,,,,,,,,0.0,0.943,0.0,,,,,,,,,,,,,,,,,,,,,""
10045458083,"Oct 15, 2023, 12:26:43 PM",Afternoon Swim,Swim,,3098,"2,113",,,,,,activities/10045458083.fit,,,3098.0,3092.0,2113.0,5.263,0.683,0.0,2.0,-2.4,0.5,7.8,-0.1,,,,,,,,,,,,,,,,,,,,,,,,,0.0,,1.0,,,,,,,,,,,,,,,,,,,,,,,,,,,0.0,0.682,0.0,,,,,,,,,,,,,,,,,,,,,""
10052807568,"Oct 15, 2023, 12:17:51 PM",Afternoon Stand Up Paddling,Stand Up Paddling,,4303,3.48,120.0,6,,,,activities/10770343501.fit.gz,,,4303.0,3013.0,3485.4,10.346,1.157,52.5,51.6,-4.5,41.4,43.2,0.0,,,160.0,29.0,,93.0,,,215.0,,28.0,6.0,,,,,,,,,,,,,0.0,,1.0,,,,,,,,,,,,,,,,,,,,,,,,,,,0.0,0.81,0.0,,,,,,,,,,,,,,,,,,,,,""
10042293589,"Oct 15, 2023, 7:02:00 AM",Drifys ⛰️☀️,Run,"",13383,15.83,174.0,179,,,,activities/10759392553.fit.gz,,,13383.0,10387.0,15834.4,3.662,1.524,1383.6,1333.0,475.3,1726.3,49.9,0.0,,,123.0,68.0,,145.0,,,1473.0,,25.0,179.0,,,,,,,,,,,0.0,,0.0,,1.0,26206.6,,,,,,,,,,,,,,,,,,,,,,,,,,0.0,1.183,14075.7,,,,23196.0,,,,,,,,,,,,,,,,,""
10035936716,"Oct 14, 2023, 8:42:28 AM",Lunch Trail Run,Run,"",6684,15.13,181.0,126,,,,activities/10752753501.fit.gz,,,6684.0,6512.0,15137.6,5.256,2.325,657.0,652.0,245.8,843.0,48.6,0.0,,,120.0,78.0,,147.0,,,952.0,,28.0,126.0,,,,,,,,,,,0.0,,0.0,,1.0,18321.3,,,,,,,,,,,,,,,,,,,,,,,,,,0.0,2.265,14812.3,,,,17096.0,,,,,,,,,,,,,,,,,""
10029528156,"Oct 13, 2023, 5:36:07 AM",Morning Run,Run,,4297,11.18,165.0,76,,,,activities/10746083604.fit.gz,,,4297.0,4133.0,11181.9,5.232,2.706,67.0,73.0,204.6,218.2,15.9,0.0,,,92.0,87.0,,147.0,,,660.0,,21.0,76.0,,,,,,,,,,,,,0.0,,1.0,11275.6,,,,,,,,,,,,,,,,,,,,,,,,,,0.0,2.602,10722.8,,,,12010.0,,,,,,,,,,,,,,,,,""
10019641721,"Oct 11, 2023, 1:53:50 PM",Afternoon Trail Run,Run,"",6036,15.20,175.0,123,,,,activities/10735833937.fit.gz,,,6036.0,5910.0,15204.3,5.014,2.573,306.0,352.0,200.9,451.2,49.3,-0.1,,,123.0,84.0,,148.0,,,927.0,,23.0,123.0,,,,,,,,,,,0.0,,0.0,,1.0,16532.8,,,,,,,,,,,,,,,,,,,,,,,,,,0.0,2.519,12656.6,,,,16136.0,,,,,,,,,,,,,,,,,""
10011667957,"Oct 10, 2023, 5:57:08 AM",Morning Run,Run,,2873,8.20,172.0,73,,,,activities/10727585779.fit.gz,,,2873.0,2843.0,8201.4,5.944,2.885,59.0,58.0,201.6,215.6,16.6,0.0,,,93.0,88.0,,153.0,,,480.0,,24.0,73.0,,,,,,,,,,,,,0.0,,1.0,8295.8,,,,,,,,,,,,,,,,,,,,,,,,,,0.0,2.855,7269.5,,,,8432.0,,,,,,,,,,,,,,,,,""
10010295653,"Oct 8, 2023, 8:50:00 AM",Lunch Weight Training,Weight Training,,1930,0,138.0,6,,,,activities/10726156526.fit.gz,,,1930.0,1930.0,0.0,0.0,0.0,0.0,0.0,0.0,0.0,0.0,0.0,,,,,,115.0,,,180.0,,29.0,6.0,,,,,,,,,,,,,0.0,,1.0,,,,,,,,,,,,,,,,,,,,,,,,,,,0.0,0.0,0.0,,,,,,,,,,,,,,,,,,,,,""
9998117897,"Oct 8, 2023, 7:29:06 AM",Morning Trail Run,Run,,4351,10.01,174.0,109,,,,activities/10713445051.fit.gz,,,4351.0,4334.0,10009.2,4.158,2.309,553.3,450.0,194.5,578.4,27.3,0.0,,,116.0,80.0,,152.0,,,655.0,,26.0,109.0,,,,,,,,,,,,,0.0,,1.0,13576.5,,,,,,,,,,,,,,,,,,,,,,,,,,0.0,2.3,0.0,,,,11532.0,,,,,,,,,,,,,,,,,""
9992037386,"Oct 7, 2023, 7:29:03 AM",Vote long kamini,Run,"",7137,16.00,177.0,195,,,,activities/10707085726.fit.gz,,,7137.0,7037.0,16007.4,4.434,2.275,759.4,758.0,189.9,578.5,34.8,0.0,,,115.0,78.0,,155.0,,,1060.0,,28.0,195.0,,,,,,,,,,,0.0,,0.0,,1.0,20213.5,,,,,,,,,,,,,,,,,,,,,,,,,,0.0,2.243,0.0,,,,18420.0,,,,,,,,,,,,,,,,,""
9985944105,"Oct 6, 2023, 5:35:26 AM",Morning Run,Run,,3508,10.42,172.0,70,,,,activities/10700726474.fit.gz,,,3508.0,3416.0,10428.3,4.248,3.053,9.0,8.0,254.8,260.8,9.6,0.0,,,95.0,88.0,,149.0,,,603.0,,24.0,70.0,,,,,,,,,,,,,0.0,,1.0,10440.4,,,,,,,,,,,,,,,,,,,,,,,,,,0.0,2.973,0.0,,,,9976.0,,,,,,,,,,,,,,,,,""
9985943269,"Oct 5, 2023, 3:25:22 PM",Evening Run,Run,,609,1.39,129.0,1,,,,activities/10700725608.fit.gz,,,609.0,600.0,1398.3,3.018,2.331,8.0,12.0,155.4,168.6,6.9,-0.3,,,92.0,86.0,,113.0,,,80.0,,26.0,1.0,,,,,,,,,,,,,0.0,,1.0,1407.3,,,,,,,,,,,,,,,,,,,,,,,,,,0.0,2.296,0.0,,,,1658.0,,,,,,,,,,,,,,,,,""
9981643061,"Oct 5, 2023, 1:57:21 PM",Afternoon Run,Run,,719,1.70,143.0,3,,,,activities/10696261722.fit.gz,,,719.0,701.0,1700.2,3.218,2.425,17.0,9.0,154.0,170.0,12.9,0.5,,,91.0,86.0,,125.0,,,100.0,,28.0,3.0,,,,,,,,,,,,,0.0,,1.0,1737.3,,,,,,,,,,,,,,,,,,,,,,,,,,0.0,2.365,0.0,,,,1638.0,,,,,,,,,,,,,,,,,""
9975818696,"Oct 4, 2023, 2:11:47 PM",Afternoon Trail Run,Run,,5423,13.81,161.0,64,,,,activities/10690194612.fit.gz,,,5423.0,5294.0,13809.6,3.96,2.609,310.0,311.0,213.6,390.4,36.1,0.0,,,91.0,83.0,,139.0,,,781.0,,25.0,64.0,,,,,,,,,,,,,0.0,,1.0,14645.7,,,,,,,,,,,,,,,,,,,,,,,,,,0.0,2.546,12680.0,,,,14572.0,,,,,,,,,,,,,,,,,""
9973552325,"Oct 3, 2023, 10:32:02 AM",Afternoon Run,Run,,2860,8.00,157.0,33,,,,activities/10687817748.fit.gz,,,2860.0,2834.0,8006.5,3.743,2.825,51.0,59.0,203.4,216.2,20.0,-0.1,,,90.0,87.0,,140.0,,,443.0,,27.0,33.0,,,,,,,,,,,,,0.0,,1.0,8084.8,,,,,,,,,,,,,,,,,,,,,,,,,,0.0,2.799,7232.2,,,,8218.0,,,,,,,,,,,,,,,,,""
9960314294,"Oct 1, 2023, 1:26:07 PM",Afternoon Trail Run,Run,"",5714,15.19,168.0,108,,,,activities/10673995895.fit.gz,,,5714.0,5646.0,15198.3,4.48,2.692,85.0,88.0,206.2,212.8,13.4,0.0,,,90.0,87.0,,147.0,,,903.0,,27.0,108.0,,,,,,,,,,,0.0,,0.0,,1.0,15309.1,,,,,,,,,,,,,,,,,,,,,,,,,,0.0,2.66,15198.3,,,,16290.0,,,,,,,,,,,,,,,,,""
9949265772,"Sep 30, 2023, 11:05:43 AM",New pb xouni 55’ 🍻🍺🍻,Run,"",9088,15.25,176.0,156,,,,activities/10662310762.fit.gz,,,9088.0,8319.0,15252.9,4.714,1.834,1057.0,1049.0,498.6,1352.4,49.9,0.1,,,113.0,73.0,,147.0,,,1154.0,,24.0,156.0,,,,,,,,,,,0.0,,0.0,,1.0,22066.6,,,,,,,,,,,,,,,,,,,,,,,,,,0.0,1.678,14743.6,,,,20160.0,,,,,,,,,,,,,,,,,""
9937494349,"Sep 28, 2023, 9:54:10 AM",Lunch Run,Run,,2668,6.28,158.0,24,,,,activities/10650044131.fit.gz,,,2668.0,2624.0,6279.4,3.907,2.393,41.0,45.0,199.4,215.2,15.4,-0.1,,,90.0,86.0,,137.0,,,362.0,,27.0,24.0,,,,,,,,,,,,,0.0,,1.0,6348.6,,,,,,,,,,,,,,,,,,,,,,,,,,0.0,2.354,5958.0,,,,7614.0,,,,,,,,,,,,,,,,,""
9931053259,"Sep 27, 2023, 1:24:10 PM",1’ ανηφορικά 2 ‘ running,Run,"",5740,14.80,172.0,106,,,,activities/10643332143.fit.gz,,,5740.0,5607.0,14799.4,5.114,2.639,370.0,372.0,165.6,452.0,42.7,0.0,,,116.0,84.0,,147.0,,,865.0,,24.0,106.0,,,,,,,,,,,0.0,,0.0,,1.0,15921.7,,,,,,,,,,,,,,,,,,,,,,,,,,0.0,2.578,11761.3,,,,15702.0,,,,,,,,,,,,,,,,,""
9925160528,"Sep 26, 2023, 10:06:09 AM",Afternoon Run,Run,"",3306,8.63,159.0,58,,,,activities/10637152889.fit.gz,,,3306.0,3295.0,8636.6,3.827,2.621,132.0,133.0,196.4,216.8,25.6,0.0,,,89.0,85.0,,145.0,,,511.0,,29.0,58.0,,,,,,,,,,,0.0,,0.0,,1.0,8945.5,,,,,,,,,,,,,,,,,,,,,,,,,,0.0,2.612,7446.7,,,,9372.0,,,,,,,,,,,,,,,,,""
9925160455,"Sep 25, 2023, 4:48:49 PM",Evening Ride,Ride,,1706,0,117.0,4,,,,activities/10637152991.fit.gz,,,1706.0,1706.0,0.0,0.0,0.0,0.0,0.0,0.0,0.0,0.0,0.0,,,,,,99.0,,,88.0,,31.0,4.0,,,,,,,,,,,,,0.0,,1.0,,,,,,,,,,,,,,,,,,,,,,,,,,,0.0,0.0,0.0,,,,,,,,,,,,,,,,,,,,,""
9910347737,"Sep 24, 2023, 8:07:46 AM",15 🥵επιβίωσης με Δωρα,Run,"",6109,15.00,164.0,116,,,,activities/10621572127.fit.gz,,,6109.0,6079.0,15000.5,3.768,2.468,296.8,252.0,253.1,451.2,17.1,-0.1,,,124.0,83.0,,147.0,,,905.0,,33.0,116.0,,,,,,,,,,,0.0,,0.0,,1.0,15622.3,,,,,,,,,,,,,,,,,,,,,,,,,,0.0,2.455,14725.1,,,,16822.0,,,,,,,,,,,,,,,,,""
9910345275,"Sep 23, 2023, 1:04:58 PM",Afternoon Swim,Swim,,385,201,,,,,,activities/10621567910.fit.gz,,,385.0,385.0,200.5,0.968,0.521,0.0,0.3,9.7,10.0,0.0,-0.1,,,35.0,28.0,,,,,30.0,,25.0,,,,,,,,,,,,,,0.0,,1.0,,,,,,,,,,,,,,,,,,,,,,,,,,,0.0,0.521,201.1,,,,,,,,,,,,,,,,,,,,,""
9910345726,"Sep 23, 2023, 11:23:06 AM",Afternoon Stand Up Paddling,Stand Up Paddling,,5840,5.16,125.0,11,,,,activities/10621568229.fit.gz,,,5840.0,4250.0,5164.8,2.828,1.215,14.1,14.1,4.7,14.2,17.2,0.0,,,150.0,29.0,,105.0,,,349.0,,33.0,11.0,,,,,,,,,,,,,0.0,,1.0,,,,,,,,,,,,,,,,,,,,,,,,,,,0.0,0.884,1864.2,,,,,,,,,,,,,,,,,,,,,""
9902851286,"Sep 23, 2023, 7:00:31 AM",3 αναβάσεις 🤢🥵🥵🥵,Run,"",5609,9.00,176.0,126,,,,activities/10613683079.fit.gz,,,5609.0,5487.0,9001.8,4.447,1.641,674.5,656.0,215.2,450.7,49.1,0.0,,,123.0,67.0,,152.0,,,765.0,,32.0,126.0,,,,,,,,,,,0.0,,0.0,,1.0,13209.2,,,,,,,,,,,,,,,,,,,,,,,,,,0.0,1.605,1434.8,,,,11620.0,,,,,,,,,,,,,,,,,""
9897418455,"Sep 22, 2023, 5:38:05 AM",Morning Trail Run,Run,,2604,6.06,172.0,57,,,,activities/10607979996.fit.gz,,,2604.0,2604.0,6065.6,3.372,2.329,169.0,174.0,216.2,372.2,23.4,-0.1,,,90.0,82.0,,149.0,,,389.0,,28.0,57.0,,,,,,,,,,,,,0.0,,1.0,6636.8,,,,,,,,,,,,,,,,,,,,,,,,,,0.0,2.329,5576.1,,,,7068.0,,,,,,,,,,,,,,,,,""
9887174237,"Sep 20, 2023, 2:44:27 PM",Afternoon Trail Run,Run,"",5749,15.01,167.0,112,,,,activities/10597276444.fit.gz,,,5749.0,5537.0,15015.8,5.158,2.712,362.0,361.0,184.4,450.0,25.0,0.0,,,110.0,85.0,,147.0,,,866.0,,28.0,112.0,,,,,,,,,,,0.0,,0.0,,1.0,15913.5,,,,,,,,,,,,,,,,,,,,,,,,,,0.0,2.612,12801.4,,,,15482.0,,,,,,,,,,,,,,,,,""
9886581473,"Sep 19, 2023, 1:32:01 PM",Afternoon Run,Run,,561,1.21,149.0,2,,,,activities/10596660861.fit.gz,,,561.0,539.0,1209.9,3.478,2.245,12.0,5.0,154.4,169.0,6.0,0.6,,,90.0,84.0,,123.0,,,70.0,,30.0,2.0,,,,,,,,,,,,,0.0,,1.0,1236.6,,,,,,,,,,,,,,,,,,,,,,,,,,0.0,2.157,0.0,,,,1146.0,,,,,,,,,,,,,,,,,""
9878946249,"Sep 19, 2023, 5:33:51 AM",Morning Run,Run,,3094,8.26,176.0,70,,,,activities/10588674478.fit.gz,,,3094.0,2929.0,8259.4,4.376,2.82,48.0,56.0,205.6,217.2,31.2,-0.1,,,95.0,86.0,,152.0,,,497.0,,25.0,70.0,,,,,,,,,,,,,0.0,,1.0,8329.3,,,,,,,,,,,,,,,,,,,,,,,,,,0.0,2.67,7654.7,,,,8456.0,,,,,,,,,,,,,,,,,""
9871772601,"Sep 18, 2023, 5:31:38 AM",Morning Run,Run,,2507,5.56,162.0,49,,,,activities/10581160004.fit.gz,,,2507.0,2300.0,5559.4,8.716,2.417,43.0,51.0,205.8,215.0,40.6,-0.2,,,89.0,85.0,,149.0,,,388.0,,26.0,49.0,,,,,,,,,,,,,0.0,,1.0,5637.4,,,,,,,,,,,,,,,,,,,,,,,,,,0.0,2.218,5317.2,,,,7130.0,,,,,,,,,,,,,,,,,""
9862850971,"Sep 16, 2023, 10:57:18 AM",First skalaki of season 🤢,Run,"",5846,9.21,189.0,173,,,,activities/10571751187.fit.gz,,,5846.0,5517.0,9217.8,4.07,1.671,728.0,719.0,498.0,1046.8,49.7,0.1,,,120.0,70.0,,159.0,,,883.0,,32.0,173.0,,,,,,,,,,,0.0,,0.0,,1.0,14152.3,,,,,,,,,,,,,,,,,,,,,,,,,,0.0,1.577,9022.4,,,,11822.0,,,,,,,,,,,,,,,,,""
9855296954,"Sep 15, 2023, 3:26:03 PM",Evening Run,Run,"",3535,10.17,164.0,56,,,,activities/10563830164.fit.gz,,,3535.0,3362.0,10171.8,4.728,3.026,10.0,8.0,252.6,258.6,6.8,0.0,,,92.0,86.0,,145.0,,,577.0,,28.0,56.0,,,,,,,,,,,0.0,,0.0,,1.0,10190.6,,,,,,,,,,,,,,,,,,,,,,,,,,0.0,2.877,0.0,,,,9630.0,,,,,,,,,,,,,,,,,""
9848704155,"Sep 14, 2023, 2:27:29 PM",Afternoon Trail Run,Run,"",4271,8.10,170.0,84,,,,activities/10556935034.fit.gz,,,4271.0,4227.0,8100.6,3.73,1.916,461.2,446.0,202.6,450.7,49.2,-0.1,,,117.0,72.0,,148.0,,,602.0,,30.0,84.0,,,,,,,,,,,0.0,,0.0,,1.0,10802.3,,,,,,,,,,,,,,,,,,,,,,,,,,0.0,1.897,2754.9,,,,9988.0,,,,,,,,,,,,,,,,,""
9848700796,"Sep 13, 2023, 3:28:36 PM",Evening Walk,Walk,,854,1.22,109.0,1,,,,activities/10556931532.fit.gz,,,854.0,854.0,1226.4,2.054,1.436,7.0,10.0,152.8,164.8,6.9,-0.3,,,63.0,60.0,,83.0,,,58.0,,31.0,1.0,,,,,,,,,,,,,0.0,,1.0,,,,,,,,,,,,,,,,,,,,,,,,,,,0.0,1.436,0.0,,,,1178.0,,,,,,,,,,,,,,,,,""
9837056978,"Sep 12, 2023, 10:51:25 AM",Afternoon Run,Run,"",2569,5.48,163.0,22,,,,activities/10544723471.fit.gz,,,2569.0,2215.0,5485.7,5.387,2.477,26.0,28.0,210.4,216.0,15.5,0.0,,,96.0,86.0,,139.0,,,339.0,,30.0,22.0,,,,,,,,,,,0.0,,0.0,,1.0,5532.4,,,,,,,,,,,,,,,,,,,,,,,,,,0.0,2.135,5487.0,,,,6476.0,,,,,,,,,,,,,,,,,""
9837056155,"Sep 11, 2023, 5:00:38 PM",Evening Weight Training,Weight Training,,2030,0,133.0,5,,,,activities/10544722564.fit.gz,,,2030.0,2030.0,0.0,0.0,0.0,0.0,0.0,0.0,0.0,0.0,0.0,,,,,,101.0,,,143.0,,30.0,5.0,,,,,,,,,,,,,0.0,,1.0,,,,,,,,,,,,,,,,,,,,,,,,,,,0.0,0.0,0.0,,,,,,,,,,,,,,,,,,,,,""
9837055519,"Sep 11, 2023, 4:32:20 PM",Evening Ride,Ride,,1505,0,125.0,4,,,,activities/10544722046.fit.gz,,,1505.0,1505.0,0.0,0.0,0.0,0.0,0.0,0.0,0.0,0.0,0.0,,,,,,111.0,,,135.0,,30.0,4.0,,,,,,,,,,,,,0.0,,1.0,,,,,,,,,,,,,,,,,,,,,,,,,,,0.0,0.0,0.0,,,,,,,,,,,,,,,,,,,,,""
9820932365,"Sep 10, 2023, 8:18:27 AM",Πρώτο long της σεζόν 🤢🥵,Run,"",6279,15.80,172.0,169,,,,activities/10527731832.fit.gz,,,6279.0,6234.0,15806.1,3.754,2.535,251.0,317.0,210.4,370.2,43.1,-0.4,,,88.0,83.0,,154.0,,,942.0,,30.0,169.0,,,,,,,,,,,0.0,,0.0,,1.0,16299.5,,,,,,,,,,,,,,,,,,,,,,,,,,0.0,2.517,15080.1,,,,17314.0,,,,,,,,,,,,,,,,,""
9813457643,"Sep 9, 2023, 8:42:01 AM",Ανηφόρα πρώτη της σεζόν 🥵🤢,Run,"",6477,10.02,181.0,146,,,,activities/10519842200.fit.gz,,,6477.0,6079.0,10020.0,4.034,1.648,814.0,808.0,276.2,993.0,49.9,0.1,,,118.0,66.0,,151.0,,,879.0,,28.0,146.0,,,,,,,,,,,0.0,,0.0,,1.0,15406.2,,,,,,,,,,,,,,,,,,,,,,,,,,0.0,1.547,8717.3,,,,13496.0,,,,,,,,,,,,,,,,,""
9811878614,"Sep 8, 2023, 10:02:17 AM",Afternoon Run,Run,,1737,4.42,166.0,16,,,,activities/10518176593.fit.gz,,,1737.0,1632.0,4422.5,4.445,2.71,45.0,49.0,206.6,225.0,13.1,-0.1,,,93.0,85.0,,138.0,,,258.0,,30.0,16.0,,,,,,,,,,,,,0.0,,1.0,4520.7,,,,,,,,,,,,,,,,,,,,,,,,,,0.0,2.546,3606.8,,,,4640.0,,,,,,,,,,,,,,,,,""
9801448853,"Sep 7, 2023, 10:31:18 AM",Afternoon Trail Run,Run,"",3606,10.29,173.0,91,,,,activities/10507213889.fit.gz,,,3606.0,3606.0,10294.8,4.73,2.855,260.0,260.0,211.4,450.2,24.3,0.0,,,91.0,86.0,,153.0,,,590.0,,23.0,91.0,,,,,,,,,,,0.0,,0.0,,1.0,10919.3,,,,,,,,,,,,,,,,,,,,,,,,,,0.0,2.855,9278.1,,,,10350.0,,,,,,,,,,,,,,,,,""
9790342887,"Sep 5, 2023, 4:37:06 PM",Evening Run,Run,,2710,8.01,158.0,36,,,,activities/10495540128.fit.gz,,,2710.0,2710.0,8013.8,3.885,2.957,55.0,54.0,204.4,214.8,19.9,0.0,,,86.0,84.0,,141.0,,,395.0,,26.0,36.0,,,,,,,,,,,,,0.0,,1.0,8101.5,,,,,,,,,,,,,,,,,,,,,,,,,,0.0,2.957,0.0,,,,7592.0,,,,,,,,,,,,,,,,,""
9790341757,"Sep 4, 2023, 8:45:20 AM",Lunch Weight Training,Weight Training,,2184,0,154.0,8,,,,activities/10495538951.fit.gz,,,2184.0,2184.0,0.0,0.0,0.0,0.0,0.0,0.0,0.0,0.0,0.0,,,,,,117.0,,,197.0,,29.0,8.0,,,,,,,,,,,,,0.0,,1.0,,,,,,,,,,,,,,,,,,,,,,,,,,,0.0,0.0,0.0,,,,,,,,,,,,,,,,,,,,,""
9790340918,"Sep 4, 2023, 8:15:26 AM",Lunch Ride,Ride,,1566,0,142.0,9,,,,activities/10495538154.fit.gz,,,1566.0,1566.0,0.0,0.0,0.0,0.0,0.0,0.0,0.0,0.0,0.0,,,,,,124.0,,,182.0,,30.0,9.0,,,,,,,,,,,,,0.0,,1.0,,,,,,,,,,,,,,,,,,,,,,,,,,,0.0,0.0,0.0,,,,,,,,,,,,,,,,,,,,,""
9774519094,"Sep 3, 2023, 7:32:24 AM",Nafpaktia running 🏃🏽‍♀️,Run,"",5249,13.38,182.0,215,,,,activities/10478810867.fit.gz,,,5249.0,5188.0,13383.3,4.644,2.58,570.4,486.0,1008.8,1365.8,42.7,0.0,,,93.0,85.0,,166.0,,,871.0,,25.0,215.0,,,,,,,,,,,0.0,,0.0,,1.0,16654.2,,,,,,,,,,,,,,,,,,,,,,,,,,0.0,2.55,5345.2,,,,14556.0,,,,,,,,,,,,,,,,,""
9774515171,"Sep 3, 2023, 7:11:30 AM",Morning Trail Run,Run,,830,1.86,157.0,5,,,,activities/10478806711.fit.gz,,,830.0,815.0,1862.3,4.92,2.285,28.0,38.0,1011.2,1029.6,30.1,-0.6,,,91.0,81.0,,133.0,,,111.0,,28.0,5.0,,,,,,,,,,,,,0.0,,1.0,1906.5,,,,,,,,,,,,,,,,,,,,,,,,,,0.0,2.244,1727.3,,,,2210.0,,,,,,,,,,,,,,,,,""
9769043800,"Sep 2, 2023, 2:09:12 PM",Afternoon Trail Run,Run,,2067,4.72,,,,,,activities/9769043800.fit,,,2067.0,1745.0,4719.0,5.6,2.704,178.0,176.0,943.8,1096.2,49.1,0.0,,,,,,,,,,,,,,,,,,,,,,,,,0.0,,1.0,5477.3,,,,,,,,,,,,,,,,,,,,,,,,,,0.0,2.283,2651.0,,,,,,,,,,,,,,,,,,,,,""
9774514301,"Sep 1, 2023, 2:09:55 PM",Afternoon Trail Run,Run,,2265,5.12,146.0,11,,,,activities/10478805832.fit.gz,,,2265.0,2242.0,5128.7,4.467,2.288,179.0,174.0,209.6,361.2,30.8,0.1,,,117.0,80.0,,127.0,,,301.0,,29.0,11.0,,,,,,,,,,,,,0.0,,1.0,5723.0,,,,,,,,,,,,,,,,,,,,,,,,,,0.0,2.264,4310.4,,,,5938.0,,,,,,,,,,,,,,,,,""
9756019662,"Aug 31, 2023, 8:22:24 AM",Lunch Trail Run,Run,,3209,7.51,183.0,85,,,,activities/10459216078.fit.gz,,,3209.0,3092.0,7511.3,4.153,2.429,266.5,262.0,205.3,450.7,49.5,0.0,,,117.0,78.0,,154.0,,,511.0,,32.0,85.0,,,,,,,,,,,,,0.0,,1.0,8791.1,,,,,,,,,,,,,,,,,,,,,,,,,,0.0,2.341,5453.9,,,,7738.0,,,,,,,,,,,,,,,,,""
9756018127,"Aug 30, 2023, 4:38:10 PM",Evening Run,Run,,1513,3.45,151.0,9,,,,activities/10459214464.fit.gz,,,1513.0,1501.0,3449.3,3.604,2.298,47.0,54.0,197.2,219.8,15.7,-0.2,,,88.0,83.0,,133.0,,,201.0,,29.0,9.0,,,,,,,,,,,,,0.0,,1.0,3562.6,,,,,,,,,,,,,,,,,,,,,,,,,,0.0,2.28,1757.9,,,,4148.0,,,,,,,,,,,,,,,,,""
9744926460,"Aug 29, 2023, 4:31:57 PM",Evening Run,Run,,2781,7.08,170.0,29,,,,activities/10447365978.fit.gz,,,2781.0,2529.0,7088.3,4.94,2.803,9.0,6.0,255.6,261.0,8.0,0.0,,,124.0,84.0,,137.0,,,394.0,,29.0,29.0,,,,,,,,,,,,,0.0,,1.0,7104.4,,,,,,,,,,,,,,,,,,,,,,,,,,0.0,2.549,7089.7,,,,7058.0,,,,,,,,,,,,,,,,,""
9732315995,"Aug 27, 2023, 3:25:44 PM",Evening Trail Run,Run,"",5549,13.56,185.0,148,,,,activities/10434072726.fit.gz,,,5549.0,5461.0,13568.4,3.758,2.485,445.6,434.0,210.7,451.2,33.2,0.0,,,92.0,83.0,,154.0,,,847.0,,31.0,148.0,,,,,,,,,,,0.0,,0.0,,1.0,15059.4,,,,,,,,,,,,,,,,,,,,,,,,,,0.0,2.445,11646.3,,,,15052.0,,,,,,,,,,,,,,,,,""
9725343523,"Aug 26, 2023, 2:31:01 PM",Afternoon Trail Run,Run,,5197,11.35,176.0,133,,,,activities/10426644347.fit.gz,,,5197.0,5123.0,11358.4,4.616,2.217,459.1,459.0,205.6,451.1,42.9,-0.1,,,108.0,77.0,,154.0,,,779.0,,31.0,133.0,,,,,,,,,,,,,0.0,,1.0,13787.9,,,,,,,,,,,,,,,,,,,,,,,,,,0.0,2.186,9139.6,,,,12874.0,,,,,,,,,,,,,,,,,""
9720248699,"Aug 25, 2023, 4:49:58 PM",Evening Run,Run,,2134,5.00,154.0,18,,,,activities/10421275305.fit.gz,,,2134.0,2030.0,5007.7,3.57,2.467,67.0,68.0,198.6,216.0,16.3,0.0,,,84.0,82.0,,137.0,,,295.0,,31.0,18.0,,,,,,,,,,,,,0.0,,1.0,5141.0,,,,,,,,,,,,,,,,,,,,,,,,,,0.0,2.347,3865.4,,,,5576.0,,,,,,,,,,,,,,,,,""
9713184744,"Aug 24, 2023, 3:52:11 PM",Evening Trail Run,Run,"",4220,8.41,176.0,83,,,,activities/10413815919.fit.gz,,,4220.0,4152.0,8410.6,4.329,2.026,452.3,433.0,194.7,436.9,49.5,0.0,,,116.0,74.0,,148.0,,,607.0,,31.0,83.0,,,,,,,,,,,0.0,,0.0,,1.0,11008.6,,,,,,,,,,,,,,,,,,,,,,,,,,0.0,1.993,5117.9,,,,9892.0,,,,,,,,,,,,,,,,,""
9706858681,"Aug 23, 2023, 4:29:21 PM",Evening Trail Run,Run,,2874,8.01,176.0,75,,,,activities/10407121285.fit.gz,,,2874.0,2871.0,8015.4,4.573,2.792,107.0,114.0,149.8,215.8,14.0,-0.1,,,87.0,84.0,,154.0,,,453.0,,30.0,75.0,,,,,,,,,,,,,0.0,,1.0,8226.0,,,,,,,,,,,,,,,,,,,,,,,,,,0.0,2.789,5092.6,,,,8042.0,,,,,,,,,,,,,,,,,""
9700344738,"Aug 22, 2023, 4:46:16 PM",Evening Trail Run,Run,,2715,6.48,170.0,47,,,,activities/10400220766.fit.gz,,,2715.0,2603.0,6484.9,4.003,2.491,156.0,146.0,190.4,319.6,49.7,0.2,,,103.0,79.0,,146.0,,,401.0,,31.0,47.0,,,,,,,,,,,,,0.0,,1.0,7245.1,,,,,,,,,,,,,,,,,,,,,,,,,,0.0,2.389,5803.7,,,,6920.0,,,,,,,,,,,,,,,,,""
9700343063,"Aug 20, 2023, 12:46:56 PM",Afternoon Swim,Swim,,850,562,78.0,1,,,,activities/10400218991.fit.gz,,,850.0,850.0,562.1,5.344,0.661,0.0,0.3,-0.2,0.4,3.2,-0.1,,,48.0,26.0,,78.0,,,101.0,,27.0,1.0,,,,,,,,,,,,,0.0,,1.0,,,,,,,,,,,,,,,,,,,,,,,,,,,0.0,0.661,0.0,,,,,,,,,,,,,,,,,,,,,""
9683055245,"Aug 19, 2023, 5:10:42 PM",Evening Trail Run,Run,"",1979,4.59,164.0,23,,,,activities/10381423145.fit.gz,,,1979.0,1941.0,4597.5,4.598,2.369,162.0,161.0,216.2,364.8,37.9,0.0,,,113.0,79.0,,138.0,,,273.0,,29.0,23.0,,,,,,,,,,,0.0,,0.0,,1.0,5220.8,,,,,,,,,,,,,,,,,,,,,,,,,,0.0,2.323,3297.7,,,,5090.0,,,,,,,,,,,,,,,,,""
9653705948,"Aug 15, 2023, 4:10:29 PM",Evening Swim,Swim,"",1584,745,,,,,,activities/10350408227.fit.gz,,,1584.0,1584.0,745.0,3.124,0.47,0.0,1.0,-1.9,0.8,31.1,-0.1,,,41.0,28.0,,,,,125.0,,25.0,,,,,,,,,,,,0.0,,0.0,,1.0,,,,,,,,,,,,,,,,,,,,,,,,,,,0.0,0.47,0.0,,,,,,,,,,,,,,,,,,,,,""
9653704843,"Aug 15, 2023, 2:09:36 PM",Afternoon Trail Run,Run,"",4744,6.36,169.0,40,,,,activities/10350407094.fit.gz,,,4744.0,4422.0,6367.8,4.288,1.44,344.6,306.0,42.5,309.2,49.5,0.0,,,123.0,70.0,,138.0,,,489.0,,32.0,40.0,,,,,,,,,,,0.0,,0.0,,1.0,8664.3,,,,,,,,,,,,,,,,,,,,,,,,,,0.0,1.342,0.0,,,,7196.0,,,,,,,,,,,,,,,,,""
9647263110,"Aug 14, 2023, 5:09:44 PM",Evening Trail Run,Run,,2992,6.81,172.0,60,,,,activities/10343644792.fit.gz,,,2992.0,2731.0,6813.3,4.346,2.495,404.7,311.0,197.7,542.4,38.1,0.0,,,91.0,82.0,,150.0,,,434.0,,27.0,60.0,,,,,,,,,,,,,0.0,,1.0,9232.5,,,,,,,,,,,,,,,,,,,,,,,,,,0.0,2.277,0.0,,,,7524.0,,,,,,,,,,,,,,,,,""
9645262654,"Aug 14, 2023, 11:02:51 AM",Acheron sup to ammoudia ,Stand Up Paddling,"",5118,5.56,99.0,8,,,,activities/10341543892.fit.gz,,,5118.0,4693.0,5567.2,2.09,1.186,19.8,20.8,-2.2,4.1,4.6,0.0,,,60.0,29.0,,85.0,,,217.0,,35.0,8.0,,,,,,,,,,,0.0,,0.0,,1.0,,,,,,,,,,,,,,,,,,,,,,,,,,,0.0,1.088,272.4,,,,,,,,,,,,,,,,,,,,,""
9641752700,"Aug 13, 2023, 3:58:56 PM",Karavostasi tour 🐋,Run,"",5113,6.91,161.0,25,,,,activities/10337832927.fit.gz,,,5113.0,3563.0,6914.9,4.473,1.941,366.0,373.0,22.6,232.4,49.6,-0.1,,,123.0,71.0,,129.0,,,498.0,,29.0,25.0,,,,,,,,,,,0.0,,0.0,,1.0,8867.5,,,,,,,,,,,,,,,,,,,,,,,,,,0.0,1.352,1966.9,,,,8462.0,,,,,,,,,,,,,,,,,""
9641749411,"Aug 13, 2023, 2:34:15 PM",Afternoon Swim,Swim,"",2260,"1,259",82.0,4,,,,activities/10337829473.fit.gz,,,2260.0,2260.0,1259.3,5.412,0.557,0.0,-0.2,-1.4,0.7,14.4,0.0,,,43.0,29.0,,82.0,,,196.0,,25.0,4.0,,,,,,,,,,,0.0,,0.0,,1.0,,,,,,,,,,,,,,,,,,,,,,,,,,,0.0,0.557,0.0,,,,,,,,,,,,,,,,,,,,,""
9633436919,"Aug 11, 2023, 1:24:31 PM",Afternoon Swim,Swim,,2028,971,84.0,3,,,,activities/10329033784.fit.gz,,,2028.0,2028.0,971.1,3.254,0.479,0.0,3.2,-2.4,1.6,14.7,-0.3,,,48.0,26.0,,84.0,,,151.0,,26.0,3.0,,,,,,,,,,,,,0.0,,1.0,,,,,,,,,,,,,,,,,,,,,,,,,,,0.0,0.479,0.0,,,,,,,,,,,,,,,,,,,,,""
9633435414,"Aug 11, 2023, 10:43:13 AM",Afternoon Stand Up Paddling,Stand Up Paddling,,6232,4.87,114.0,10,,,,activities/10329032232.fit.gz,,,6232.0,4527.0,4875.2,13.657,1.077,45.6,53.6,-2.8,13.0,39.2,-0.2,,,87.0,27.0,,94.0,,,308.0,,31.0,10.0,,,,,,,,,,,,,0.0,,1.0,,,,,,,,,,,,,,,,,,,,,,,,,,,0.0,0.782,0.0,,,,,,,,,,,,,,,,,,,,,""
9619347848,"Aug 10, 2023, 9:50:52 AM",Χιονίστρα ⚡️😶‍🌫️🫨😑,Run,"",8205,8.19,167.0,85,,,,activities/10314161398.fit.gz,,,8205.0,6095.0,8198.7,3.528,1.345,739.0,729.0,831.8,1545.8,50.0,0.1,,,120.0,58.0,,141.0,,,837.0,,25.0,85.0,,,,,,,,,,,0.0,,0.0,,1.0,13456.1,,,,,,,,,,,,,,,,,,,,,,,,,,0.0,0.999,7872.1,,,,11280.0,,,,,,,,,,,,,,,,,""
9613299964,"Aug 9, 2023, 10:27:26 AM",Sivota tour part 2,Stand Up Paddling,"",9481,8.45,128.0,16,,,,activities/10307760480.fit.gz,,,9481.0,7686.0,8451.2,4.071,1.1,123.5,133.9,-5.9,54.7,49.8,-0.1,,,107.0,31.0,,93.0,,,443.0,,32.0,16.0,,,,,,,,,,,0.0,,0.0,,1.0,,,,,,,,,,,,,,,,,,,,,,,,,,,0.0,0.891,0.0,,,,,,,,,,,,,,,,,,,,,""
9607487296,"Aug 8, 2023, 2:24:03 PM",Gorilas : καλοκαίρι 🙅🏼‍♀️δύσκολο το τερέν … παρά πολυ ψηλή βλάστηση ,Run,"",7474,11.35,174.0,142,,,,activities/10301629255.fit.gz,,,7474.0,6029.0,11354.6,4.994,1.883,792.6,770.0,711.1,1511.8,49.1,-0.1,,,124.0,73.0,,152.0,,,932.0,,27.0,142.0,,,,,,,,,,,0.0,,0.0,,1.0,16249.4,,,,,,,,,,,,,,,,,,,,,,,,,,0.0,1.519,8164.9,,,,14634.0,,,,,,,,,,,,,,,,,""
9606385777,"Aug 8, 2023, 9:16:37 AM",Lunch Weight Training,Weight Training,,2012,0,148.0,6,,,,activities/10300460895.fit.gz,,,2012.0,2012.0,0.0,0.0,0.0,0.0,0.0,0.0,0.0,0.0,0.0,,,,,,110.0,,,172.0,,31.0,6.0,,,,,,,,,,,,,0.0,,1.0,,,,,,,,,,,,,,,,,,,,,,,,,,,0.0,0.0,0.0,,,,,,,,,,,,,,,,,,,,,""
9599784584,"Aug 7, 2023, 9:50:06 AM",Sivota sup tour 🙆🏼‍♀️,Stand Up Paddling,"",9985,7.34,113.0,15,,,,activities/10293525287.fit.gz,,,9985.0,7546.0,7346.1,6.728,0.974,9.1,8.9,-3.0,6.3,23.8,0.0,,,80.0,28.0,,91.0,,,472.0,,31.0,15.0,,,,,,,,,,,0.0,,0.0,,1.0,,,,,,,,,,,,,,,,,,,,,,,,,,,0.0,0.736,0.0,,,,,,,,,,,,,,,,,,,,,""
9596083813,"Aug 6, 2023, 2:26:26 PM",Afternoon Hike,Hike,"",12384,7.52,,,,,,activities/9596083813.fit,,,12384.0,6575.0,7525.0,8.2,1.144,305.6,325.0,8.1,209.1,49.1,-0.1,,,,,,,,,,,,,,,,,,,,,,,0.0,,0.0,,1.0,,,,,,,,,,,,,,,,,,,,,,,,,,,0.0,0.608,1076.0,,,,,,,,,,,,,,,,,,,,,""
9599780627,"Aug 6, 2023, 9:39:51 AM",Lunch Stand Up Paddling,Stand Up Paddling,,4605,3.38,121.0,7,,,,activities/10293521093.fit.gz,,,4605.0,3560.0,3379.2,1.676,0.949,42.4,42.7,-2.3,20.4,49.8,0.0,,,96.0,29.0,,91.0,,,233.0,,28.0,7.0,,,,,,,,,,,,,0.0,,1.0,,,,,,,,,,,,,,,,,,,,,,,,,,,0.0,0.734,0.0,,,,,,,,,,,,,,,,,,,,,""
9588731936,"Aug 5, 2023, 12:52:55 PM",Afternoon Stand Up Paddling,Stand Up Paddling,,1297,0.93,103.0,1,,,,activities/10281812274.fit.gz,,,1297.0,984.0,935.2,1.565,0.95,2.5,10.1,-0.5,10.0,16.4,-0.8,,,44.0,28.0,,88.0,,,64.0,,31.0,1.0,,,,,,,,,,,,,0.0,,1.0,,,,,,,,,,,,,,,,,,,,,,,,,,,0.0,0.721,0.0,,,,,,,,,,,,,,,,,,,,,""
9588731068,"Aug 5, 2023, 8:20:22 AM",Skala tzavelainas +Acheron down,Run,"",9917,10.41,162.0,41,,,,activities/10281811330.fit.gz,,,9917.0,5730.0,10409.3,5.174,1.817,534.0,459.0,62.4,320.8,47.4,0.7,,,122.0,71.0,,126.0,,,770.0,,29.0,41.0,,,,,,,,,,,0.0,,0.0,,1.0,13193.8,,,,,,,,,,,,,,,,,,,,,,,,,,0.0,1.05,5686.8,,,,11926.0,,,,,,,,,,,,,,,,,""
9582826341,"Aug 4, 2023, 2:38:00 PM",Afternoon Stand Up Paddling,Stand Up Paddling,,4295,3.58,125.0,9,,,,activities/10275559438.fit.gz,,,4295.0,3189.0,3581.2,2.553,1.123,35.6,31.5,-6.9,25.0,49.0,0.1,,,74.0,27.0,,111.0,,,313.0,,31.0,9.0,,,,,,,,,,,,,0.0,,1.0,,,,,,,,,,,,,,,,,,,,,,,,,,,0.0,0.834,0.0,,,,,,,,,,,,,,,,,,,,,""
9580131335,"Aug 4, 2023, 6:48:55 AM",Tour ston ag arseni 🤩,Run,"",9272,13.16,192.0,189,,,,activities/10272710195.fit.gz,,,9272.0,6897.0,13163.0,4.29,1.909,881.1,857.0,553.8,1293.7,49.7,-0.1,,,111.0,74.0,,155.0,,,1148.0,,30.0,189.0,,,,,,,,,,,0.0,,0.0,,1.0,18725.9,,,,,,,,,,,,,,,,,,,,,,,,,,0.0,1.42,8445.6,,,,17290.0,,,,,,,,,,,,,,,,,""
9581003468,"Aug 3, 2023, 9:22:10 AM",Lunch Trail Run,Run,,1724,1.47,,,,,,activities/9581003468.fit,,,1724.0,1253.0,1469.0,2.2,1.172,107.0,85.0,594.6,653.4,45.7,1.2,,,,,,,,,,,,,,,,,,,,,,,,,0.0,,1.0,2016.5,,,,,,,,,,,,,,,,,,,,,,,,,,0.0,0.852,18.0,,,,,,,,,,,,,,,,,,,,,""
9580126464,"Aug 2, 2023, 8:08:49 AM",Lunch Weight Training,Weight Training,,2353,0,159.0,12,,,,activities/10272705136.fit.gz,,,2353.0,2353.0,0.0,0.0,0.0,0.0,0.0,0.0,0.0,0.0,0.0,,,,,,121.0,,,245.0,,30.0,12.0,,,,,,,,,,,,,0.0,,1.0,,,,,,,,,,,,,,,,,,,,,,,,,,,0.0,0.0,0.0,,,,,,,,,,,,,,,,,,,,,""
9563586104,"Aug 1, 2023, 4:08:09 PM",Evening Trail Run,Run,,3177,7.07,167.0,73,,,,activities/10255261366.fit.gz,,,3177.0,3125.0,7070.8,4.264,2.263,368.2,350.0,197.8,578.7,30.1,-0.3,,,113.0,78.0,,151.0,,,468.0,,30.0,73.0,,,,,,,,,,,,,0.0,,1.0,9221.7,,,,,,,,,,,,,,,,,,,,,,,,,,0.0,2.226,0.0,,,,8106.0,,,,,,,,,,,,,,,,,""
9563583353,"Aug 1, 2023, 8:19:38 AM","Booty
Abs
Arms",Weight Training,"",5264,0,153.0,18,,,,activities/10255258199.fit.gz,,,5264.0,5264.0,0.0,0.0,0.0,0.0,0.0,0.0,0.0,0.0,0.0,,,,,,111.0,,,411.0,,30.0,18.0,,,,,,,,,,,0.0,,0.0,,1.0,,,,,,,,,,,,,,,,,,,,,,,,,,,0.0,0.0,0.0,,,,,,,,,,,,,,,,,,,,,""
9557049324,"Jul 31, 2023, 4:02:42 PM",Evening Trail Run,Run,,3733,8.06,181.0,118,,,,activities/10248269780.fit.gz,,,3733.0,3616.0,8063.1,4.347,2.23,455.4,343.0,197.7,542.4,21.3,0.0,,,122.0,80.0,,159.0,,,548.0,,32.0,118.0,,,,,,,,,,,,,0.0,,1.0,10823.9,,,,,,,,,,,,,,,,,,,,,,,,,,0.0,2.16,0.0,,,,9528.0,,,,,,,,,,,,,,,,,""
9557045988,"Jul 31, 2023, 8:01:34 AM","Booty 
Arms
Abs",Weight Training,"",4400,0,151.0,14,,,,activities/10248266254.fit.gz,,,4400.0,4400.0,0.0,0.0,0.0,0.0,0.0,0.0,0.0,0.0,0.0,,,,,,111.0,,,350.0,,29.0,14.0,,,,,,,,,,,0.0,,0.0,,1.0,,,,,,,,,,,,,,,,,,,,,,,,,,,0.0,0.0,0.0,,,,,,,,,,,,,,,,,,,,,""
9551213186,"Jul 30, 2023, 3:25:28 PM",Evening Trail Run,Run,,3514,7.53,172.0,111,,,,activities/10242073002.fit.gz,,,3514.0,3464.0,7536.1,3.634,2.176,390.6,355.0,197.7,577.8,48.1,0.0,,,86.0,76.0,,159.0,,,547.0,,32.0,111.0,,,,,,,,,,,,,0.0,,1.0,9706.8,,,,,,,,,,,,,,,,,,,,,,,,,,0.0,2.145,0.0,,,,8826.0,,,,,,,,,,,,,,,,,""
9549358933,"Jul 30, 2023, 8:39:07 AM","Booty 
Arms
Abs",Weight Training,"",3518,0,160.0,16,,,,activities/10240115181.fit.gz,,,3518.0,3518.0,0.0,0.0,0.0,0.0,0.0,0.0,0.0,0.0,0.0,,,,,,121.0,,,361.0,,30.0,16.0,,,,,,,,,,,0.0,,0.0,,1.0,,,,,,,,,,,,,,,,,,,,,,,,,,,0.0,0.0,0.0,,,,,,,,,,,,,,,,,,,,,""
9549358000,"Jul 29, 2023, 5:16:40 PM","Village Wu 
Booty program bands/weight 
Arms ",Weight Training,"",3495,0,145.0,10,,,,activities/10240114134.fit.gz,,,3495.0,3495.0,0.0,0.0,0.0,0.0,0.0,0.0,0.0,0.0,0.0,,,,,,107.0,,,267.0,,29.0,10.0,,,,,,,,,,,0.0,,0.0,,1.0,,,,,,,,,,,,,,,,,,,,,,,,,,,0.0,0.0,0.0,,,,,,,,,,,,,,,,,,,,,""
9542742803,"Jul 29, 2023, 6:29:32 AM","20’ Wu 
2* (4’ - 3’-2’ )
+ 1.5 km δεν καταγράφηκε χαλάρωμα ",Run,"",3778,7.00,180.0,126,,,,activities/10233126298.fit.gz,,,3778.0,3565.0,7002.1,3.252,1.964,497.0,322.0,199.4,437.0,28.4,2.5,,,123.0,79.0,,161.0,,,574.0,,28.0,126.0,,,,,,,,,,,0.0,,0.0,,1.0,9477.6,,,,,,,,,,,,,,,,,,,,,,,,,,0.0,1.853,0.0,,,,9276.0,,,,,,,,,,,,,,,,,""
9529578076,"Jul 27, 2023, 6:12:47 AM","Arms 
Abs ",Weight Training,"",1533,0,132.0,5,,,,activities/10219249830.fit.gz,,,1533.0,1533.0,0.0,0.0,0.0,0.0,0.0,0.0,0.0,0.0,0.0,,,,,,114.0,,,144.0,,30.0,5.0,,,,,,,,,,,0.0,,0.0,,1.0,,,,,,,,,,,,,,,,,,,,,,,,,,,0.0,0.0,0.0,,,,,,,,,,,,,,,,,,,,,""
9529577858,"Jul 26, 2023, 4:18:47 PM","20’ Wu 
2* 9 λεπτές αναβάσεις ",Run,"",3644,5.80,170.0,91,,,,activities/10219249560.fit.gz,,,3644.0,3621.0,5805.7,3.718,1.603,511.9,478.0,211.4,436.9,49.6,0.0,,,112.0,66.0,,154.0,,,534.0,,32.0,91.0,,,,,,,,,,,0.0,,0.0,,1.0,9514.9,,,,,,,,,,,,,,,,,,,,,,,,,,0.0,1.593,1699.8,,,,7968.0,,,,,,,,,,,,,,,,,""
9529576013,"Jul 26, 2023, 11:31:29 AM",Arms ,Weight Training,"",947,0,111.0,1,,,,activities/10219247657.fit.gz,,,947.0,947.0,0.0,0.0,0.0,0.0,0.0,0.0,0.0,0.0,0.0,,,,,,89.0,,,52.0,,30.0,1.0,,,,,,,,,,,0.0,,0.0,,1.0,,,,,,,,,,,,,,,,,,,,,,,,,,,0.0,0.0,0.0,,,,,,,,,,,,,,,,,,,,,""
9523693294,"Jul 25, 2023, 11:26:15 AM",Arms /biceps ,Weight Training,"",907,0,126.0,2,,,,activities/10213051078.fit.gz,,,907.0,907.0,0.0,0.0,0.0,0.0,0.0,0.0,0.0,0.0,0.0,,,,,,111.0,,,83.0,,29.0,2.0,,,,,,,,,,,0.0,,0.0,,1.0,,,,,,,,,,,,,,,,,,,,,,,,,,,0.0,0.0,0.0,,,,,,,,,,,,,,,,,,,,,""
9523693175,"Jul 25, 2023, 5:57:39 AM","4χμ ζέσταμα
6*100
2 σκαλάκια ",Run,"",2909,6.88,181.0,81,,,,activities/10213050883.fit.gz,,,2909.0,2629.0,6881.5,4.417,2.618,81.0,82.0,199.8,217.8,33.1,0.0,,,103.0,85.0,,158.0,,,450.0,,32.0,81.0,,,,,,,,,,,0.0,,0.0,,1.0,7128.7,,,,,,,,,,,,,,,,,,,,,,,,,,0.0,2.366,6056.7,,,,7636.0,,,,,,,,,,,,,,,,,""
9511669491,"Jul 24, 2023, 11:15:12 AM","Booty bands 
Abs ",Weight Training,"",2766,0,133.0,6,,,,activities/10200427447.fit.gz,,,2766.0,2766.0,0.0,0.0,0.0,0.0,0.0,0.0,0.0,0.0,0.0,,,,,,94.0,,,162.0,,29.0,6.0,,,,,,,,,,,0.0,,0.0,,1.0,,,,,,,,,,,,,,,,,,,,,,,,,,,0.0,0.0,0.0,,,,,,,,,,,,,,,,,,,,,""
9511668839,"Jul 24, 2023, 6:03:59 AM",Morning Run,Run,,1985,5.31,171.0,52,,,,activities/10200426707.fit.gz,,,1985.0,1982.0,5313.0,3.839,2.681,50.0,55.0,204.6,216.2,21.9,-0.1,,,89.0,85.0,,154.0,,,317.0,,32.0,52.0,,,,,,,,,,,,,0.0,,1.0,5374.8,,,,,,,,,,,,,,,,,,,,,,,,,,0.0,2.677,4684.8,,,,5654.0,,,,,,,,,,,,,,,,,""
9511667147,"Jul 22, 2023, 6:41:25 AM",Βάρη πόδια χέρια ,Weight Training,"",1933,0,154.0,10,,,,activities/10200424817.fit.gz,,,1933.0,1933.0,0.0,0.0,0.0,0.0,0.0,0.0,0.0,0.0,0.0,,,,,,121.0,,,199.0,,30.0,10.0,,,,,,,,,,,0.0,,0.0,,1.0,,,,,,,,,,,,,,,,,,,,,,,,,,,0.0,0.0,0.0,,,,,,,,,,,,,,,,,,,,,""
9511667036,"Jul 22, 2023, 6:12:21 AM",Morning Ride,Ride,,1509,0,149.0,11,,,,activities/10200424660.fit.gz,,,1509.0,1509.0,0.0,0.0,0.0,0.0,0.0,0.0,0.0,0.0,0.0,,,,,,128.0,,,194.0,,32.0,11.0,,,,,,,,,,,,,0.0,,1.0,,,,,,,,,,,,,,,,,,,,,,,,,,,0.0,0.0,0.0,,,,,,,,,,,,,,,,,,,,,""
9497358944,"Jul 21, 2023, 4:58:28 PM",Evening Run,Run,,2001,5.01,166.0,31,,,,activities/10185180674.fit.gz,,,2001.0,1922.0,5009.6,11.014,2.606,24.0,24.0,102.6,109.8,14.6,0.0,,,88.0,85.0,,144.0,,,302.0,,34.0,31.0,,,,,,,,,,,,,0.0,,1.0,5056.3,,,,,,,,,,,,,,,,,,,,,,,,,,0.0,2.504,0.0,,,,5642.0,,,,,,,,,,,,,,,,,""
9497358312,"Jul 19, 2023, 6:04:15 PM",5h booty bands / abs / arms ,Weight Training,"",2407,0,134.0,4,,,,activities/10185179962.fit.gz,,,2407.0,2407.0,0.0,0.0,0.0,0.0,0.0,0.0,0.0,0.0,0.0,,,,,,86.0,,,119.0,,32.0,4.0,,,,,,,,,,,0.0,,0.0,,1.0,,,,,,,,,,,,,,,,,,,,,,,,,,,0.0,0.0,0.0,,,,,,,,,,,,,,,,,,,,,""
9461836401,"Jul 16, 2023, 9:52:48 AM",Στροπωνες river trekking ,Run,"",9787,7.02,138.0,11,,,,activities/10147692448.fit.gz,,,9787.0,8599.0,7027.4,3.45,0.817,212.0,204.0,148.4,339.4,49.4,0.1,,,120.0,60.0,,102.0,,,525.0,,30.0,11.0,,,,,,,,,,,0.0,,0.0,,1.0,8177.3,,,,,,,,,,,,,,,,,,,,,,,,,,0.0,0.718,0.0,,,,8602.0,,,,,,,,,,,,,,,,,""
9459830392,"Jul 15, 2023, 4:43:39 PM",Evening Trail Run,Run,"",1446,1.59,142.0,3,,,,activities/10145548601.fit.gz,,,1446.0,870.0,1597.1,5.098,1.836,41.0,55.0,22.8,69.8,24.2,-1.1,,,103.0,66.0,,120.0,,,126.0,,31.0,3.0,,,,,,,,,,,0.0,,0.0,,1.0,1767.2,,,,,,,,,,,,,,,,,,,,,,,,,,0.0,1.104,1598.0,,,,1980.0,,,,,,,,,,,,,,,,,""
9459829430,"Jul 15, 2023, 2:52:35 PM",Afternoon Trail Run,Run,,695,0.80,141.0,2,,,,activities/10145547629.fit.gz,,,695.0,575.0,807.9,2.379,1.405,44.0,39.0,32.0,68.0,34.2,0.5,,,123.0,64.0,,123.0,,,72.0,,33.0,2.0,,,,,,,,,,,,,0.0,,1.0,1041.4,,,,,,,,,,,,,,,,,,,,,,,,,,0.0,1.162,807.9,,,,1040.0,,,,,,,,,,,,,,,,,""
9459828990,"Jul 15, 2023, 1:54:28 PM",Afternoon Swim,Swim,,1432,610,101.0,3,,,,activities/10145547150.fit.gz,,,1432.0,1432.0,610.1,0.972,0.426,11.4,14.4,-3.0,10.8,49.0,-0.5,,,44.0,28.0,,101.0,,,91.0,,27.0,3.0,,,,,,,,,,,,,0.0,,1.0,,,,,,,,,,,,,,,,,,,,,,,,,,,0.0,0.426,0.0,,,,,,,,,,,,,,,,,,,,,""
9459828180,"Jul 15, 2023, 8:59:38 AM",Tsilaros 🏝️,Run,"",1364,4.10,157.0,23,,,,activities/10145546228.fit.gz,,,1364.0,1314.0,4103.2,4.876,3.123,17.0,393.0,21.2,399.8,10.7,-9.1,,,103.0,82.0,,145.0,,,209.0,,31.0,23.0,,,,,,,,,,,0.0,,0.0,,1.0,3893.6,,,,,,,,,,,,,,,,,,,,,,,,,,0.0,3.008,4104.3,,,,3566.0,,,,,,,,,,,,,,,,,""
9459805675,"Jul 14, 2023, 5:23:08 PM",Evening Trail Run,Run,,2293,4.67,162.0,33,,,,activities/10145521374.fit.gz,,,2293.0,2277.0,4677.5,4.515,2.054,233.0,228.0,206.4,421.8,49.6,0.1,,,87.0,73.0,,141.0,,,326.0,,31.0,33.0,,,,,,,,,,,,,0.0,,1.0,5824.6,,,,,,,,,,,,,,,,,,,,,,,,,,0.0,2.04,2279.1,,,,5372.0,,,,,,,,,,,,,,,,,""
9447381504,"Jul 13, 2023, 5:42:56 PM","4η 
Booty band 10’
4 set booty",Weight Training,"",1091,0,150.0,6,,,,activities/10132376404.fit.gz,,,1091.0,1091.0,0.0,0.0,0.0,0.0,,,,0.0,0.0,,,,,,127.0,,,136.0,,31.0,6.0,,,,,,,,,,,0.0,,0.0,,1.0,,,,,,,,,,,,,,,,,,,,,,,,,,,0.0,0.0,0.0,,,,,,,,,,,,,,,,,,,,,""
9447381518,"Jul 13, 2023, 5:02:30 PM","2km wu
6 x 1’ ανηφορικά ",Run,"",1907,3.82,167.0,24,,,,activities/10132376406.fit.gz,,,1907.0,1792.0,3827.5,4.02,2.136,122.0,125.0,216.0,254.6,45.7,-0.1,,,121.0,79.0,,142.0,,,263.0,,31.0,24.0,,,,,,,,,,,0.0,,0.0,,1.0,4502.5,,,,,,,,,,,,,,,,,,,,,,,,,,0.0,2.007,2113.6,,,,4732.0,,,,,,,,,,,,,,,,,""
9435522883,"Jul 11, 2023, 5:53:43 PM","2km wu 
4*500 tempo 5.10 
CD",Run,"",2560,6.21,172.0,32,,,,activities/10119922294.fit.gz,,,2560.0,2431.0,6212.6,4.278,2.556,33.0,39.0,203.4,216.6,36.7,-0.1,,,91.0,84.0,,142.0,,,357.0,,29.0,32.0,,,,,,,,,,,0.0,,0.0,,1.0,6278.3,,,,,,,,,,,,,,,,,,,,,,,,,,0.0,2.427,5681.3,,,,6718.0,,,,,,,,,,,,,,,,,""
9425901125,"Jul 10, 2023, 5:29:11 PM",3η booty bands - abs ,Weight Training,"",1424,0,122.0,3,,,,activities/10109820019.fit.gz,,,1424.0,1424.0,0.0,0.0,0.0,0.0,,,,0.0,0.0,,,,,,102.0,,,106.0,,31.0,3.0,,,,,,,,,,,0.0,,0.0,,1.0,,,,,,,,,,,,,,,,,,,,,,,,,,,0.0,0.0,0.0,,,,,,,,,,,,,,,,,,,,,""
9425900699,"Jul 10, 2023, 4:41:26 PM","15 wu
6*100 
1km tempo downhill 4.24 
CD",Run,"",2411,5.03,159.0,27,,,,activities/10109819535.fit.gz,,,2411.0,2345.0,5035.7,4.677,2.147,188.0,192.0,210.8,328.0,47.4,-0.1,,,108.0,76.0,,140.0,,,326.0,,29.0,27.0,,,,,,,,,,,0.0,,0.0,,1.0,5822.7,,,,,,,,,,,,,,,,,,,,,,,,,,0.0,2.089,4001.3,,,,5526.0,,,,,,,,,,,,,,,,,""
9420611298,"Jul 9, 2023, 5:00:20 PM",Τρέξιμο παρκαδόρου 🚨🚨🚨,Run,"",5214,8.21,168.0,63,,,,activities/10104211029.fit.gz,,,5214.0,4275.0,8215.8,4.566,1.922,514.0,507.0,198.0,440.2,48.9,0.1,,,122.0,69.0,,142.0,,,599.0,,28.0,63.0,,,,,,,,,,,0.0,,0.0,,1.0,11206.6,,,,,,,,,,,,,,,,,,,,,,,,,,0.0,1.576,3852.3,,,,9600.0,,,,,,,,,,,,,,,,,""
9414114517,"Jul 8, 2023, 4:27:56 PM",Evening Swim,Swim,,1662,885,,,,,,activities/10097304083.fit.gz,,,1662.0,1662.0,885.3,3.184,0.533,0.0,0.6,-1.3,0.6,12.1,-0.1,,,44.0,26.0,,,,,141.0,,27.0,,,,,,,,,,,,,,0.0,,1.0,,,,,,,,,,,,,,,,,,,,,,,,,,,0.0,0.533,0.0,,,,,,,,,,,,,,,,,,,,,""
9412663386,"Jul 8, 2023, 12:52:53 PM",Afternoon Stand Up Paddling,Stand Up Paddling,"",7019,4.36,128.0,11,,,,activities/10095748749.fit.gz,,,7019.0,4511.0,4367.8,2.014,0.968,22.3,29.2,-4.8,12.6,43.4,-0.2,,,96.0,28.0,,100.0,,,391.0,,30.0,11.0,,,,,,,,,,,0.0,,0.0,,1.0,,,,,,,,,,,,,,,,,,,,,,,,,,,0.0,0.622,0.0,,,,,,,,,,,,,,,,,,,,,""
9412659405,"Jul 8, 2023, 11:52:57 AM",Afternoon Stand Up Paddling,Stand Up Paddling,"",2436,2.18,117.0,5,,,,activities/10095744541.fit.gz,,,2436.0,1986.0,2182.7,1.834,1.099,85.1,92.7,4.9,48.8,48.5,-0.3,,,64.0,28.0,,103.0,,,170.0,,34.0,5.0,,,,,,,,,,,0.0,,0.0,,1.0,,,,,,,,,,,,,,,,,,,,,,,,,,,0.0,0.896,0.0,,,,,,,,,,,,,,,,,,,,,""
9412658227,"Jul 7, 2023, 5:49:50 AM",Morning Trail Run,Run,,2438,5.60,181.0,67,,,,activities/10095743283.fit.gz,,,2438.0,2415.0,5601.2,3.908,2.319,200.0,197.0,205.0,351.4,43.0,0.0,,,90.0,81.0,,156.0,,,388.0,,32.0,67.0,,,,,,,,,,,,,0.0,,1.0,6252.8,,,,,,,,,,,,,,,,,,,,,,,,,,0.0,2.297,5124.5,,,,6468.0,,,,,,,,,,,,,,,,,""
9412656331,"Jul 6, 2023, 11:09:13 AM",Afternoon Weight Training,Weight Training,,2000,0,134.0,4,,,,activities/10095741102.fit.gz,,,2000.0,2000.0,0.0,0.0,0.0,0.0,,,,0.0,0.0,,,,,,96.0,,,127.0,,30.0,4.0,,,,,,,,,,,,,0.0,,1.0,,,,,,,,,,,,,,,,,,,,,,,,,,,0.0,0.0,0.0,,,,,,,,,,,,,,,,,,,,,""
9391828139,"Jul 5, 2023, 6:27:30 AM",2η γυμναστήριο όργανα πόδια ,Weight Training,"",912,0,150.0,5,,,,activities/10073777776.fit.gz,,,912.0,912.0,0.0,0.0,0.0,0.0,,,,0.0,0.0,,,,,,132.0,,,123.0,,31.0,5.0,,,,,,,,,,,0.0,,0.0,,1.0,,,,,,,,,,,,,,,,,,,,,,,,,,,0.0,0.0,0.0,,,,,,,,,,,,,,,,,,,,,""
9391827969,"Jul 5, 2023, 5:59:49 AM",Morning Run,Run,,1533,6.06,174.0,43,,,,activities/10073777571.fit.gz,,,1533.0,1533.0,6067.3,4.851,3.958,0.0,,,,0.0,0.0,,,89.0,84.0,,156.0,,,261.0,,30.0,43.0,,,,,,,,,,,,,0.0,,1.0,,,,,,,,,,,,,,,,,,,,,,,,,,,0.0,3.958,0.0,,,,4302.0,,,,,,,,,,,,,,,,,""
9376011475,"Jul 2, 2023, 3:47:05 PM",Evening Trail Run,Run,,3241,7.30,161.0,31,,,,activities/10057109563.fit.gz,,,3241.0,3237.0,7303.5,3.838,2.256,250.0,241.0,206.6,443.6,32.4,0.1,,,111.0,80.0,,138.0,,,445.0,,29.0,31.0,,,,,,,,,,,,,0.0,,1.0,8175.3,,,,,,,,,,,,,,,,,,,,,,,,,,0.0,2.253,5620.1,,,,8534.0,,,,,,,,,,,,,,,,,""
9369839132,"Jul 1, 2023, 3:53:59 PM",Evening Swim,Swim,,524,318,95.0,1,,,,activities/10050573074.fit.gz,,,524.0,524.0,318.4,0.998,0.608,0.0,1.6,-1.9,1.7,14.0,-0.5,,,33.0,25.0,,95.0,,,50.0,,25.0,1.0,,,,,,,,,,,,,0.0,,1.0,,,,,,,,,,,,,,,,,,,,,,,,,,,0.0,0.608,0.0,,,,,,,,,,,,,,,,,,,,,""
9369838730,"Jul 1, 2023, 2:48:08 PM",Afternoon Stand Up Paddling,Stand Up Paddling,,2267,2.17,144.0,10,,,,activities/10050572653.fit.gz,,,2267.0,1948.0,2172.8,2.351,1.115,11.0,11.0,-2.9,16.7,48.3,0.0,,,53.0,29.0,,119.0,,,227.0,,32.0,10.0,,,,,,,,,,,,,0.0,,1.0,,,,,,,,,,,,,,,,,,,,,,,,,,,0.0,0.958,0.0,,,,,,,,,,,,,,,,,,,,,""
9369837637,"Jul 1, 2023, 11:16:02 AM",Afternoon Stand Up Paddling,Stand Up Paddling,"",7887,5.33,95.0,6,,,,activities/10050571487.fit.gz,,,7887.0,5159.0,5337.5,4.699,1.035,75.2,67.8,-2.5,25.8,48.9,0.1,,,69.0,29.0,,68.0,,,198.0,,33.0,6.0,,,,,,,,,,,0.0,,0.0,,1.0,,,,,,,,,,,,,,,,,,,,,,,,,,,0.0,0.677,0.0,,,,,,,,,,,,,,,,,,,,,""
9369834829,"Jun 30, 2023, 3:25:17 PM",1η bands - λίγες ασκήσεις με βάρη ,Weight Training,"",2377,0,152.0,13,,,,activities/10050568464.fit.gz,,,2377.0,2377.0,0.0,0.0,0.0,0.0,,,,0.0,0.0,,,,,,125.0,,,271.0,,31.0,13.0,,,,,,,,,,,0.0,,0.0,,1.0,,,,,,,,,,,,,,,,,,,,,,,,,,,0.0,0.0,0.0,,,,,,,,,,,,,,,,,,,,,""
9369834346,"Jun 29, 2023, 5:10:54 PM",Evening Weight Training,Weight Training,,3403,0,120.0,6,,,,activities/10050567982.fit.gz,,,3403.0,3403.0,0.0,0.0,0.0,0.0,,,,0.0,0.0,,,,,,87.0,,,133.0,,29.0,6.0,,,,,,,,,,,,,0.0,,1.0,,,,,,,,,,,,,,,,,,,,,,,,,,,0.0,0.0,0.0,,,,,,,,,,,,,,,,,,,,,""
9355049203,"Jun 28, 2023, 4:57:41 PM",Evening Trail Run,Run,"",3740,8.05,152.0,21,,,,activities/10034420762.fit.gz,,,3740.0,3657.0,8052.7,3.154,2.202,255.0,248.0,214.2,431.0,40.7,0.1,,,112.0,80.0,,127.0,,,490.0,,29.0,21.0,,,,,,,,,,,0.0,,0.0,,1.0,9009.3,,,,,,,,,,,,,,,,,,,,,,,,,,0.0,2.153,5796.6,,,,9580.0,,,,,,,,,,,,,,,,,""
9355047988,"Jun 27, 2023, 4:52:24 PM",Evening Trail Run,Run,,1491,3.15,152.0,7,,,,activities/10034419445.fit.gz,,,1491.0,1486.0,3156.4,3.435,2.124,47.0,61.0,192.0,217.8,20.1,-0.5,,,86.0,81.0,,126.0,,,183.0,,29.0,7.0,,,,,,,,,,,,,0.0,,1.0,3295.4,,,,,,,,,,,,,,,,,,,,,,,,,,0.0,2.117,1284.8,,,,4030.0,,,,,,,,,,,,,,,,,""
9324912754,"Jun 24, 2023, 3:05:36 AM",My first Olympus marathon . 😶‍🌫️,Run,"",29237,44.33,174.0,562,,,,activities/10002597755.fit.gz,,,29237.0,27102.0,44336.1,8.434,1.636,3208.6,2897.0,11.3,2757.6,49.7,0.6,,,123.0,69.0,,149.0,,,3187.0,,26.0,562.0,,,,,,,,,,,0.0,,0.0,,1.0,65797.2,,,,,,,,,,,,,,,,,,,,,,,,,,0.0,1.516,38567.2,,,,61954.0,,,,,,,,,,,,,,,,,""
9324887754,"Jun 24, 2023, 2:38:05 AM",Morning Trail Run,Run,,921,1.81,147.0,5,,,,activities/10002571808.fit.gz,,,921.0,781.0,1813.8,3.155,2.322,13.0,12.0,5.8,19.0,14.1,0.1,,,85.0,80.0,,132.0,,,116.0,,24.0,5.0,,,,,,,,,,,,,0.0,,1.0,1839.5,,,,,,,,,,,,,,,,,,,,,,,,,,0.0,1.969,0.0,,,,2144.0,,,,,,,,,,,,,,,,,""
9314352802,"Jun 22, 2023, 8:43:07 AM",Lunch Run,Run,,2369,5.38,168.0,20,,,,activities/9991448479.fit.gz,,,2369.0,2235.0,5379.3,4.468,2.407,35.0,35.0,102.0,108.4,12.6,0.0,,,91.0,84.0,,137.0,,,318.0,,33.0,20.0,,,,,,,,,,,,,0.0,,1.0,5450.2,,,,,,,,,,,,,,,,,,,,,,,,,,0.0,2.271,0.0,,,,6298.0,,,,,,,,,,,,,,,,,""
9314350809,"Jun 21, 2023, 1:09:24 PM",Afternoon Trail Run,Run,,3553,8.06,162.0,53,,,,activities/9991446491.fit.gz,,,3553.0,3513.0,8065.3,4.474,2.296,203.0,208.0,101.0,253.6,32.1,-0.1,,,88.0,81.0,,143.0,,,505.0,,33.0,53.0,,,,,,,,,,,,,0.0,,1.0,8744.0,,,,,,,,,,,,,,,,,,,,,,,,,,0.0,2.27,3873.5,,,,9566.0,,,,,,,,,,,,,,,,,""
9301010978,"Jun 20, 2023, 10:13:29 AM",Afternoon Trail Run,Run,,2512,5.33,180.0,62,,,,activities/9977360401.fit.gz,,,2512.0,2448.0,5334.1,4.547,2.179,247.0,246.0,210.4,440.0,49.2,0.0,,,88.0,74.0,,154.0,,,366.0,,32.0,62.0,,,,,,,,,,,,,0.0,,1.0,6500.5,,,,,,,,,,,,,,,,,,,,,,,,,,0.0,2.123,3349.6,,,,5742.0,,,,,,,,,,,,,,,,,""
9288012757,"Jun 18, 2023, 8:12:51 AM",Lunch Trail Run,Run,,7940,17.01,169.0,138,,,,activities/9963400510.fit.gz,,,7940.0,7386.0,17013.9,3.593,2.304,428.0,400.0,214.0,445.8,35.9,0.1,,,123.0,83.0,,148.0,,,1072.0,,23.0,138.0,,,,,,,,,,,,,0.0,,1.0,18249.1,,,,,,,,,,,,,,,,,,,,,,,,,,0.0,2.143,13891.2,,,,19990.0,,,,,,,,,,,,,,,,,""
9281170346,"Jun 17, 2023, 7:19:26 AM",Morning Trail Run,Run,,8588,10.30,181.0,194,,,,activities/9956112968.fit.gz,,,8588.0,7756.0,10305.7,3.256,1.329,1107.0,1096.0,496.6,1044.0,50.0,0.1,,,123.0,63.0,,154.0,,,1155.0,,26.0,194.0,,,,,,,,,,,,,0.0,,1.0,18943.6,,,,,,,,,,,,,,,,,,,,,,,,,,0.0,1.2,9851.7,,,,13238.0,,,,,,,,,,,,,,,,,""
9276444258,"Jun 16, 2023, 11:08:48 AM",Afternoon Weight Training,Weight Training,,2150,0,133.0,4,,,,activities/9951111062.fit.gz,,,2150.0,2150.0,0.0,0.0,0.0,0.0,,,,0.0,0.0,,,,,,87.0,,,110.0,,30.0,4.0,,,,,,,,,,,,,0.0,,1.0,,,,,,,,,,,,,,,,,,,,,,,,,,,0.0,0.0,0.0,,,,,,,,,,,,,,,,,,,,,""
9276443531,"Jun 15, 2023, 5:32:02 PM",Evening Weight Training,Weight Training,,2310,0,129.0,5,,,,activities/9951110328.fit.gz,,,2310.0,2310.0,0.0,0.0,0.0,0.0,,,,0.0,0.0,,,,,,94.0,,,140.0,,29.0,5.0,,,,,,,,,,,,,0.0,,1.0,,,,,,,,,,,,,,,,,,,,,,,,,,,0.0,0.0,0.0,,,,,,,,,,,,,,,,,,,,,""
9276443200,"Jun 15, 2023, 11:13:43 AM",Afternoon Weight Training,Weight Training,,2273,0,115.0,4,,,,activities/9951109987.fit.gz,,,2273.0,2273.0,0.0,0.0,0.0,0.0,,,,0.0,0.0,,,,,,88.0,,,118.0,,29.0,4.0,,,,,,,,,,,,,0.0,,1.0,,,,,,,,,,,,,,,,,,,,,,,,,,,0.0,0.0,0.0,,,,,,,,,,,,,,,,,,,,,""
9268873149,"Jun 15, 2023, 6:10:50 AM",Morning Run,Run,,1944,4.25,164.0,14,,,,activities/9943107189.fit.gz,,,1944.0,1639.0,4251.9,5.143,2.594,33.0,32.0,102.2,109.6,13.1,0.0,,,115.0,86.0,,136.0,,,265.0,,30.0,14.0,,,,,,,,,,,,,0.0,,1.0,4302.9,,,,,,,,,,,,,,,,,,,,,,,,,,0.0,2.187,0.0,,,,4794.0,,,,,,,,,,,,,,,,,""
9262510514,"Jun 14, 2023, 5:15:33 AM",Morning Trail Run,Run,,5666,11.18,157.0,55,,,,activities/9936409999.fit.gz,,,5666.0,5614.0,11183.9,3.734,1.992,506.6,497.0,204.3,450.6,48.5,0.0,,,113.0,74.0,,137.0,,,741.0,,28.0,55.0,,,,,,,,,,,,,0.0,,1.0,13850.3,,,,,,,,,,,,,,,,,,,,,,,,,,0.0,1.974,7998.7,,,,13322.0,,,,,,,,,,,,,,,,,""
9262506517,"Jun 13, 2023, 5:39:51 PM",Evening Weight Training,Weight Training,,785,0,117.0,1,,,,activities/9936405875.fit.gz,,,785.0,785.0,0.0,0.0,0.0,0.0,,,,0.0,0.0,,,,,,98.0,,,57.0,,28.0,1.0,,,,,,,,,,,,,0.0,,1.0,,,,,,,,,,,,,,,,,,,,,,,,,,,0.0,0.0,0.0,,,,,,,,,,,,,,,,,,,,,""
9262506492,"Jun 13, 2023, 11:15:29 AM",Afternoon Weight Training,Weight Training,,1851,0,120.0,4,,,,activities/9936405805.fit.gz,,,1851.0,1851.0,0.0,0.0,0.0,0.0,,,,0.0,0.0,,,,,,95.0,,,115.0,,30.0,4.0,,,,,,,,,,,,,0.0,,1.0,,,,,,,,,,,,,,,,,,,,,,,,,,,0.0,0.0,0.0,,,,,,,,,,,,,,,,,,,,,""
9255889176,"Jun 13, 2023, 5:51:57 AM",Morning Trail Run,Run,,3322,5.64,172.0,69,,,,activities/9929426289.fit.gz,,,3322.0,3175.0,5646.0,3.554,1.778,359.0,352.0,205.8,325.6,45.3,0.1,,,124.0,79.0,,150.0,,,475.0,,28.0,69.0,,,,,,,,,,,,,0.0,,1.0,7913.3,,,,,,,,,,,,,,,,,,,,,,,,,,0.0,1.7,2165.0,,,,8200.0,,,,,,,,,,,,,,,,,""
9255887209,"Jun 12, 2023, 11:09:03 AM",Afternoon Weight Training,Weight Training,,2312,0,122.0,4,,,,activities/9929424291.fit.gz,,,2312.0,2312.0,0.0,0.0,0.0,0.0,,,,0.0,0.0,,,,,,91.0,,,128.0,,29.0,4.0,,,,,,,,,,,,,0.0,,1.0,,,,,,,,,,,,,,,,,,,,,,,,,,,0.0,0.0,0.0,,,,,,,,,,,,,,,,,,,,,""
9245302664,"Jun 11, 2023, 9:11:00 AM",Lunch Trail Run,Run,"",7395,18.05,170.0,118,,,,activities/9918239913.fit.gz,,,7395.0,7395.0,18054.9,3.434,2.442,401.0,402.0,237.4,442.8,25.0,0.0,,,90.0,84.0,,144.0,,,1101.0,,25.0,118.0,,,,,,,,,,,0.0,,0.0,,1.0,19065.5,,,,,,,,,,,,,,,,,,,,,,,,,,0.0,2.442,17941.5,,,,20810.0,,,,,,,,,,,,,,,,,""
9239213817,"Jun 10, 2023, 11:17:54 AM",Afternoon Trail Run,Run,"",9358,15.40,178.0,131,,,,activities/9911772649.fit.gz,,,9358.0,8854.0,15408.0,3.965,1.74,912.5,902.0,254.1,449.8,45.6,0.0,,,124.0,71.0,,142.0,,,1115.0,,29.0,131.0,,,,,,,,,,,0.0,,0.0,,1.0,20745.7,,,,,,,,,,,,,,,,,,,,,,,,,,0.0,1.647,7395.4,,,,21014.0,,,,,,,,,,,,,,,,,""
9239204765,"Jun 8, 2023, 10:47:56 AM",Afternoon Run,Run,,3207,8.05,164.0,39,,,,activities/9911763157.fit.gz,,,3207.0,2959.0,8056.9,4.686,2.723,50.0,59.0,204.2,219.4,15.0,-0.1,,,121.0,86.0,,142.0,,,460.0,,29.0,39.0,,,,,,,,,,,,,0.0,,1.0,8177.5,,,,,,,,,,,,,,,,,,,,,,,,,,0.0,2.512,7906.6,,,,8400.0,,,,,,,,,,,,,,,,,""
9221466500,"Jun 7, 2023, 3:00:30 PM",Evening Trail Run,Run,"",6764,10.00,171.0,104,,,,activities/9893050184.fit.gz,,,6764.0,6458.0,10002.6,3.65,1.549,825.0,814.0,497.2,1062.4,50.0,0.1,,,124.0,71.0,,144.0,,,866.0,,26.0,104.0,,,,,,,,,,,0.0,,0.0,,1.0,15509.7,,,,,,,,,,,,,,,,,,,,,,,,,,0.0,1.479,8632.7,,,,13328.0,,,,,,,,,,,,,,,,,""
9220228834,"Jun 6, 2023, 4:54:41 PM",Evening Run,Run,,2515,6.03,140.0,9,,,,activities/9891756942.fit.gz,,,2515.0,2393.0,6029.0,4.558,2.519,43.0,43.0,83.2,98.0,10.4,0.0,,,88.0,83.0,,122.0,,,320.0,,28.0,9.0,,,,,,,,,,,,,0.0,,1.0,6108.4,,,,,,,,,,,,,,,,,,,,,,,,,,0.0,2.397,0.0,,,,6694.0,,,,,,,,,,,,,,,,,""
9202337285,"Jun 4, 2023, 12:29:18 PM",Afternoon Stand Up Paddling,Stand Up Paddling,"",5827,4.22,128.0,9,,,,activities/9872918917.fit.gz,,,5827.0,3455.0,4228.6,2.426,1.224,39.4,36.6,-2.9,18.8,49.6,0.1,,,69.0,27.0,,105.0,,,296.0,,30.0,9.0,,,,,,,,,,,0.0,,0.0,,1.0,,,,,,,,,,,,,,,,,,,,,,,,,,,0.0,0.726,0.0,,,,,,,,,,,,,,,,,,,,,""
9199153077,"Jun 4, 2023, 6:15:44 AM",Morning Trail Run,Run,"",7247,13.02,160.0,81,,,,activities/9869546227.fit.gz,,,7247.0,7076.0,13020.3,3.403,1.84,569.0,574.0,212.8,396.4,43.0,0.0,,,122.0,72.0,,139.0,,,900.0,,28.0,81.0,,,,,,,,,,,0.0,,0.0,,1.0,15966.2,,,,,,,,,,,,,,,,,,,,,,,,,,0.0,1.797,8744.3,,,,16478.0,,,,,,,,,,,,,,,,,""
9199146376,"Jun 3, 2023, 7:28:14 AM",Morning Trail Run,Run,,5621,7.84,172.0,85,,,,activities/9869539166.fit.gz,,,5621.0,4670.0,7842.7,8.329,1.679,483.0,489.0,252.2,435.6,43.4,-0.1,,,124.0,70.0,,146.0,,,635.0,,29.0,85.0,,,,,,,,,,,,,0.0,,1.0,10805.2,,,,,,,,,,,,,,,,,,,,,,,,,,0.0,1.395,2569.3,,,,10534.0,,,,,,,,,,,,,,,,,""
9186054626,"Jun 1, 2023, 2:03:18 PM",Afternoon Trail Run,Run,,5441,12.01,163.0,78,,,,activities/9855632799.fit.gz,,,5441.0,5344.0,12013.8,3.305,2.248,412.0,406.0,102.4,453.8,46.5,0.0,,,108.0,80.0,,143.0,,,741.0,,29.0,78.0,,,,,,,,,,,,,0.0,,1.0,13714.2,,,,,,,,,,,,,,,,,,,,,,,,,,0.0,2.208,6770.2,,,,14356.0,,,,,,,,,,,,,,,,,""
9150252641,"May 27, 2023, 5:06:27 AM",Metsovara 🫶🏼🐻40km,Run,"",22142,40.27,174.0,541,,,,activities/9817696476.fit.gz,,,22142.0,21458.0,40271.6,5.216,1.877,2814.0,2802.0,928.0,1868.6,49.8,0.0,,,123.0,70.0,,152.0,,,2797.0,,20.0,541.0,,,,,,,,,,,0.0,,0.0,,1.0,57534.4,,,,,,,,,,,,,,,,,,,,,,,,,,0.0,1.819,22326.3,,,,49388.0,,,,,,,,,,,,,,,,,""
9147396320,"May 25, 2023, 11:21:37 AM",Afternoon Weight Training,Weight Training,,973,0,124.0,1,,,,activities/9814638577.fit.gz,,,973.0,973.0,0.0,0.0,0.0,0.0,,,,0.0,0.0,,,,,,80.0,,,42.0,,29.0,1.0,,,,,,,,,,,,,0.0,,1.0,,,,,,,,,,,,,,,,,,,,,,,,,,,0.0,0.0,0.0,,,,,,,,,,,,,,,,,,,,,""
9147396238,"May 25, 2023, 6:02:14 AM",Morning Run,Run,,2695,5.96,166.0,31,,,,activities/9814638474.fit.gz,,,2695.0,2394.0,5960.9,5.352,2.49,75.0,72.0,191.0,211.4,19.7,0.0,,,112.0,84.0,,141.0,,,368.0,,26.0,31.0,,,,,,,,,,,,,0.0,,1.0,6147.1,,,,,,,,,,,,,,,,,,,,,,,,,,0.0,2.212,4719.7,,,,6820.0,,,,,,,,,,,,,,,,,""
9147395726,"May 24, 2023, 2:41:13 PM",Afternoon Trail Run,Run,,3496,7.90,161.0,49,,,,activities/9814637937.fit.gz,,,3496.0,3493.0,7905.0,3.67,2.263,304.0,304.0,208.6,427.2,49.9,0.0,,,88.0,79.0,,142.0,,,507.0,,28.0,49.0,,,,,,,,,,,,,0.0,,1.0,9084.8,,,,,,,,,,,,,,,,,,,,,,,,,,0.0,2.261,6670.1,,,,9022.0,,,,,,,,,,,,,,,,,""
9131138179,"May 23, 2023, 6:16:21 AM",Morning Run,Run,,2446,6.25,174.0,35,,,,activities/9795880071.fit.gz,,,2446.0,2235.0,6254.5,4.873,2.798,55.0,42.0,207.8,216.6,18.5,0.0,,,111.0,84.0,,145.0,,,357.0,,23.0,35.0,,,,,,,,,,,,,0.0,,1.0,6345.5,,,,,,,,,,,,,,,,,,,,,,,,,,0.0,2.557,5555.2,,,,6116.0,,,,,,,,,,,,,,,,,""
9131136030,"May 22, 2023, 4:46:22 PM",Evening Ride,Ride,,1803,0,141.0,6,,,,activities/9795877876.fit.gz,,,1803.0,1803.0,0.0,0.0,0.0,0.0,,,,0.0,0.0,,,,,,113.0,,,169.0,,27.0,6.0,,,,,,,,,,,,,0.0,,1.0,,,,,,,,,,,,,,,,,,,,,,,,,,,0.0,0.0,0.0,,,,,,,,,,,,,,,,,,,,,""
9110980959,"May 21, 2023, 7:23:25 AM",Morning Trail Run,Run,,5610,10.69,164.0,85,,,,activities/9773581106.fit.gz,,,5610.0,5394.0,10698.8,3.462,1.983,551.0,544.0,199.6,561.2,48.8,0.1,,,124.0,78.0,,144.0,,,739.0,,21.0,85.0,,,,,,,,,,,,,0.0,,1.0,13138.9,,,,,,,,,,,,,,,,,,,,,,,,,,0.0,1.907,0.0,,,,13972.0,,,,,,,,,,,,,,,,,""
9108240097,"May 20, 2023, 2:35:45 PM",Afternoon Trail Run,Run,"",6586,10.81,178.0,130,,,,activities/9770652213.fit.gz,,,6586.0,5221.0,10813.0,3.74,2.071,614.0,612.0,258.2,495.0,46.0,0.1,,,124.0,81.0,,155.0,,,747.0,,22.0,130.0,,,,,,,,,,,0.0,,0.0,,1.0,13609.3,,,,,,,,,,,,,,,,,,,,,,,,,,0.0,1.642,0.0,,,,12910.0,,,,,,,,,,,,,,,,,""
9108231092,"May 20, 2023, 2:13:16 PM",Afternoon Trail Run,Run,,746,1.36,141.0,3,,,,activities/9770642838.fit.gz,,,746.0,730.0,1364.5,3.313,1.869,63.0,64.0,199.2,262.8,18.7,-0.1,,,110.0,72.0,,124.0,,,92.0,,25.0,3.0,,,,,,,,,,,,,0.0,,1.0,1587.9,,,,,,,,,,,,,,,,,,,,,,,,,,0.0,1.829,0.0,,,,1662.0,,,,,,,,,,,,,,,,,""
9106068259,"May 18, 2023, 10:42:20 AM",Afternoon Run,Run,,2704,6.74,176.0,20,,,,activities/9768353905.fit.gz,,,2704.0,2316.0,6741.7,5.54,2.911,31.0,42.0,202.2,219.8,9.3,-0.2,,,119.0,84.0,,133.0,,,365.0,,26.0,20.0,,,,,,,,,,,,,0.0,,1.0,6769.6,,,,,,,,,,,,,,,,,,,,,,,,,,0.0,2.493,6513.6,,,,6346.0,,,,,,,,,,,,,,,,,""
9089073973,"May 17, 2023, 3:27:20 PM",Evening Trail Run,Run,"",5850,10.65,171.0,90,,,,activities/9750401793.fit.gz,,,5850.0,5703.0,10658.0,3.591,1.869,692.0,685.0,213.8,455.6,48.2,0.1,,,117.0,76.0,,143.0,,,779.0,,24.0,90.0,,,,,,,,,,,0.0,,0.0,,1.0,14913.8,,,,,,,,,,,,,,,,,,,,,,,,,,0.0,1.822,5135.0,,,,14206.0,,,,,,,,,,,,,,,,,""
9089067696,"May 16, 2023, 5:26:09 PM",Evening Weight Training,Weight Training,,1924,0,116.0,4,,,,activities/9750395241.fit.gz,,,1924.0,1924.0,0.0,0.0,0.0,0.0,,,,0.0,0.0,,,,,,93.0,,,115.0,,28.0,4.0,,,,,,,,,,,,,0.0,,1.0,,,,,,,,,,,,,,,,,,,,,,,,,,,0.0,0.0,0.0,,,,,,,,,,,,,,,,,,,,,""
9089067203,"May 16, 2023, 4:43:43 PM",Evening Run,Run,,2379,5.48,167.0,12,,,,activities/9750394825.fit.gz,,,2379.0,2152.0,5488.5,5.576,2.55,25.0,25.0,134.2,144.6,17.1,0.0,,,98.0,84.0,,126.0,,,298.0,,25.0,12.0,,,,,,,,,,,,,0.0,,1.0,5555.5,,,,,,,,,,,,,,,,,,,,,,,,,,0.0,2.307,0.0,,,,5986.0,,,,,,,,,,,,,,,,,""
9071488812,"May 14, 2023, 2:43:30 PM",Afternoon Stand Up Paddling,Stand Up Paddling,"",4947,4.90,133.0,8,,,,activities/9731813075.fit.gz,,,4947.0,4227.0,4903.9,2.357,1.16,19.4,16.2,-2.5,13.7,44.9,0.1,,,56.0,30.0,,90.0,,,251.0,,28.0,8.0,,,,,,,,,,,0.0,,0.0,,1.0,,,,,,,,,,,,,,,,,,,,,,,,,,,0.0,0.991,0.0,,,,,,,,,,,,,,,,,,,,,""
9069467822,"May 14, 2023, 8:59:13 AM",Long burning poikilo hell 🔥 ,Run,"",9736,20.00,166.0,201,,,,activities/9729662781.fit.gz,,,9736.0,9239.0,20003.9,3.594,2.165,841.8,820.0,209.0,450.6,47.9,0.0,,,105.0,78.0,,151.0,,,1405.0,,30.0,201.0,,,,,,,,,,,0.0,,0.0,,1.0,23952.3,,,,,,,,,,,,,,,,,,,,,,,,,,0.0,2.055,14932.5,,,,23652.0,,,,,,,,,,,,,,,,,""
9061403492,"May 13, 2023, 6:20:30 AM",Morning Trail Run,Run,"",4346,7.77,180.0,101,,,,activities/9721028185.fit.gz,,,4346.0,3415.0,7770.4,4.79,2.275,362.0,370.0,246.6,382.6,47.4,-0.1,,,120.0,82.0,,156.0,,,606.0,,23.0,101.0,,,,,,,,,,,0.0,,0.0,,1.0,9764.8,,,,,,,,,,,,,,,,,,,,,,,,,,0.0,1.788,4828.1,,,,9400.0,,,,,,,,,,,,,,,,,""
9061400910,"May 12, 2023, 3:33:31 PM",Evening Run,Run,,3363,8.95,187.0,80,,,,activities/9721025424.fit.gz,,,3363.0,3108.0,8954.7,4.355,2.881,25.0,28.0,102.4,123.0,8.3,0.0,,,96.0,85.0,,153.0,,,549.0,,22.0,80.0,,,,,,,,,,,,,0.0,,1.0,8990.0,,,,,,,,,,,,,,,,,,,,,,,,,,0.0,2.663,0.0,,,,8696.0,,,,,,,,,,,,,,,,,""
9046478304,"May 10, 2023, 1:56:07 PM",90 trail,Run,"",5321,10.93,167.0,82,,,,activities/9705304542.fit.gz,,,5321.0,5216.0,10935.4,3.77,2.097,601.0,599.0,384.0,907.4,47.4,0.0,,,122.0,77.0,,145.0,,,737.0,,18.0,82.0,,,,,,,,,,,0.0,,0.0,,1.0,14035.9,,,,,,,,,,,,,,,,,,,,,,,,,,0.0,2.055,10444.7,,,,13246.0,,,,,,,,,,,,,,,,,""
9044684472,"May 9, 2023, 10:10:40 AM",Afternoon Run,Run,,2637,7.09,161.0,24,,,,activities/9703411449.fit.gz,,,2637.0,2435.0,7096.2,4.723,2.914,28.0,26.0,103.0,122.0,13.2,0.0,,,103.0,86.0,,135.0,,,393.0,,24.0,24.0,,,,,,,,,,,,,0.0,,1.0,7140.5,,,,,,,,,,,,,,,,,,,,,,,,,,0.0,2.691,0.0,,,,6908.0,,,,,,,,,,,,,,,,,""
9044682931,"May 8, 2023, 5:47:45 PM","Booty , abs , arms ",Weight Training,"",2518,0,144.0,7,,,,activities/9703409858.fit.gz,,,2518.0,2518.0,0.0,0.0,0.0,0.0,,,,0.0,0.0,,,,,,105.0,,,201.0,,28.0,7.0,,,,,,,,,,,0.0,,0.0,,1.0,,,,,,,,,,,,,,,,,,,,,,,,,,,0.0,0.0,0.0,,,,,,,,,,,,,,,,,,,,,""
9044682412,"May 8, 2023, 5:24:35 PM",Evening Ride,Ride,,1229,0,136.0,5,,,,activities/9703409325.fit.gz,,,1229.0,1229.0,0.0,0.0,0.0,0.0,,,,0.0,0.0,,,,,,121.0,,,141.0,,29.0,5.0,,,,,,,,,,,,,0.0,,1.0,,,,,,,,,,,,,,,,,,,,,,,,,,,0.0,0.0,0.0,,,,,,,,,,,,,,,,,,,,,""
9030043800,"May 7, 2023, 1:50:25 PM",Afternoon Trail Run,Run,"",6597,15.02,164.0,103,,,,activities/9687800717.fit.gz,,,6597.0,6542.0,15027.1,4.155,2.297,523.0,525.0,99.2,392.0,48.5,0.0,,,88.0,78.0,,144.0,,,948.0,,29.0,103.0,,,,,,,,,,,0.0,,0.0,,1.0,17274.7,,,,,,,,,,,,,,,,,,,,,,,,,,0.0,2.278,10622.1,,,,16650.0,,,,,,,,,,,,,,,,,""
9030040048,"May 6, 2023, 11:19:07 AM",Afternoon Weight Training,Weight Training,,2328,0,146.0,6,,,,activities/9687796790.fit.gz,,,2328.0,2328.0,0.0,0.0,0.0,0.0,,,,0.0,0.0,,,,,,105.0,,,174.0,,28.0,6.0,,,,,,,,,,,,,0.0,,1.0,,,,,,,,,,,,,,,,,,,,,,,,,,,0.0,0.0,0.0,,,,,,,,,,,,,,,,,,,,,""
9020255142,"May 6, 2023, 9:32:12 AM",Lunch Trail Run,Run,,5834,9.80,178.0,98,,,,activities/9677384594.fit.gz,,,5834.0,5516.0,9799.5,4.03,1.777,691.0,698.0,207.4,455.4,49.7,-0.1,,,123.0,72.0,,147.0,,,765.0,,28.0,98.0,,,,,,,,,,,,,0.0,,1.0,14207.0,,,,,,,,,,,,,,,,,,,,,,,,,,0.0,1.68,3834.5,,,,13158.0,,,,,,,,,,,,,,,,,""
9013539041,"May 5, 2023, 6:19:05 AM",Morning Run,Run,"",1720,4.20,161.0,19,,,,activities/9670283021.fit.gz,,,1720.0,1368.0,4204.4,5.864,3.073,11.0,14.0,205.4,213.0,14.3,-0.1,,,99.0,85.0,,141.0,,,235.0,,18.0,19.0,,,,,,,,,,,0.0,,0.0,,1.0,4232.9,,,,,,,,,,,,,,,,,,,,,,,,,,0.0,2.444,3832.1,,,,3880.0,,,,,,,,,,,,,,,,,""
9013538127,"May 5, 2023, 6:00:51 AM",Morning Run,Run,,870,2.01,146.0,4,,,,activities/9670282040.fit.gz,,,870.0,861.0,2013.4,4.846,2.338,23.0,19.0,212.6,218.0,25.1,0.2,,,87.0,84.0,,133.0,,,117.0,,22.0,4.0,,,,,,,,,,,,,0.0,,1.0,2073.7,,,,,,,,,,,,,,,,,,,,,,,,,,0.0,2.314,2013.4,,,,2440.0,,,,,,,,,,,,,,,,,""
9013537632,"May 4, 2023, 11:12:38 AM",Afternoon Weight Training,Weight Training,,1014,0,106.0,1,,,,activities/9670281538.fit.gz,,,1014.0,1014.0,0.0,0.0,0.0,0.0,,,,0.0,0.0,,,,,,84.0,,,48.0,,27.0,1.0,,,,,,,,,,,,,0.0,,1.0,,,,,,,,,,,,,,,,,,,,,,,,,,,0.0,0.0,0.0,,,,,,,,,,,,,,,,,,,,,""
9003375330,"May 3, 2023, 2:17:12 PM",Afternoon Trail Run,Run,"",3378,7.38,,,,,,activities/9003375330.fit,,,3378.0,3293.0,7385.0,3.4,2.243,201.0,182.0,207.0,365.6,46.7,0.2,,,,,,,,,,,,,,,,,,,,,,,0.0,,0.0,,1.0,8026.4,,,,,,,,,,,,,,,,,,,,,,,,,,0.0,2.186,4808.0,,,,,,,,,,,,,,,,,,,,,""
8983761879,"Apr 30, 2023, 7:00:06 AM",Not my day /monopati parnassou 24 ,Run,"",12047,23.56,182.0,406,,,,activities/9638753239.fit.gz,,,12047.0,11679.0,23560.9,6.094,2.017,1432.0,1416.0,389.0,1495.4,49.9,0.1,,,118.0,69.0,,161.0,,,1767.0,,21.0,406.0,,,,,,,,,,,0.0,,0.0,,1.0,31557.1,,,,,,,,,,,,,,,,,,,,,,,,,,0.0,1.956,2658.5,,,,26954.0,,,,,,,,,,,,,,,,,""
8983749621,"Apr 30, 2023, 6:38:23 AM",Morning Trail Run,Run,,781,1.51,162.0,10,,,,activities/9638740530.fit.gz,,,781.0,633.0,1515.3,4.742,2.394,31.0,31.0,388.2,421.4,10.7,-0.1,,,90.0,82.0,,145.0,,,102.0,,21.0,10.0,,,,,,,,,,,,,0.0,,1.0,1576.7,,,,,,,,,,,,,,,,,,,,,,,,,,0.0,1.94,0.0,,,,1870.0,,,,,,,,,,,,,,,,,""
8976604346,"Apr 28, 2023, 1:16:55 PM",Afternoon Run,Run,,2751,6.63,159.0,25,,,,activities/9631139803.fit.gz,,,2751.0,2701.0,6632.8,4.677,2.456,53.0,45.0,104.2,123.8,22.2,0.1,,,118.0,84.0,,137.0,,,384.0,,28.0,25.0,,,,,,,,,,,,,0.0,,1.0,6740.8,,,,,,,,,,,,,,,,,,,,,,,,,,0.0,2.411,0.0,,,,6946.0,,,,,,,,,,,,,,,,,""
8968132240,"Apr 27, 2023, 10:47:16 AM",Afternoon Trail Run,Run,"",3048,6.30,167.0,31,,,,activities/9622157898.fit.gz,,,3048.0,2938.0,6299.4,3.637,2.144,302.0,310.0,197.6,435.2,44.1,-0.1,,,115.0,79.0,,136.0,,,406.0,,25.0,31.0,,,,,,,,,,,0.0,,0.0,,1.0,7877.8,,,,,,,,,,,,,,,,,,,,,,,,,,0.0,2.067,3529.0,,,,7440.0,,,,,,,,,,,,,,,,,""
8968129539,"Apr 26, 2023, 3:27:33 PM",Evening Run,Run,,1034,4.10,170.0,33,,,,activities/9622155026.fit.gz,,,1034.0,1034.0,4106.6,4.952,3.972,0.0,,,,0.0,0.0,,,92.0,89.0,,160.0,,,180.0,,25.0,33.0,,,,,,,,,,,,,0.0,,1.0,,,,,,,,,,,,,,,,,,,,,,,,,,,0.0,3.972,0.0,,,,2884.0,,,,,,,,,,,,,,,,,""
8968129195,"Apr 26, 2023, 3:05:49 PM",Evening Run,Run,,853,2.83,160.0,12,,,,activities/9622154649.fit.gz,,,853.0,853.0,2832.8,4.061,3.321,0.0,,,,0.0,0.0,,,89.0,83.0,,142.0,,,132.0,,28.0,12.0,,,,,,,,,,,,,0.0,,1.0,,,,,,,,,,,,,,,,,,,,,,,,,,,0.0,3.321,0.0,,,,2354.0,,,,,,,,,,,,,,,,,""
8958658586,"Apr 25, 2023, 10:39:29 AM",Afternoon Run,Run,"",2994,6.80,160.0,24,,,,activities/9612141407.fit.gz,,,2994.0,2681.0,6808.7,5.072,2.54,69.0,64.0,202.2,221.0,30.1,0.0,,,118.0,84.0,,136.0,,,407.0,,27.0,24.0,,,,,,,,,,,0.0,,0.0,,1.0,6995.5,,,,,,,,,,,,,,,,,,,,,,,,,,0.0,2.274,6530.7,,,,7564.0,,,,,,,,,,,,,,,,,""
8941791551,"Apr 23, 2023, 8:51:24 AM",Lunch Trail Run,Run,"",6180,11.30,176.0,93,,,,activities/9593964441.fit.gz,,,6180.0,5752.0,11302.2,4.406,1.965,602.0,582.0,374.2,945.0,48.2,0.2,,,117.0,77.0,,145.0,,,798.0,,23.0,93.0,,,,,,,,,,,0.0,,0.0,,1.0,14454.8,,,,,,,,,,,,,,,,,,,,,,,,,,0.0,1.829,10203.3,,,,14778.0,,,,,,,,,,,,,,,,,""
8937591653,"Apr 22, 2023, 2:39:56 PM",Afternoon Trail Run,Run,,3649,6.78,158.0,31,,,,activities/9589502812.fit.gz,,,3649.0,3568.0,6783.5,3.69,1.901,416.0,414.0,208.8,366.6,46.7,0.0,,,120.0,77.0,,137.0,,,454.0,,18.0,31.0,,,,,,,,,,,,,0.0,,1.0,9214.6,,,,,,,,,,,,,,,,,,,,,,,,,,0.0,1.859,2963.8,,,,9114.0,,,,,,,,,,,,,,,,,""
8936525210,"Apr 22, 2023, 10:21:23 AM",Afternoon Stand Up Paddling,Stand Up Paddling,,5644,4.51,120.0,8,,,,activities/9588377941.fit.gz,,,5644.0,3803.0,4509.1,2.506,1.186,13.3,13.3,-1.7,9.0,21.8,0.0,,,74.0,30.0,,94.0,,,228.0,,29.0,8.0,,,,,,,,,,,,,0.0,,1.0,,,,,,,,,,,,,,,,,,,,,,,,,,,0.0,0.799,0.0,,,,,,,,,,,,,,,,,,,,,""
8936522271,"Apr 21, 2023, 3:12:09 PM",Evening Run,Run,,2103,5.03,165.0,17,,,,activities/9588374694.fit.gz,,,2103.0,1872.0,5034.2,5.052,2.689,30.0,27.0,99.6,117.0,19.6,0.0,,,98.0,85.0,,138.0,,,291.0,,25.0,17.0,,,,,,,,,,,,,0.0,,1.0,5088.8,,,,,,,,,,,,,,,,,,,,,,,,,,0.0,2.394,0.0,,,,5422.0,,,,,,,,,,,,,,,,,""
8936520436,"Apr 20, 2023, 5:32:40 PM",Evening Weight Training,Weight Training,,1556,0,135.0,4,,,,activities/9588372865.fit.gz,,,1556.0,1556.0,0.0,0.0,0.0,0.0,,,,0.0,0.0,,,,,,101.0,,,115.0,,26.0,4.0,,,,,,,,,,,,,0.0,,1.0,,,,,,,,,,,,,,,,,,,,,,,,,,,0.0,0.0,0.0,,,,,,,,,,,,,,,,,,,,,""
8925708135,"Apr 20, 2023, 2:37:49 PM",Afternoon Trail Run,Run,"",6444,15.05,172.0,136,,,,activities/9576932857.fit.gz,,,6444.0,6129.0,15050.4,3.639,2.456,418.0,415.0,208.0,433.2,28.1,0.0,,,90.0,84.0,,152.0,,,949.0,,22.0,136.0,,,,,,,,,,,0.0,,0.0,,1.0,16371.2,,,,,,,,,,,,,,,,,,,,,,,,,,0.0,2.336,13466.3,,,,16478.0,,,,,,,,,,,,,,,,,""
8921116185,"Apr 19, 2023, 10:10:20 AM",Afternoon Run,Run,,1488,5.96,187.0,78,,,,activities/9572113555.fit.gz,,,1488.0,1488.0,5966.8,5.138,4.01,0.0,,,,0.0,0.0,,,94.0,86.0,,172.0,,,282.0,,23.0,78.0,,,,,,,,,,,,,0.0,,1.0,,,,,,,,,,,,,,,,,,,,,,,,,,,0.0,4.01,0.0,,,,4166.0,,,,,,,,,,,,,,,,,""
8921115760,"Apr 18, 2023, 10:41:56 AM",Afternoon Run,Run,"",2711,6.26,176.0,28,,,,activities/9572113166.fit.gz,,,2711.0,2454.0,6262.5,4.723,2.552,42.0,38.0,101.8,119.8,12.0,0.1,,,93.0,84.0,,142.0,,,384.0,,25.0,28.0,,,,,,,,,,,0.0,,0.0,,1.0,6356.7,,,,,,,,,,,,,,,,,,,,,,,,,,0.0,2.31,0.0,,,,6908.0,,,,,,,,,,,,,,,,,""
8907477283,"Apr 17, 2023, 1:53:41 PM",After Easter 🐣 run ,Run,"",7842,12.99,172.0,166,,,,activities/9557759638.fit.gz,,,7842.0,7168.0,12998.6,4.912,1.813,926.0,935.0,276.2,988.8,49.9,-0.1,,,124.0,72.0,,151.0,,,1062.0,,25.0,166.0,,,,,,,,,,,0.0,,0.0,,1.0,18827.3,,,,,,,,,,,,,,,,,,,,,,,,,,0.0,1.658,11484.1,,,,16416.0,,,,,,,,,,,,,,,,,""
8893998136,"Apr 15, 2023, 8:30:52 AM",Lunch Trail Run,Run,,8601,18.30,186.0,208,,,,activities/9543372848.fit.gz,,,8601.0,7835.0,18304.8,3.352,2.336,685.0,689.0,245.2,394.0,41.1,0.0,,,124.0,81.0,,154.0,,,1181.0,,27.0,208.0,,,,,,,,,,,,,0.0,,1.0,20868.0,,,,,,,,,,,,,,,,,,,,,,,,,,0.0,2.128,17209.6,,,,21014.0,,,,,,,,,,,,,,,,,""
8893991249,"Apr 14, 2023, 7:22:47 AM",Morning Ride,Ride,,2484,0,157.0,34,,,,activities/9543364436.fit.gz,,,2484.0,2484.0,0.0,0.0,0.0,0.0,,,,0.0,0.0,,,,,,139.0,,,365.0,,28.0,34.0,,,,,,,,,,,,,0.0,,1.0,,,,,,,,,,,,,,,,,,,,,,,,,,,0.0,0.0,0.0,,,,,,,,,,,,,,,,,,,,,""
8882428316,"Apr 13, 2023, 8:30:41 AM",Lunch Run,Run,,4377,10.04,175.0,67,,,,activities/9531110458.fit.gz,,,4377.0,3252.0,10040.5,4.429,3.087,18.0,18.0,106.0,121.0,10.9,0.0,,,108.0,84.0,,148.0,,,641.0,,25.0,67.0,,,,,,,,,,,,,0.0,,1.0,10091.2,,,,,,,,,,,,,,,,,,,,,,,,,,0.0,2.294,0.0,,,,9388.0,,,,,,,,,,,,,,,,,""
8876954285,"Apr 12, 2023, 10:17:31 AM",Afternoon Trail Run,Run,"",2081,4.03,170.0,28,,,,activities/9525299224.fit.gz,,,2081.0,2013.0,4035.4,3.849,2.005,205.0,211.0,142.8,310.4,48.9,-0.1,,,118.0,76.0,,142.0,,,289.0,,26.0,28.0,,,,,,,,,,,0.0,,0.0,,1.0,5359.5,,,,,,,,,,,,,,,,,,,,,,,,,,0.0,1.939,1075.9,,,,4926.0,,,,,,,,,,,,,,,,,""
8871622035,"Apr 11, 2023, 9:54:50 AM",Lunch Run,Run,,3434,8.93,175.0,61,,,,activities/9519160209.fit.gz,,,3434.0,2988.0,8929.1,5.364,2.988,57.0,54.0,210.2,218.2,26.4,0.0,,,120.0,82.0,,149.0,,,518.0,,19.0,61.0,,,,,,,,,,,,,0.0,,1.0,9063.2,,,,,,,,,,,,,,,,,,,,,,,,,,0.0,2.6,8930.2,,,,8104.0,,,,,,,,,,,,,,,,,""
8858844539,"Apr 9, 2023, 8:32:51 AM",Lunch Trail Run,Run,,6411,11.08,187.0,101,,,,activities/9505602962.fit.gz,,,6411.0,5135.0,11087.4,3.663,2.159,458.0,458.0,208.0,445.0,49.4,0.0,,,118.0,77.0,,147.0,,,857.0,,25.0,101.0,,,,,,,,,,,,,0.0,,1.0,13701.7,,,,,,,,,,,,,,,,,,,,,,,,,,0.0,1.729,5193.9,,,,13000.0,,,,,,,,,,,,,,,,,""
8854972549,"Apr 8, 2023, 2:03:14 PM",Afternoon Trail Run,Run,,4794,10.40,168.0,65,,,,activities/9501497347.fit.gz,,,4794.0,4265.0,10406.6,4.272,2.44,341.0,333.0,202.8,363.6,28.7,0.1,,,120.0,82.0,,142.0,,,675.0,,20.0,65.0,,,,,,,,,,,,,0.0,,1.0,11738.9,,,,,,,,,,,,,,,,,,,,,,,,,,0.0,2.171,594.5,,,,11760.0,,,,,,,,,,,,,,,,,""
8854967626,"Apr 8, 2023, 9:55:24 AM",Day 7 abs ,Weight Training,"",693,0,130.0,2,,,,activities/9501491927.fit.gz,,,693.0,693.0,0.0,0.0,0.0,0.0,,,,0.0,0.0,,,,,,110.0,,,66.0,,23.0,2.0,,,,,,,,,,,0.0,,0.0,,1.0,,,,,,,,,,,,,,,,,,,,,,,,,,,0.0,0.0,0.0,,,,,,,,,,,,,,,,,,,,,""
8854967488,"Apr 7, 2023, 12:53:53 PM",Afternoon Run,Run,,2990,7.55,154.0,26,,,,activities/9501491719.fit.gz,,,2990.0,2757.0,7558.4,4.983,2.742,58.0,56.0,203.4,218.2,15.4,0.0,,,98.0,83.0,,136.0,,,423.0,,20.0,26.0,,,,,,,,,,,,,0.0,,1.0,7663.1,,,,,,,,,,,,,,,,,,,,,,,,,,0.0,2.528,7231.3,,,,7704.0,,,,,,,,,,,,,,,,,""
8846802735,"Apr 6, 2023, 5:04:06 PM","Day 6 abs , arms , stretch ",Weight Training,"",3252,0,155.0,9,,,,activities/9492903947.fit.gz,,,3252.0,3252.0,0.0,0.0,0.0,0.0,,,,0.0,0.0,,,,,,107.0,,,261.0,,26.0,9.0,,,,,,,,,,,0.0,,0.0,,1.0,,,,,,,,,,,,,,,,,,,,,,,,,,,0.0,0.0,0.0,,,,,,,,,,,,,,,,,,,,,""
8836989887,"Apr 5, 2023, 1:09:52 PM",Afternoon Trail Run,Run,"",3635,8.00,163.0,40,,,,activities/9482585665.fit.gz,,,3635.0,3614.0,8001.8,3.563,2.214,287.0,287.0,214.2,454.2,34.5,0.0,,,124.0,82.0,,140.0,,,480.0,,25.0,40.0,,,,,,,,,,,0.0,,0.0,,1.0,8991.5,,,,,,,,,,,,,,,,,,,,,,,,,,0.0,2.201,7228.3,,,,8900.0,,,,,,,,,,,,,,,,,""
8836987703,"Apr 4, 2023, 11:03:42 AM",Day 5 abs ,Weight Training,"",1573,0,141.0,4,,,,activities/9482583413.fit.gz,,,1573.0,1573.0,0.0,0.0,0.0,0.0,,,,0.0,0.0,,,,,,109.0,,,137.0,,28.0,4.0,,,,,,,,,,,0.0,,0.0,,1.0,,,,,,,,,,,,,,,,,,,,,,,,,,,0.0,0.0,0.0,,,,,,,,,,,,,,,,,,,,,""
8836988297,"Apr 4, 2023, 6:04:05 AM",Morning Ride,Ride,,1501,0,145.0,8,,,,activities/9482584144.fit.gz,,,1501.0,1501.0,0.0,0.0,0.0,0.0,,,,0.0,0.0,,,,,,127.0,,,189.0,,28.0,8.0,,,,,,,,,,,,,0.0,,1.0,,,,,,,,,,,,,,,,,,,,,,,,,,,0.0,0.0,0.0,,,,,,,,,,,,,,,,,,,,,""
8836987663,"Apr 4, 2023, 5:58:36 AM",Morning Ride,Ride,,312,0,119.0,0,,,,activities/9482583468.fit.gz,,,312.0,312.0,0.0,0.0,0.0,0.0,0.0,135.8,136.2,0.0,0.0,,,,,,102.0,,,24.0,,26.0,0.0,,,,,,,,,,,,,0.0,,1.0,,,,,,,,,,,,,,,,,,,,,,,,,,,0.0,0.0,0.0,,,,,,,,,,,,,,,,,,,,,""
8818353621,"Apr 2, 2023, 7:08:23 AM",Poikilo rocky 22 first time 🙋🏼‍♀️❤️,Run,"",10006,22.24,192.0,453,,,,activities/9462957361.fit.gz,,,10006.0,9938.0,22240.2,4.396,2.238,1122.0,1116.0,181.4,401.8,49.3,0.0,,,117.0,75.0,,168.0,,,1661.0,,19.0,453.0,,,,,,,,,,,0.0,,0.0,,1.0,28484.3,,,,,,,,,,,,,,,,,,,,,,,,,,0.0,2.223,15223.2,,,,23804.0,,,,,,,,,,,,,,,,,""
8818339344,"Apr 2, 2023, 6:51:24 AM",Morning Trail Run,Run,,440,0.99,166.0,7,,,,activities/9462942501.fit.gz,,,440.0,421.0,993.5,5.457,2.36,17.0,17.0,177.2,190.0,14.0,0.1,,,90.0,84.0,,145.0,,,63.0,,21.0,7.0,,,,,,,,,,,,,0.0,,1.0,1035.6,,,,,,,,,,,,,,,,,,,,,,,,,,0.0,2.258,0.0,,,,1190.0,,,,,,,,,,,,,,,,,""
8818339152,"Mar 31, 2023, 3:10:34 PM",Evening Run,Run,,2038,4.62,167.0,15,,,,activities/9462942234.fit.gz,,,2038.0,1813.0,4622.6,5.547,2.55,33.0,31.0,103.0,109.0,16.2,0.1,,,111.0,85.0,,135.0,,,255.0,,24.0,15.0,,,,,,,,,,,,,0.0,,1.0,4719.2,,,,,,,,,,,,,,,,,,,,,,,,,,0.0,2.268,0.0,,,,5118.0,,,,,,,,,,,,,,,,,""
8802299735,"Mar 30, 2023, 10:43:21 AM",Afternoon Run,Run,"",2155,5.19,172.0,20,,,,activities/9446058737.fit.gz,,,2155.0,1942.0,5197.4,4.952,2.676,64.0,50.0,204.8,223.0,38.8,0.3,,,117.0,82.0,,138.0,,,302.0,,23.0,20.0,,,,,,,,,,,0.0,,0.0,,1.0,5383.3,,,,,,,,,,,,,,,,,,,,,,,,,,0.0,2.412,4464.3,,,,5294.0,,,,,,,,,,,,,,,,,""
8798784626,"Mar 29, 2023, 2:31:57 PM",Afternoon Trail Run,Run,,4663,9.12,160.0,27,,,,activities/9442373431.fit.gz,,,4663.0,4071.0,9119.8,3.263,2.24,310.0,309.0,215.8,374.8,40.5,0.0,,,118.0,79.0,,130.0,,,575.0,,20.0,27.0,,,,,,,,,,,,,0.0,,1.0,10531.9,,,,,,,,,,,,,,,,,,,,,,,,,,0.0,1.956,8339.5,,,,10976.0,,,,,,,,,,,,,,,,,""
8798780491,"Mar 28, 2023, 10:43:36 AM",Afternoon Run,Run,,2518,6.04,150.0,15,,,,activities/9442369015.fit.gz,,,2518.0,2262.0,6047.5,5.193,2.674,35.0,37.0,205.0,216.4,15.8,0.0,,,120.0,84.0,,133.0,,,329.0,,21.0,15.0,,,,,,,,,,,,,0.0,,1.0,6134.0,,,,,,,,,,,,,,,,,,,,,,,,,,0.0,2.402,6047.5,,,,6204.0,,,,,,,,,,,,,,,,,""
8787574395,"Mar 27, 2023, 5:12:24 PM","Day 4 / core ,abs , upper no equipment ",Workout,"",2018,0,,,,,,activities/8787574395.fit,,,2018.0,2018.0,0.0,0.0,0.0,0.0,,,,0.0,0.0,,,,,,,,,,,,,,,,,,,,,,,0.0,,0.0,,1.0,,,,,,,,,,,,,,,,,,,,,,,,,,,0.0,0.0,0.0,,,,,,,,,,,,,,,,,,,,,""
8782105569,"Mar 26, 2023, 2:46:46 PM",Afternoon Stand Up Paddling,Stand Up Paddling,"",4444,2.38,104.0,3,,,,activities/9424807075.fit.gz,,,4444.0,2090.0,2387.9,5.636,1.143,2.2,-0.3,-1.4,5.5,41.6,0.1,,,69.0,28.0,,83.0,,,205.0,,26.0,3.0,,,,,,,,,,,0.0,,0.0,,1.0,,,,,,,,,,,,,,,,,,,,,,,,,,,0.0,0.537,0.0,,,,,,,,,,,,,,,,,,,,,""
8782104595,"Mar 26, 2023, 8:55:27 AM",Lunch Trail Run,Run,,5473,12.36,162.0,83,,,,activities/9424805956.fit.gz,,,5473.0,5340.0,12360.3,3.324,2.315,323.0,323.0,209.2,364.2,36.9,0.0,,,116.0,81.0,,143.0,,,778.0,,29.0,83.0,,,,,,,,,,,,,0.0,,1.0,13465.3,,,,,,,,,,,,,,,,,,,,,,,,,,0.0,2.258,10340.1,,,,14536.0,,,,,,,,,,,,,,,,,""
8774147464,"Mar 25, 2023, 9:33:46 AM",Lunch Trail Run,Run,"",8224,14.57,194.0,166,,,,activities/9416318267.fit.gz,,,8224.0,7563.0,14571.0,4.692,1.927,779.0,778.0,213.2,454.8,43.3,0.0,,,116.0,74.0,,150.0,,,1142.0,,27.0,166.0,,,,,,,,,,,0.0,,0.0,,1.0,18872.5,,,,,,,,,,,,,,,,,,,,,,,,,,0.0,1.772,8854.6,,,,18388.0,,,,,,,,,,,,,,,,,""
8768971767,"Mar 24, 2023, 11:00:57 AM",Afternoon Run,Run,"",2269,5.50,158.0,25,,,,activities/9410889426.fit.gz,,,2269.0,2265.0,5501.9,3.851,2.429,79.0,83.0,199.6,221.8,21.4,-0.1,,,90.0,83.0,,139.0,,,332.0,,24.0,25.0,,,,,,,,,,,0.0,,0.0,,1.0,5692.1,,,,,,,,,,,,,,,,,,,,,,,,,,0.0,2.425,3910.3,,,,6232.0,,,,,,,,,,,,,,,,,""
8763357051,"Mar 23, 2023, 10:59:00 AM",Lunch Run,Run,,3005,8.05,185.0,39,,,,activities/9404985051.fit.gz,,,3005.0,2773.0,8052.0,4.832,2.904,54.0,54.0,209.6,218.4,15.3,0.0,,,114.0,84.0,,141.0,,,464.0,,21.0,39.0,,,,,,,,,,,,,0.0,,1.0,8158.9,,,,,,,,,,,,,,,,,,,,,,,,,,0.0,2.68,7869.3,,,,7816.0,,,,,,,,,,,,,,,,,""
8763354817,"Mar 22, 2023, 6:48:20 PM","Day 3 glutes , abs ,core,arms",Weight Training,"",2724,0,116.0,5,,,,activities/9404982754.fit.gz,,,2724.0,2724.0,0.0,0.0,0.0,0.0,,,,0.0,0.0,,,,,,85.0,,,130.0,,26.0,5.0,,,,,,,,,,,0.0,,0.0,,1.0,,,,,,,,,,,,,,,,,,,,,,,,,,,0.0,0.0,0.0,,,,,,,,,,,,,,,,,,,,,""
8757788808,"Mar 22, 2023, 10:58:22 AM",Lunch Trail Run,Run,"",5010,8.29,158.0,41,,,,activities/9399152636.fit.gz,,,5010.0,3835.0,8293.1,3.91,2.162,271.0,274.0,182.2,281.4,38.8,0.0,,,122.0,80.0,,139.0,,,526.0,,22.0,41.0,,,,,,,,,,,0.0,,0.0,,1.0,9388.1,,,,,,,,,,,,,,,,,,,,,,,,,,0.0,1.655,4893.6,,,,9538.0,,,,,,,,,,,,,,,,,""
8754583787,"Mar 21, 2023, 5:51:55 PM",Day 2 core training ,Weight Training,"",992,0,122.0,2,,,,activities/9395810437.fit.gz,,,992.0,992.0,0.0,0.0,0.0,0.0,,,,0.0,0.0,,,,,,96.0,,,68.0,,26.0,2.0,,,,,,,,,,,0.0,,0.0,,1.0,,,,,,,,,,,,,,,,,,,,,,,,,,,0.0,0.0,0.0,,,,,,,,,,,,,,,,,,,,,""
8754584215,"Mar 21, 2023, 11:00:00 AM",Afternoon Run,Run,,3511,8.51,165.0,33,,,,activities/9395810790.fit.gz,,,3511.0,3041.0,8516.7,4.93,2.801,45.0,43.0,209.4,217.6,28.7,0.0,,,106.0,85.0,,139.0,,,485.0,,22.0,33.0,,,,,,,,,,,,,0.0,,1.0,8605.7,,,,,,,,,,,,,,,,,,,,,,,,,,0.0,2.426,8380.2,,,,8728.0,,,,,,,,,,,,,,,,,""
8754582191,"Mar 20, 2023, 5:54:09 PM",Day 1 abs and stretch,Weight Training,"",2452,0.21,,,,,,activities/9395808839.fit.gz,,,2452.0,2452.0,215.9,1.0,0.088,0.0,,,,0.0,0.0,,,47.0,27.0,,,,,32.0,,25.0,,,,,,,,,,,,0.0,,0.0,,1.0,,,,,,,,,,,,,,,,,,,,,,,,,,,0.0,0.088,0.0,,,,,,,,,,,,,,,,,,,,,""
8754582501,"Mar 20, 2023, 10:57:46 AM",Lunch Run,Run,"",2410,5.21,153.0,12,,,,activities/9395809066.fit.gz,,,2410.0,2156.0,5218.3,4.492,2.42,59.0,65.0,203.0,221.4,20.4,-0.1,,,122.0,83.0,,127.0,,,294.0,,25.0,12.0,,,,,,,,,,,0.0,,0.0,,1.0,5366.1,,,,,,,,,,,,,,,,,,,,,,,,,,0.0,2.165,3767.9,,,,5906.0,,,,,,,,,,,,,,,,,""
8743006381,"Mar 19, 2023, 3:09:05 PM",Afternoon Ride,Ride,"",7347,18.86,152.0,36,,,,activities/9383654646.fit.gz,,,7347.0,6414.0,18863.3,9.91,2.941,451.0,448.0,193.8,451.8,47.9,0.0,,,,,,126.0,,,689.0,,16.0,36.0,,,,,,,,,,,0.0,,0.0,,1.0,,,,,,,,,,,,,,,,,,,,,,,,,,,0.0,2.567,17255.7,,,,,,,,,,,,,,,,,,,,,""
8733884992,"Mar 18, 2023, 7:54:36 AM",Uphills trelos ⛅,Run,"",9354,14.23,178.0,135,,,,activities/9374016435.fit.gz,,,9354.0,9353.0,14236.0,4.288,1.522,1139.0,1140.0,248.0,852.2,48.9,0.0,,,124.0,70.0,,144.0,,,1087.0,,17.0,135.0,,,,,,,,,,,0.0,,0.0,,1.0,21624.5,,,,,,,,,,,,,,,,,,,,,,,,,,0.0,1.522,14187.7,,,,18474.0,,,,,,,,,,,,,,,,,""
8722499191,"Mar 16, 2023, 6:53:56 AM",Morning Run,Run,"",2939,7.23,167.0,48,,,,activities/9362035366.fit.gz,,,2939.0,2920.0,7237.1,4.592,2.478,59.0,58.0,192.6,212.8,27.7,0.0,,,123.0,85.0,,146.0,,,448.0,,16.0,48.0,,,,,,,,,,,0.0,,0.0,,1.0,7416.1,,,,,,,,,,,,,,,,,,,,,,,,,,0.0,2.462,7237.3,,,,7716.0,,,,,,,,,,,,,,,,,""
8722497911,"Mar 15, 2023, 2:05:16 PM",Afternoon Run,Run,,2712,6.19,159.0,29,,,,activities/9362034041.fit.gz,,,2712.0,2712.0,6194.2,3.35,2.284,0.0,,,,0.0,0.0,,,124.0,77.0,,133.0,,,358.0,,24.0,29.0,,,,,,,,,,,,,0.0,,1.0,,,,,,,,,,,,,,,,,,,,,,,,,,,0.0,2.284,0.0,,,,6916.0,,,,,,,,,,,,,,,,,""
8712331264,"Mar 14, 2023, 6:54:01 AM",Morning Run,Run,,3789,8.81,169.0,41,,,,activities/9351166200.fit.gz,,,3789.0,3255.0,8813.2,5.2,2.708,50.0,56.0,210.6,223.6,14.9,-0.1,,,103.0,84.0,,141.0,,,503.0,,16.0,41.0,,,,,,,,,,,,,0.0,,1.0,8942.9,,,,,,,,,,,,,,,,,,,,,,,,,,0.0,2.326,8051.8,,,,9070.0,,,,,,,,,,,,,,,,,""
8704501602,"Mar 12, 2023, 2:27:28 PM",Afternoon Ride,Ride,"",6006,29.35,138.0,21,,,,activities/9342937441.fit.gz,,,6006.0,5627.0,29351.7,10.564,5.216,378.0,379.0,148.4,224.2,24.2,0.0,,,,,,120.0,,,515.0,,14.0,21.0,,,,,,,,,,,0.0,,0.0,,1.0,,,,,,,,,,,,,,,,,,,,,,,,,,,0.0,4.887,535.1,,,,,,,,,,,,,,,,,,,,,""
8695201285,"Mar 11, 2023, 7:53:07 AM",Morning Trail Run,Run,"",9314,17.00,170.0,132,,,,activities/9333141717.fit.gz,,,9314.0,8484.0,17003.4,4.34,2.004,918.0,924.0,74.8,385.4,48.4,0.0,,,123.0,74.0,,143.0,,,1190.0,,24.0,132.0,,,,,,,,,,,0.0,,0.0,,1.0,22196.5,,,,,,,,,,,,,,,,,,,,,,,,,,0.0,1.826,16378.4,,,,20512.0,,,,,,,,,,,,,,,,,""
8695192298,"Mar 9, 2023, 6:36:10 PM",Evening Weight Training,Weight Training,,3475,0,127.0,7,,,,activities/9333132353.fit.gz,,,3475.0,3475.0,0.0,0.0,0.0,0.0,,,,0.0,0.0,,,,,,90.0,,,188.0,,26.0,7.0,,,,,,,,,,,,,0.0,,1.0,,,,,,,,,,,,,,,,,,,,,,,,,,,0.0,0.0,0.0,,,,,,,,,,,,,,,,,,,,,""
8685723671,"Mar 9, 2023, 11:45:13 AM",Afternoon Run,Run,"",3647,9.61,166.0,42,,,,activities/9323227679.fit.gz,,,3647.0,3252.0,9612.7,5.438,2.956,87.0,84.0,202.0,218.8,23.2,0.0,,,96.0,85.0,,139.0,,,548.0,,22.0,42.0,,,,,,,,,,,0.0,,0.0,,1.0,9818.5,,,,,,,,,,,,,,,,,,,,,,,,,,0.0,2.636,8637.3,,,,9112.0,,,,,,,,,,,,,,,,,""
8680138285,"Mar 8, 2023, 9:52:43 AM",Lunch Trail Run,Run,"",6243,10.10,171.0,83,,,,activities/9317399999.fit.gz,,,6243.0,5798.0,10107.2,4.948,1.743,706.0,706.0,214.4,452.8,49.3,0.0,,,120.0,67.0,,142.0,,,783.0,,23.0,83.0,,,,,,,,,,,0.0,,0.0,,1.0,14536.4,,,,,,,,,,,,,,,,,,,,,,,,,,0.0,1.619,4285.2,,,,12396.0,,,,,,,,,,,,,,,,,""
8680134159,"Mar 7, 2023, 6:35:11 PM",Evening Weight Training,Weight Training,,2045,0,124.0,5,,,,activities/9317395770.fit.gz,,,2045.0,2045.0,0.0,0.0,0.0,0.0,,,,0.0,0.0,,,,,,99.0,,,138.0,,27.0,5.0,,,,,,,,,,,,,0.0,,1.0,,,,,,,,,,,,,,,,,,,,,,,,,,,0.0,0.0,0.0,,,,,,,,,,,,,,,,,,,,,""
8674856101,"Mar 7, 2023, 11:39:37 AM",Afternoon Run,Run,,3695,9.10,177.0,60,,,,activities/9311877598.fit.gz,,,3695.0,3308.0,9107.0,5.408,2.753,57.0,50.0,200.2,217.6,26.4,0.1,,,122.0,83.0,,145.0,,,522.0,,19.0,60.0,,,,,,,,,,,,,0.0,,1.0,9265.3,,,,,,,,,,,,,,,,,,,,,,,,,,0.0,2.465,8808.1,,,,9198.0,,,,,,,,,,,,,,,,,""
8665595725,"Mar 5, 2023, 2:35:04 PM",Afternoon Trail Run,Run,"",7253,19.01,187.0,205,,,,activities/9302115251.fit.gz,,,7253.0,7200.0,19017.1,4.087,2.641,445.2,471.0,195.0,450.6,35.8,-0.1,,,90.0,84.0,,156.0,,,1173.0,,18.0,205.0,,,,,,,,,,,0.0,,0.0,,1.0,20113.1,,,,,,,,,,,,,,,,,,,,,,,,,,0.0,2.622,16401.8,,,,20078.0,,,,,,,,,,,,,,,,,""
8657733216,"Mar 4, 2023, 10:38:10 AM",Lunch Trail Run,Run,"",6789,8.42,170.0,78,,,,activities/9293325839.fit.gz,,,6789.0,6045.0,8425.5,3.493,1.394,902.0,887.0,216.0,379.4,50.0,0.2,,,124.0,66.0,,138.0,,,771.0,,21.0,78.0,,,,,,,,,,,0.0,,0.0,,1.0,15546.1,,,,,,,,,,,,,,,,,,,,,,,,,,0.0,1.241,2291.2,,,,12958.0,,,,,,,,,,,,,,,,,""
8653213522,"Mar 3, 2023, 2:56:25 PM",Afternoon Run,Run,"",2766,7.04,164.0,23,,,,activities/9288599629.fit.gz,,,2766.0,2667.0,7045.9,4.179,2.642,38.0,44.0,84.8,111.2,31.3,-0.1,,,123.0,86.0,,135.0,,,406.0,,18.0,23.0,,,,,,,,,,,0.0,,0.0,,1.0,7104.2,,,,,,,,,,,,,,,,,,,,,,,,,,0.0,2.547,0.0,,,,7166.0,,,,,,,,,,,,,,,,,""
8653211929,"Mar 2, 2023, 6:37:12 PM",Evening Weight Training,Weight Training,,4940,0,124.0,12,,,,activities/9288598002.fit.gz,,,4940.0,4940.0,0.0,0.0,0.0,0.0,,,,0.0,0.0,,,,,,98.0,,,308.0,,27.0,12.0,,,,,,,,,,,,,0.0,,1.0,,,,,,,,,,,,,,,,,,,,,,,,,,,0.0,0.0,0.0,,,,,,,,,,,,,,,,,,,,,""
8647938557,"Mar 2, 2023, 2:22:58 PM",Afternoon Trail Run,Run,,5716,14.73,165.0,137,,,,activities/9283091133.fit.gz,,,5716.0,5708.0,14734.5,4.11,2.581,419.0,430.0,236.2,459.2,22.7,-0.1,,,95.0,85.0,,151.0,,,899.0,,19.0,137.0,,,,,,,,,,,,,0.0,,1.0,16002.1,,,,,,,,,,,,,,,,,,,,,,,,,,0.0,2.578,13963.1,,,,16034.0,,,,,,,,,,,,,,,,,""
8642382218,"Mar 1, 2023, 11:05:40 AM",Afternoon Run,Run,,2940,7.82,164.0,27,,,,activities/9277277346.fit.gz,,,2940.0,2577.0,7826.2,5.04,3.037,19.0,18.0,253.8,258.2,14.3,0.0,,,117.0,87.0,,136.0,,,446.0,,23.0,27.0,,,,,,,,,,,,,0.0,,1.0,7857.0,,,,,,,,,,,,,,,,,,,,,,,,,,0.0,2.662,0.0,,,,7386.0,,,,,,,,,,,,,,,,,""
8630867045,"Feb 27, 2023, 11:09:30 AM",Ούτε σήμερα με έφαγαν τα σκυλιά 😪,Run,"",9906,11.99,168.0,107,,,,activities/9265246728.fit.gz,,,9906.0,9825.0,11996.8,3.954,1.221,952.0,958.0,-2.6,859.8,50.0,0.0,,,120.0,67.0,,141.0,,,1068.0,,25.0,107.0,,,,,,,,,,,0.0,,0.0,,1.0,18056.8,,,,,,,,,,,,,,,,,,,,,,,,,,0.0,1.211,246.7,,,,15894.0,,,,,,,,,,,,,,,,,""
8624701954,"Feb 26, 2023, 11:31:16 AM",Afternoon Trail Run,Run,,252,0.50,141.0,1,,,,activities/9258721807.fit.gz,,,252.0,252.0,507.3,3.102,2.013,6.0,18.0,212.6,223.4,15.7,-1.7,,,85.0,69.0,,130.0,,,29.0,,22.0,1.0,,,,,,,,,,,,,0.0,,1.0,518.3,,,,,,,,,,,,,,,,,,,,,,,,,,0.0,2.013,54.5,,,,578.0,,,,,,,,,,,,,,,,,""
8624702044,"Feb 26, 2023, 9:42:46 AM",Δε δαγκώνω να παίξω θέλω 🤬,Run,"",6481,17.02,173.0,141,,,,activities/9258721851.fit.gz,,,6481.0,6446.0,17020.8,4.487,2.641,408.0,422.0,230.4,452.6,28.6,-0.1,,,92.0,85.0,,150.0,,,1018.0,,22.0,141.0,,,,,,,,,,,0.0,,0.0,,1.0,17980.0,,,,,,,,,,,,,,,,,,,,,,,,,,0.0,2.626,16732.7,,,,18248.0,,,,,,,,,,,,,,,,,""
8624692748,"Feb 26, 2023, 9:32:59 AM",Lunch Trail Run,Run,,472,0.54,114.0,0,,,,activities/9258712093.fit.gz,,,472.0,307.0,548.9,2.58,1.788,32.0,0.0,209.2,244.8,15.3,6.4,,,88.0,83.0,,105.0,,,45.0,,24.0,0.0,,,,,,,,,,,,,0.0,,1.0,703.0,,,,,,,,,,,,,,,,,,,,,,,,,,0.0,1.163,19.4,,,,846.0,,,,,,,,,,,,,,,,,""
8620624444,"Feb 25, 2023, 1:49:16 PM",Afternoon Trail Run,Run,"",8108,12.60,170.0,121,,,,activities/9254382688.fit.gz,,,8108.0,7446.0,12606.6,3.402,1.693,997.0,1001.0,215.4,449.0,48.9,0.0,,,120.0,71.0,,144.0,,,994.0,,21.0,121.0,,,,,,,,,,,0.0,,0.0,,1.0,19494.5,,,,,,,,,,,,,,,,,,,,,,,,,,0.0,1.555,4833.1,,,,17028.0,,,,,,,,,,,,,,,,,""
8620616150,"Feb 23, 2023, 6:35:18 PM",Evening Weight Training,Weight Training,,3033,0,135.0,7,,,,activities/9254374188.fit.gz,,,3033.0,3033.0,0.0,0.0,0.0,0.0,,,,0.0,0.0,,,,,,99.0,,,168.0,,25.0,7.0,,,,,,,,,,,,,0.0,,1.0,,,,,,,,,,,,,,,,,,,,,,,,,,,0.0,0.0,0.0,,,,,,,,,,,,,,,,,,,,,""
8608562969,"Feb 23, 2023, 6:51:45 AM",Morning Run,Run,,2532,6.09,154.0,23,,,,activities/9241689596.fit.gz,,,2532.0,2409.0,6096.0,4.198,2.531,47.0,44.0,84.0,104.2,11.0,0.1,,,92.0,86.0,,138.0,,,360.0,,19.0,23.0,,,,,,,,,,,,,0.0,,1.0,6189.8,,,,,,,,,,,,,,,,,,,,,,,,,,0.0,2.408,0.0,,,,6960.0,,,,,,,,,,,,,,,,,""
8605257607,"Feb 22, 2023, 3:50:11 PM",Afternoon Run,Run,,4822,12.01,185.0,70,,,,activities/9238208378.fit.gz,,,4822.0,4484.0,12016.7,4.935,2.68,6.0,6.0,254.8,257.2,9.9,0.0,,,103.0,80.0,,142.0,,,671.0,,15.0,70.0,,,,,,,,,,,,,0.0,,1.0,12030.1,,,,,,,,,,,,,,,,,,,,,,,,,,0.0,2.492,0.0,,,,11838.0,,,,,,,,,,,,,,,,,""
8605254826,"Feb 21, 2023, 6:35:01 PM",Evening Weight Training,Weight Training,,3736,0,134.0,8,,,,activities/9238205210.fit.gz,,,3736.0,3736.0,0.0,0.0,0.0,0.0,,,,0.0,0.0,,,,,,94.0,,,218.0,,26.0,8.0,,,,,,,,,,,,,0.0,,1.0,,,,,,,,,,,,,,,,,,,,,,,,,,,0.0,0.0,0.0,,,,,,,,,,,,,,,,,,,,,""
8597399667,"Feb 21, 2023, 6:29:44 AM",Morning Trail Run,Run,,4535,10.18,164.0,67,,,,activities/9229928027.fit.gz,,,4535.0,4462.0,10182.2,3.727,2.282,419.0,418.0,208.8,448.0,49.6,0.0,,,124.0,76.0,,144.0,,,663.0,,21.0,67.0,,,,,,,,,,,,,0.0,,1.0,11928.4,,,,,,,,,,,,,,,,,,,,,,,,,,0.0,2.245,9159.5,,,,11108.0,,,,,,,,,,,,,,,,,""
8597397021,"Feb 20, 2023, 7:04:24 AM",Morning Run,Run,,2452,5.51,148.0,11,,,,activities/9229925213.fit.gz,,,2452.0,2197.0,5513.9,4.938,2.51,49.0,43.0,201.4,216.4,14.7,0.1,,,99.0,83.0,,126.0,,,292.0,,20.0,11.0,,,,,,,,,,,,,0.0,,1.0,5635.4,,,,,,,,,,,,,,,,,,,,,,,,,,0.0,2.249,4605.7,,,,5976.0,,,,,,,,,,,,,,,,,""
8588134479,"Feb 19, 2023, 11:47:46 AM",Afternoon Trail Run,Run,,3488,3.05,157.0,5,,,,activities/9220041803.fit.gz,,,3488.0,1661.0,3051.8,3.689,1.837,91.0,69.0,1030.0,1091.0,37.6,0.7,,,122.0,71.0,,105.0,,,228.0,,21.0,5.0,,,,,,,,,,,,,0.0,,1.0,3476.6,,,,,,,,,,,,,,,,,,,,,,,,,,0.0,0.875,0.0,,,,3848.0,,,,,,,,,,,,,,,,,""
8588131444,"Feb 19, 2023, 10:23:19 AM",Lunch Stand Up Paddling,Stand Up Paddling,,1814,1.32,99.0,2,,,,activities/9220038541.fit.gz,,,1814.0,1391.0,1320.6,1.856,0.949,11.9,11.9,713.5,723.2,27.4,0.0,,,56.0,27.0,,82.0,,,77.0,,27.0,2.0,,,,,,,,,,,,,0.0,,1.0,,,,,,,,,,,,,,,,,,,,,,,,,,,0.0,0.728,0.0,,,,,,,,,,,,,,,,,,,,,""
8588130173,"Feb 19, 2023, 8:48:50 AM",Morning Trail Run,Run,,3755,5.97,148.0,12,,,,activities/9220037345.fit.gz,,,3755.0,3008.0,5969.1,3.642,1.984,203.0,207.0,710.8,872.0,32.2,-0.1,,,118.0,76.0,,118.0,,,367.0,,23.0,12.0,,,,,,,,,,,,,0.0,,1.0,6785.9,,,,,,,,,,,,,,,,,,,,,,,,,,0.0,1.59,2372.7,,,,7436.0,,,,,,,,,,,,,,,,,""
8580731946,"Feb 18, 2023, 9:24:17 AM",Tired but done 1200 -2.30 hours ,Run,"",9463,14.03,175.0,177,,,,activities/9212052919.fit.gz,,,9463.0,8951.0,14032.4,4.588,1.568,1211.0,1211.0,210.4,453.4,49.8,0.0,,,118.0,66.0,,148.0,,,1185.0,,25.0,177.0,,,,,,,,,,,0.0,,0.0,,1.0,22486.3,,,,,,,,,,,,,,,,,,,,,,,,,,0.0,1.483,4017.3,,,,18794.0,,,,,,,,,,,,,,,,,""
8576499198,"Feb 17, 2023, 2:19:34 PM",Afternoon Run,Run,"",3944,11.38,170.0,63,,,,activities/9207458660.fit.gz,,,3944.0,3888.0,11388.7,4.7,2.929,22.0,20.0,254.2,259.6,12.0,0.0,,,100.0,87.0,,144.0,,,637.0,,16.0,63.0,,,,,,,,,,,0.0,,0.0,,1.0,11425.9,,,,,,,,,,,,,,,,,,,,,,,,,,0.0,2.888,0.0,,,,11182.0,,,,,,,,,,,,,,,,,""
8575462329,"Feb 16, 2023, 6:30:54 PM",Evening Weight Training,Weight Training,,1953,0,128.0,4,,,,activities/9206332102.fit.gz,,,1953.0,1953.0,0.0,0.0,0.0,0.0,,,,0.0,0.0,,,,,,93.0,,,118.0,,24.0,4.0,,,,,,,,,,,,,0.0,,1.0,,,,,,,,,,,,,,,,,,,,,,,,,,,0.0,0.0,0.0,,,,,,,,,,,,,,,,,,,,,""
8575461851,"Feb 16, 2023, 5:46:01 PM",Evening Ride,Ride,,1819,0,114.0,4,,,,activities/9206331504.fit.gz,,,1819.0,1819.0,0.0,0.0,0.0,0.0,,,,0.0,0.0,,,,,,95.0,,,113.0,,24.0,4.0,,,,,,,,,,,,,0.0,,1.0,,,,,,,,,,,,,,,,,,,,,,,,,,,0.0,0.0,0.0,,,,,,,,,,,,,,,,,,,,,""
8575461345,"Feb 16, 2023, 5:38:59 PM",Evening Run,Run,,382,0.50,87.0,0,,,,activities/9206330960.fit.gz,,,382.0,382.0,503.8,1.777,1.319,0.0,,,,0.0,0.0,,,68.0,63.0,,76.0,,,14.0,,24.0,0.0,,,,,,,,,,,,,0.0,,1.0,,,,,,,,,,,,,,,,,,,,,,,,,,,0.0,1.319,0.0,,,,796.0,,,,,,,,,,,,,,,,,""
8575461190,"Feb 16, 2023, 2:34:24 PM",Afternoon Run,Run,,675,1.49,139.0,2,,,,activities/9206330775.fit.gz,,,675.0,671.0,1494.0,2.818,2.226,18.0,7.0,154.4,169.8,6.6,0.8,,,90.0,87.0,,120.0,,,87.0,,21.0,2.0,,,,,,,,,,,,,0.0,,1.0,1537.4,,,,,,,,,,,,,,,,,,,,,,,,,,0.0,2.213,0.0,,,,1904.0,,,,,,,,,,,,,,,,,""
8566318201,"Feb 15, 2023, 2:40:16 PM",16χμ 👌🏼,Run,"",7318,16.00,168.0,111,,,,activities/9196258046.fit.gz,,,7318.0,7059.0,16008.8,3.555,2.268,640.0,653.0,200.6,459.8,48.8,-0.1,,,124.0,78.0,,144.0,,,1022.0,,15.0,111.0,,,,,,,,,,,0.0,,0.0,,1.0,19094.1,,,,,,,,,,,,,,,,,,,,,,,,,,0.0,2.188,13393.4,,,,17326.0,,,,,,,,,,,,,,,,,""
8560153606,"Feb 14, 2023, 11:50:04 AM",Afternoon Run,Run,,2840,5.78,153.0,17,,,,activities/9189424977.fit.gz,,,2840.0,2800.0,5785.6,5.22,2.066,56.0,61.0,198.0,220.6,45.3,-0.1,,,113.0,85.0,,130.0,,,361.0,,18.0,17.0,,,,,,,,,,,,,0.0,,1.0,5959.2,,,,,,,,,,,,,,,,,,,,,,,,,,0.0,2.037,5399.1,,,,7474.0,,,,,,,,,,,,,,,,,""
8547834804,"Feb 12, 2023, 9:16:59 AM",Χαλαρό κυριακάτικο 🐨,Run,"",7952,13.43,179.0,114,,,,activities/9175623902.fit.gz,,,7952.0,7177.0,13438.8,4.112,1.872,813.0,818.0,208.8,451.4,49.9,0.0,,,124.0,70.0,,143.0,,,987.0,,22.0,114.0,,,,,,,,,,,0.0,,0.0,,1.0,17914.2,,,,,,,,,,,,,,,,,,,,,,,,,,0.0,1.69,8000.9,,,,15098.0,,,,,,,,,,,,,,,,,""
8542598221,"Feb 11, 2023, 10:57:14 AM",My fav biggest uphills at poikilo 🤓,Run,"",8614,14.30,182.0,155,,,,activities/9169755167.fit.gz,,,8614.0,8415.0,14307.5,5.112,1.7,1016.0,1008.0,208.2,460.2,48.8,0.0,,,123.0,70.0,,147.0,,,1091.0,,19.0,155.0,,,,,,,,,,,0.0,,0.0,,1.0,20776.8,,,,,,,,,,,,,,,,,,,,,,,,,,0.0,1.661,4659.1,,,,17726.0,,,,,,,,,,,,,,,,,""
8538057571,"Feb 10, 2023, 2:59:50 PM",3χμ _1 / 2 _ 1/ 1 _1 /500_1,Run,"",4398,13.10,189.0,127,,,,activities/9164699352.fit.gz,,,4398.0,4296.0,13099.2,4.685,3.049,35.0,35.0,254.6,258.8,9.3,0.0,,,96.0,89.0,,157.0,,,769.0,,13.0,127.0,,,,,,,,,,,0.0,,0.0,,1.0,13139.1,,,,,,,,,,,,,,,,,,,,,,,,,,0.0,2.978,0.0,,,,12744.0,,,,,,,,,,,,,,,,,""
8532064035,"Feb 9, 2023, 10:49:15 AM",Lunch Trail Run,Run,,3346,5.30,157.0,22,,,,activities/9158076847.fit.gz,,,3346.0,3282.0,5300.3,3.257,1.615,422.0,423.0,213.0,463.4,49.7,0.0,,,124.0,68.0,,130.0,,,377.0,,18.0,22.0,,,,,,,,,,,,,0.0,,1.0,8113.3,,,,,,,,,,,,,,,,,,,,,,,,,,0.0,1.584,1209.3,,,,7288.0,,,,,,,,,,,,,,,,,""
8532061703,"Feb 8, 2023, 3:33:10 PM",Afternoon Run,Run,,1090,1.21,88.0,0,,,,activities/9158074330.fit.gz,,,1090.0,765.0,1212.5,1.96,1.585,10.0,15.0,154.2,169.2,45.2,0.0,,,64.0,60.0,,69.0,,,66.0,,18.0,0.0,,,,,,,,,,,,,0.0,,1.0,1230.1,,,,,,,,,,,,,,,,,,,,,,,,,,0.0,1.112,0.0,,,,1020.0,,,,,,,,,,,,,,,,,""
8526615108,"Feb 8, 2023, 9:31:21 AM",Lunch Run,Run,,4093,11.34,173.0,61,,,,activities/9152059442.fit.gz,,,4093.0,3860.0,11346.7,5.076,2.94,31.0,30.0,112.4,117.6,22.4,0.0,,,118.0,88.0,,145.0,,,630.0,,16.0,61.0,,,,,,,,,,,,,0.0,,1.0,11431.6,,,,,,,,,,,,,,,,,,,,,,,,,,0.0,2.772,0.0,,,,11322.0,,,,,,,,,,,,,,,,,""
8526612817,"Feb 7, 2023, 6:33:36 PM",Evening Weight Training,Weight Training,,792,0,124.0,1,,,,activities/9152056908.fit.gz,,,792.0,792.0,0.0,0.0,0.0,0.0,,,,0.0,0.0,,,,,,98.0,,,58.0,,24.0,1.0,,,,,,,,,,,,,0.0,,1.0,,,,,,,,,,,,,,,,,,,,,,,,,,,0.0,0.0,0.0,,,,,,,,,,,,,,,,,,,,,""
8526612523,"Feb 7, 2023, 5:55:20 PM",Evening Ride,Ride,,2102,0,122.0,6,,,,activities/9152056659.fit.gz,,,2102.0,2102.0,0.0,0.0,0.0,0.0,,,,0.0,0.0,,,,,,110.0,,,182.0,,27.0,6.0,,,,,,,,,,,,,0.0,,1.0,,,,,,,,,,,,,,,,,,,,,,,,,,,0.0,0.0,0.0,,,,,,,,,,,,,,,,,,,,,""
8514839507,"Feb 6, 2023, 9:47:34 AM",Lunch Trail Run,Run,,10635,18.39,167.0,121,,,,activities/9139078861.fit.gz,,,10635.0,8628.0,18394.6,3.893,2.132,622.0,624.0,202.2,461.0,49.9,0.0,,,124.0,78.0,,142.0,,,1239.0,,14.0,121.0,,,,,,,,,,,,,0.0,,1.0,20924.8,,,,,,,,,,,,,,,,,,,,,,,,,,0.0,1.73,15466.4,,,,21468.0,,,,,,,,,,,,,,,,,""
8514832440,"Feb 4, 2023, 11:12:16 AM",Afternoon Weight Training,Weight Training,,1385,0,124.0,2,,,,activities/9139071202.fit.gz,,,1385.0,1385.0,0.0,0.0,0.0,0.0,,,,0.0,0.0,,,,,,84.0,,,67.0,,25.0,2.0,,,,,,,,,,,,,0.0,,1.0,,,,,,,,,,,,,,,,,,,,,,,,,,,0.0,0.0,0.0,,,,,,,,,,,,,,,,,,,,,""
8502361427,"Feb 4, 2023, 9:11:44 AM",Lunch Trail Run,Run,"",4797,8.08,169.0,55,,,,activities/9124987088.fit.gz,,,4797.0,4586.0,8088.1,3.512,1.764,557.0,556.0,211.4,417.6,49.8,0.0,,,124.0,74.0,,137.0,,,583.0,,19.0,55.0,,,,,,,,,,,0.0,,0.0,,1.0,11937.4,,,,,,,,,,,,,,,,,,,,,,,,,,0.0,1.686,5172.4,,,,10732.0,,,,,,,,,,,,,,,,,""
8498849545,"Feb 3, 2023, 2:05:16 PM",Afternoon Run,Run,,4676,11.43,170.0,54,,,,activities/9121092008.fit.gz,,,4676.0,4047.0,11433.2,4.63,2.825,56.0,51.0,253.8,263.6,18.4,0.0,,,97.0,86.0,,141.0,,,658.0,,14.0,54.0,,,,,,,,,,,,,0.0,,1.0,11540.9,,,,,,,,,,,,,,,,,,,,,,,,,,0.0,2.445,0.0,,,,11472.0,,,,,,,,,,,,,,,,,""
8498847152,"Feb 2, 2023, 6:34:06 PM",Evening Weight Training,Weight Training,,4212,0,135.0,10,,,,activities/9121089322.fit.gz,,,4212.0,4212.0,0.0,0.0,0.0,0.0,,,,0.0,0.0,,,,,,100.0,,,279.0,,26.0,10.0,,,,,,,,,,,,,0.0,,1.0,,,,,,,,,,,,,,,,,,,,,,,,,,,0.0,0.0,0.0,,,,,,,,,,,,,,,,,,,,,""
8492295767,"Feb 2, 2023, 6:50:47 AM",Morning Run,Run,,3009,7.88,172.0,48,,,,activities/9113832417.fit.gz,,,3009.0,2755.0,7880.4,5.563,2.86,53.0,49.0,103.2,128.0,15.9,0.1,,,103.0,87.0,,146.0,,,475.0,,16.0,48.0,,,,,,,,,,,,,0.0,,1.0,8001.0,,,,,,,,,,,,,,,,,,,,,,,,,,0.0,2.619,0.0,,,,7962.0,,,,,,,,,,,,,,,,,""
8488171242,"Feb 1, 2023, 4:24:11 PM",Squat 🍑,Weight Training,"",1801,0,151.0,5,,,,activities/9109140458.fit.gz,,,1801.0,1801.0,0.0,0.0,0.0,0.0,,,,0.0,0.0,,,,,,102.0,,,133.0,,20.0,5.0,,,,,,,,,,,0.0,,0.0,,1.0,,,,,,,,,,,,,,,,,,,,,,,,,,,0.0,0.0,0.0,,,,,,,,,,,,,,,,,,,,,""
8488171816,"Feb 1, 2023, 2:45:30 PM",Free 75' Wednesday 🥹,Run,"",5710,10.37,177.0,74,,,,activities/9109140881.fit.gz,,,5710.0,5547.0,10372.7,3.434,1.87,729.0,736.0,200.0,455.2,49.5,-0.1,,,120.0,74.0,,140.0,,,742.0,,16.0,74.0,,,,,,,,,,,0.0,,0.0,,1.0,14964.0,,,,,,,,,,,,,,,,,,,,,,,,,,0.0,1.817,4513.2,,,,13260.0,,,,,,,,,,,,,,,,,""
8488227312,"Jan 31, 2023, 6:34:49 PM",Evening Weight Training,Weight Training,,1550,0,141.0,5,,,,activities/9109199432.fit.gz,,,1550.0,1550.0,0.0,0.0,0.0,0.0,,,,0.0,0.0,,,,,,112.0,,,142.0,,24.0,5.0,,,,,,,,,,,,,0.0,,1.0,,,,,,,,,,,,,,,,,,,,,,,,,,,0.0,0.0,0.0,,,,,,,,,,,,,,,,,,,,,""
8488176548,"Jan 31, 2023, 12:27:50 PM",Afternoon Weight Training,Weight Training,,1415,0,123.0,3,,,,activities/9109126292.fit.gz,,,1415.0,1415.0,0.0,0.0,0.0,0.0,,,,0.0,0.0,,,,,,100.0,,,101.0,,29.0,3.0,,,,,,,,,,,,,0.0,,1.0,,,,,,,,,,,,,,,,,,,,,,,,,,,0.0,0.0,0.0,,,,,,,,,,,,,,,,,,,,,""
8488175840,"Jan 31, 2023, 7:05:12 AM",Morning Run,Run,,2102,4.65,157.0,26,,,,activities/9109125530.fit.gz,,,2102.0,1749.0,4650.0,5.174,2.659,30.0,28.0,99.6,106.2,15.6,0.1,,,120.0,88.0,,142.0,,,281.0,,16.0,26.0,,,,,,,,,,,,,0.0,,1.0,4743.0,,,,,,,,,,,,,,,,,,,,,,,,,,0.0,2.212,0.0,,,,5152.0,,,,,,,,,,,,,,,,,""
8488172710,"Jan 30, 2023, 6:12:27 PM",Evening Ride,Ride,,2403,0,126.0,7,,,,activities/9109120489.fit.gz,,,2403.0,2403.0,0.0,0.0,0.0,0.0,,,,0.0,0.0,,,,,,111.0,,,211.0,,26.0,7.0,,,,,,,,,,,,,0.0,,1.0,,,,,,,,,,,,,,,,,,,,,,,,,,,0.0,0.0,0.0,,,,,,,,,,,,,,,,,,,,,""
8488172918,"Jan 30, 2023, 11:51:44 AM",Afternoon Weight Training,Weight Training,,1568,0,142.0,3,,,,activities/9109121286.fit.gz,,,1568.0,1568.0,0.0,0.0,0.0,0.0,,,,0.0,0.0,,,,,,96.0,,,101.0,,28.0,3.0,,,,,,,,,,,,,0.0,,1.0,,,,,,,,,,,,,,,,,,,,,,,,,,,0.0,0.0,0.0,,,,,,,,,,,,,,,,,,,,,""
8472332845,"Jan 29, 2023, 12:56:14 PM",Afternoon Trail Run,Run,"",8534,16.35,175.0,96,,,,activities/9090590324.fit.gz,,,8534.0,8349.0,16358.7,3.3,1.959,772.0,773.0,152.6,405.2,48.1,0.0,,,123.0,75.0,,139.0,,,1076.0,,18.0,96.0,,,,,,,,,,,0.0,,0.0,,1.0,20428.7,,,,,,,,,,,,,,,,,,,,,,,,,,0.0,1.917,8482.0,,,,20560.0,,,,,,,,,,,,,,,,,""
8464191717,"Jan 28, 2023, 8:37:41 AM",Morning Trail Run,Run,,6823,9.35,174.0,127,,,,activities/9081453979.fit.gz,,,6823.0,6216.0,9349.0,3.713,1.504,913.0,902.0,495.0,810.0,49.8,0.1,,,122.0,68.0,,150.0,,,868.0,,19.0,127.0,,,,,,,,,,,,,0.0,,1.0,16080.5,,,,,,,,,,,,,,,,,,,,,,,,,,0.0,1.37,9085.2,,,,13078.0,,,,,,,,,,,,,,,,,""
8464185857,"Jan 27, 2023, 6:11:31 PM",Evening Weight Training,Weight Training,,2448,0,130.0,6,,,,activities/9081447469.fit.gz,,,2448.0,2448.0,0.0,0.0,0.0,0.0,,,,0.0,0.0,,,,,,103.0,,,180.0,,25.0,6.0,,,,,,,,,,,,,0.0,,1.0,,,,,,,,,,,,,,,,,,,,,,,,,,,0.0,0.0,0.0,,,,,,,,,,,,,,,,,,,,,""
8464184888,"Jan 27, 2023, 11:57:46 AM",Afternoon Ride,Ride,,1340,0,132.0,4,,,,activities/9081446601.fit.gz,,,1340.0,1340.0,0.0,0.0,0.0,0.0,,,,0.0,0.0,,,,,,114.0,,,133.0,,24.0,4.0,,,,,,,,,,,,,0.0,,1.0,,,,,,,,,,,,,,,,,,,,,,,,,,,0.0,0.0,0.0,,,,,,,,,,,,,,,,,,,,,""
8464184495,"Jan 26, 2023, 6:31:22 PM",Evening Weight Training,Weight Training,,2692,0,136.0,6,,,,activities/9081446166.fit.gz,,,2692.0,2692.0,0.0,0.0,0.0,0.0,,,,0.0,0.0,,,,,,100.0,,,185.0,,26.0,6.0,,,,,,,,,,,,,0.0,,1.0,,,,,,,,,,,,,,,,,,,,,,,,,,,0.0,0.0,0.0,,,,,,,,,,,,,,,,,,,,,""
8449915328,"Jan 25, 2023, 1:22:15 PM",Afternoon Trail Run,Run,"",5950,9.85,163.0,98,,,,activities/9065714435.fit.gz,,,5950.0,5845.0,9851.5,3.642,1.685,832.0,826.0,208.6,460.8,49.8,0.0,,,120.0,69.0,,145.0,,,757.0,,20.0,98.0,,,,,,,,,,,0.0,,0.0,,1.0,15496.0,,,,,,,,,,,,,,,,,,,,,,,,,,0.0,1.656,2624.1,,,,13270.0,,,,,,,,,,,,,,,,,""
8449910929,"Jan 24, 2023, 6:35:43 PM",Evening Weight Training,Weight Training,,2889,0,114.0,5,,,,activities/9065709557.fit.gz,,,2889.0,2889.0,0.0,0.0,0.0,0.0,,,,0.0,0.0,,,,,,83.0,,,125.0,,26.0,5.0,,,,,,,,,,,,,0.0,,1.0,,,,,,,,,,,,,,,,,,,,,,,,,,,0.0,0.0,0.0,,,,,,,,,,,,,,,,,,,,,""
8449910328,"Jan 24, 2023, 4:14:48 PM",Evening Hike,Hike,,1387,1.12,110.0,1,,,,activities/9065708904.fit.gz,,,1387.0,961.0,1124.2,1.725,1.17,27.0,12.0,155.4,169.8,37.8,0.0,,,65.0,58.0,,88.0,,,75.0,,23.0,1.0,,,,,,,,,,,,,0.0,,1.0,,,,,,,,,,,,,,,,,,,,,,,,,,,0.0,0.811,0.0,,,,,,,,,,,,,,,,,,,,,""
8449909939,"Jan 24, 2023, 12:46:17 PM",Afternoon Weight Training,Weight Training,,734,0,112.0,1,,,,activities/9065708400.fit.gz,,,734.0,734.0,0.0,0.0,0.0,0.0,,,,0.0,0.0,,,,,,93.0,,,46.0,,26.0,1.0,,,,,,,,,,,,,0.0,,1.0,,,,,,,,,,,,,,,,,,,,,,,,,,,0.0,0.0,0.0,,,,,,,,,,,,,,,,,,,,,""
8449909677,"Jan 24, 2023, 12:10:09 PM",Afternoon Ride,Ride,,2106,0,133.0,7,,,,activities/9065708136.fit.gz,,,2106.0,2106.0,0.0,0.0,0.0,0.0,,,,0.0,0.0,,,,,,118.0,,,220.0,,26.0,7.0,,,,,,,,,,,,,0.0,,1.0,,,,,,,,,,,,,,,,,,,,,,,,,,,0.0,0.0,0.0,,,,,,,,,,,,,,,,,,,,,""
8433595743,"Jan 22, 2023, 9:09:44 AM",Λονγκ παρνηθουλα ,Run,"",16375,26.21,169.0,174,,,,activities/9047636364.fit.gz,,,16375.0,14223.0,26214.0,8.845,1.843,1656.0,1652.0,307.6,961.2,50.0,0.0,,,124.0,71.0,,139.0,,,1773.0,,20.0,174.0,,,,,,,,,,,0.0,,0.0,,1.0,36066.5,,,,,,,,,,,,,,,,,,,,,,,,,,0.0,1.601,18568.7,,,,32892.0,,,,,,,,,,,,,,,,,""
8427171763,"Jan 21, 2023, 9:18:50 AM",Μονοπάτια μικρά  ⬆️⬇️,Run,"",8978,17.12,194.0,206,,,,activities/9040465189.fit.gz,,,8978.0,8425.0,17124.2,3.984,2.033,916.0,917.0,209.6,458.6,49.8,0.0,,,121.0,73.0,,152.0,,,1217.0,,22.0,206.0,,,,,,,,,,,0.0,,0.0,,1.0,22386.7,,,,,,,,,,,,,,,,,,,,,,,,,,0.0,1.907,10124.9,,,,20322.0,,,,,,,,,,,,,,,,,""
8420897885,"Jan 19, 2023, 11:00:44 AM",Afternoon Trail Run,Run,"",5804,9.70,163.0,79,,,,activities/9033504195.fit.gz,,,5804.0,5518.0,9702.1,3.932,1.758,715.0,720.0,205.2,458.8,49.9,-0.1,,,115.0,70.0,,143.0,,,739.0,,24.0,79.0,,,,,,,,,,,0.0,,0.0,,1.0,14285.8,,,,,,,,,,,,,,,,,,,,,,,,,,0.0,1.672,2548.8,,,,12152.0,,,,,,,,,,,,,,,,,""
8420896107,"Jan 18, 2023, 11:11:34 AM",Afternoon Run,Run,,3282,9.04,174.0,42,,,,activities/9033502266.fit.gz,,,3282.0,3101.0,9044.1,4.209,2.917,30.0,29.0,253.6,258.4,14.4,0.0,,,96.0,87.0,,139.0,,,503.0,,21.0,42.0,,,,,,,,,,,,,0.0,,1.0,9099.0,,,,,,,,,,,,,,,,,,,,,,,,,,0.0,2.756,0.0,,,,8886.0,,,,,,,,,,,,,,,,,""
8420895286,"Jan 17, 2023, 6:36:54 PM",Evening Weight Training,Weight Training,,4490,0,139.0,8,,,,activities/9033501356.fit.gz,,,4490.0,4490.0,0.0,0.0,0.0,0.0,,,,0.0,0.0,,,,,,86.0,,,214.0,,25.0,8.0,,,,,,,,,,,,,0.0,,1.0,,,,,,,,,,,,,,,,,,,,,,,,,,,0.0,0.0,0.0,,,,,,,,,,,,,,,,,,,,,""
8420894814,"Jan 17, 2023, 5:41:04 PM",Evening Ride,Ride,,2000,0,130.0,6,,,,activities/9033500871.fit.gz,,,2000.0,2000.0,0.0,0.0,0.0,0.0,,,,0.0,0.0,,,,,,116.0,,,198.0,,26.0,6.0,,,,,,,,,,,,,0.0,,1.0,,,,,,,,,,,,,,,,,,,,,,,,,,,0.0,0.0,0.0,,,,,,,,,,,,,,,,,,,,,""
8420894673,"Jan 17, 2023, 11:10:58 AM",Afternoon Run,Run,,1858,4.04,149.0,10,,,,activities/9033500677.fit.gz,,,1858.0,1458.0,4045.6,5.012,2.775,17.0,16.0,102.2,112.4,22.4,0.0,,,97.0,86.0,,130.0,,,232.0,,21.0,10.0,,,,,,,,,,,,,0.0,,1.0,4088.6,,,,,,,,,,,,,,,,,,,,,,,,,,0.0,2.177,0.0,,,,4394.0,,,,,,,,,,,,,,,,,""
8401499193,"Jan 15, 2023, 10:48:42 AM",Lunch Run,Run,,5706,17.01,182.0,136,,,,activities/9012160180.fit.gz,,,5706.0,5693.0,17015.6,3.662,2.989,83.0,83.0,252.4,260.2,13.3,0.0,,,91.0,87.0,,152.0,,,977.0,,16.0,136.0,,,,,,,,,,,,,0.0,,1.0,17129.5,,,,,,,,,,,,,,,,,,,,,,,,,,0.0,2.982,0.0,,,,16448.0,,,,,,,,,,,,,,,,,""
8389224361,"Jan 14, 2023, 8:15:19 AM",Morning Trail Run,Run,"",8951,15.03,175.0,145,,,,activities/8998355783.fit.gz,,,8951.0,7742.0,15033.0,4.672,1.942,1100.0,1100.0,283.0,855.4,49.7,0.0,,,120.0,72.0,,147.0,,,1133.0,,15.0,145.0,,,,,,,,,,,0.0,,0.0,,1.0,21834.5,,,,,,,,,,,,,,,,,,,,,,,,,,0.0,1.679,13790.0,,,,18142.0,,,,,,,,,,,,,,,,,""
8389215986,"Jan 13, 2023, 2:02:35 PM",Afternoon Run,Run,,3812,9.03,182.0,68,,,,activities/8998346695.fit.gz,,,3812.0,3159.0,9035.9,4.928,2.86,31.0,30.0,253.2,258.6,10.5,0.0,,,115.0,86.0,,149.0,,,529.0,,15.0,68.0,,,,,,,,,,,,,0.0,,1.0,9096.8,,,,,,,,,,,,,,,,,,,,,,,,,,0.0,2.37,272.9,,,,9044.0,,,,,,,,,,,,,,,,,""
8375474544,"Jan 11, 2023, 3:37:02 PM",Afternoon Run,Run,,4092,11.04,168.0,42,,,,activities/8983174764.fit.gz,,,4092.0,3719.0,11041.0,5.232,2.969,37.0,38.0,252.6,259.4,18.1,0.0,,,97.0,86.0,,137.0,,,549.0,,13.0,42.0,,,,,,,,,,,,,0.0,,1.0,11090.2,,,,,,,,,,,,,,,,,,,,,,,,,,0.0,2.698,0.0,,,,10434.0,,,,,,,,,,,,,,,,,""
8375471620,"Jan 10, 2023, 6:38:24 PM",Evening Weight Training,Weight Training,,3390,0,119.0,6,,,,activities/8983171668.fit.gz,,,3390.0,3390.0,0.0,0.0,0.0,0.0,,,,0.0,0.0,,,,,,85.0,,,158.0,,25.0,6.0,,,,,,,,,,,,,0.0,,1.0,,,,,,,,,,,,,,,,,,,,,,,,,,,0.0,0.0,0.0,,,,,,,,,,,,,,,,,,,,,""
8375471435,"Jan 10, 2023, 12:32:35 PM",Afternoon Weight Training,Weight Training,,1760,0,120.0,3,,,,activities/8983170734.fit.gz,,,1760.0,1760.0,0.0,0.0,0.0,0.0,,,,0.0,0.0,,,,,,82.0,,,77.0,,29.0,3.0,,,,,,,,,,,,,0.0,,1.0,,,,,,,,,,,,,,,,,,,,,,,,,,,0.0,0.0,0.0,,,,,,,,,,,,,,,,,,,,,""
8375470844,"Jan 10, 2023, 6:54:55 AM",Morning Ride,Ride,,2491,0,130.0,8,,,,activities/8983170214.fit.gz,,,2491.0,2491.0,0.0,0.0,0.0,0.0,0.0,102.2,102.6,0.0,0.0,,,,,,117.0,,,243.0,,27.0,8.0,,,,,,,,,,,,,0.0,,1.0,,,,,,,,,,,,,,,,,,,,,,,,,,,0.0,0.0,0.0,,,,,,,,,,,,,,,,,,,,,""
8358572628,"Jan 8, 2023, 11:13:49 AM",Μηλιές 🥸,Run,"",6283,5.34,132.0,8,,,,activities/8964388039.fit.gz,,,6283.0,3898.0,5347.8,2.78,1.372,295.3,205.0,188.8,400.0,44.2,-0.3,,,121.0,53.0,,93.0,,,366.0,,22.0,8.0,,,,,,,,,,,0.0,,0.0,,1.0,7281.3,,,,,,,,,,,,,,,,,,,,,,,,,,0.0,0.851,2164.2,,,,7736.0,,,,,,,,,,,,,,,,,""
8358568450,"Jan 8, 2023, 7:46:08 AM",Last day pelion 😔,Run,"",5408,9.03,160.0,45,,,,activities/8964383268.fit.gz,,,5408.0,4780.0,9034.8,3.663,1.89,555.0,554.0,377.4,699.0,49.4,0.0,,,97.0,72.0,,136.0,,,627.0,,17.0,45.0,,,,,,,,,,,0.0,,0.0,,1.0,12290.3,,,,,,,,,,,,,,,,,,,,,,,,,,0.0,1.671,193.9,,,,11468.0,,,,,,,,,,,,,,,,,""
8352980329,"Jan 7, 2023, 1:47:31 PM",🫣ntamouxari - tsagarada 😬,Run,"",3671,5.75,150.0,14,,,,activities/8958066244.fit.gz,,,3671.0,3307.0,5752.7,3.926,1.74,506.0,507.0,0.8,472.0,49.7,0.0,,,123.0,71.0,,122.0,,,427.0,,16.0,14.0,,,,,,,,,,,0.0,,0.0,,1.0,9318.3,,,,,,,,,,,,,,,,,,,,,,,,,,0.0,1.567,2745.8,,,,7876.0,,,,,,,,,,,,,,,,,""
8352976041,"Jan 7, 2023, 11:06:43 AM",Afternoon Trail Run,Run,,1852,2.92,138.0,5,,,,activities/8958061622.fit.gz,,,1852.0,1641.0,2925.0,3.503,1.782,165.0,164.0,517.0,674.0,39.5,0.0,,,123.0,73.0,,116.0,,,194.0,,18.0,5.0,,,,,,,,,,,,,0.0,,1.0,3738.5,,,,,,,,,,,,,,,,,,,,,,,,,,0.0,1.579,0.0,,,,3664.0,,,,,,,,,,,,,,,,,""
8360342064,"Jan 7, 2023, 11:04:38 AM",Afternoon Trail Run,Run,,8403,5.26,,,,,,activities/8360342064.fit,,,8403.0,5923.0,5267.0,4.4,0.889,269.0,262.0,-6.8,672.4,49.1,-9.4,,,,,,,,,,,,,,,,,,,,,,,,,0.0,,1.0,6787.1,,,,,,,,,,,,,,,,,,,,,,,,,,0.0,0.627,1628.0,,,,,,,,,,,,,,,,,,,,,""
8352973837,"Jan 7, 2023, 10:20:46 AM",Lunch Hike,Hike,,1096,0.96,103.0,2,,,,activities/8958059112.fit.gz,,,1096.0,1027.0,968.4,3.712,0.943,19.2,9.0,358.0,389.0,14.7,-1.1,,,103.0,56.0,,90.0,,,61.0,,19.0,2.0,,,,,,,,,,,,,0.0,,1.0,,,,,,,,,,,,,,,,,,,,,,,,,,,0.0,0.884,0.0,,,,,,,,,,,,,,,,,,,,,""
8351033393,"Jan 7, 2023, 8:51:46 AM",Morning Hike,Run,"",3191,2.59,144.0,5,,,,activities/8955893726.fit.gz,,,3191.0,1941.0,2591.6,4.3,1.335,208.0,210.0,1297.6,1465.8,50.0,-0.1,,,116.0,58.0,,106.0,,,221.0,,20.0,5.0,,,,,,,,,,,0.0,,0.0,,1.0,3914.0,,,,,,,,,,,,,,,,,,,,,,,,,,0.0,0.812,0.0,,,,,,,,,,,,,,,,,,,,,""
8350678862,"Jan 6, 2023, 8:34:45 AM",Ultra Pelion trail 26 k,Run,"",15015,25.96,180.0,230,,"",,activities/8955497371.tcx.gz,,,15015.0,12732.0,25960.2,4.658,2.039,1326.6,1322.6,577.0,1529.8,48.1,0.0,,,,,,146.0,,,1773.0,,,230.0,,,,,,,,,,,0.0,,0.0,,1.0,32967.6,,,,,,,,,,,,,,,,,,,,,,,,,,0.0,1.729,7680.1,,,,,,,,,,,,,,,,,,,,,""
8343092343,"Jan 5, 2023, 3:15:28 PM",Afternoon Hike,Run,"",6999,5.21,108.0,6,,,,activities/8947023972.fit.gz,,,6999.0,5906.0,5214.0,8.42,0.883,265.9,156.0,573.4,653.9,46.5,0.4,,,121.0,52.0,,80.0,,,214.0,,19.0,6.0,,,,,,,,,,,0.0,,0.0,,1.0,6712.4,,,,,,,,,,,,,,,,,,,,,,,,,,0.0,0.745,745.0,,,,,,,,,,,,,,,,,,,,,""
8336001381,"Jan 4, 2023, 7:07:57 AM",Morning Run,Run,"",3529,10.01,172.0,85,,,,activities/8939123828.fit.gz,,,3529.0,3356.0,10017.2,4.429,2.985,7.0,10.0,252.0,258.2,4.2,0.0,,,99.0,88.0,,153.0,,,585.0,,14.0,85.0,,,,,,,,,,,0.0,,0.0,,1.0,10023.2,,,,,,,,,,,,,,,,,,,,,,,,,,0.0,2.839,0.0,,,,4935.0,,,,,,,,,,,,,,,,,""
8330432042,"Jan 3, 2023, 9:15:31 AM",Lunch Trail Run,Run,,5277,9.94,181.0,84,,,,activities/8932877368.fit.gz,,,5277.0,5147.0,9946.9,3.243,1.933,595.0,586.0,208.4,456.8,49.6,0.1,,,119.0,75.0,,145.0,,,706.0,,22.0,84.0,,,,,,,,,,,,,0.0,,1.0,13368.3,,,,,,,,,,,,,,,,,,,,,,,,,,0.0,1.885,6435.5,,,,,,,,,,,,,,,,,,,,,""
8319738622,"Jan 1, 2023, 7:59:21 AM",Πρωτοχρονιάτικο στο ΧΩΡΙΟ ,Run,"",7912,16.71,178.0,185,,,,activities/8920329826.fit.gz,,,7912.0,7557.0,16714.9,4.33,2.212,964.8,929.0,197.7,658.4,49.5,0.0,,,114.0,78.0,,152.0,,,1141.0,,22.0,185.0,,,,,,,,,,,0.0,,0.0,,1.0,22140.9,,,,,,,,,,,,,,,,,,,,,,,,,,0.0,2.113,131.0,,,,,,,,,,,,,,,,,,,,,""
8315765913,"Dec 31, 2022, 9:19:43 AM",Lunch Trail Run,Run,,2908,6.50,165.0,40,,,,activities/8915765775.fit.gz,,,2908.0,2905.0,6501.3,3.954,2.238,321.0,317.0,199.2,444.8,24.8,0.1,,,113.0,79.0,,142.0,,,413.0,,23.0,40.0,,,,,,,,,,,,,0.0,,1.0,7860.6,,,,,,,,,,,,,,,,,,,,,,,,,,0.0,2.236,0.0,,,,,,,,,,,,,,,,,,,,,""
8310691596,"Dec 30, 2022, 8:25:38 AM","Χαλαρό 2,30 ελεύθερο ",Run,"",9752,16.00,179.0,178,,,,activities/8910065371.fit.gz,,,9752.0,8508.0,16002.3,6.432,1.881,1060.0,1058.0,549.2,1233.2,49.8,0.0,,,121.0,73.0,,150.0,,,1205.0,,19.0,178.0,,,,,,,,,,,0.0,,0.0,,1.0,22161.8,,,,,,,,,,,,,,,,,,,,,,,,,,0.0,1.641,15618.2,,,,,,,,,,,,,,,,,,,,,""
8308414924,"Dec 29, 2022, 7:51:10 AM",Morning Run,Run,,2814,7.00,169.0,27,,,,activities/8907482111.fit.gz,,,2814.0,2465.0,7001.2,5.454,2.84,46.0,43.0,185.6,203.6,15.5,0.0,,,98.0,85.0,,137.0,,,407.0,,20.0,27.0,,,,,,,,,,,,,0.0,,1.0,7095.2,,,,,,,,,,,,,,,,,,,,,,,,,,0.0,2.488,0.0,,,,,,,,,,,,,,,,,,,,,""
8303614931,"Dec 28, 2022, 8:36:06 AM",Morning Trail Run,Run,,4693,9.49,172.0,91,,,,activities/8902076032.fit.gz,,,4693.0,4478.0,9496.1,3.752,2.121,475.0,475.0,198.0,446.8,27.9,0.0,,,113.0,77.0,,148.0,,,662.0,,22.0,91.0,,,,,,,,,,,,,0.0,,1.0,11595.4,,,,,,,,,,,,,,,,,,,,,,,,,,0.0,2.023,0.0,,,,,,,,,,,,,,,,,,,,,""
8303612364,"Dec 27, 2022, 4:02:51 PM",Evening Run,Run,,3887,9.16,155.0,25,,,,activities/8902073215.fit.gz,,,3887.0,3490.0,9166.5,4.964,2.626,108.0,111.0,183.6,221.4,37.8,0.0,,,104.0,84.0,,133.0,,,528.0,,19.0,25.0,,,,,,,,,,,,,0.0,,1.0,9409.7,,,,,,,,,,,,,,,,,,,,,,,,,,0.0,2.358,0.0,,,,,,,,,,,,,,,,,,,,,""
8289590610,"Dec 25, 2022, 10:08:24 AM",Xmas 🤶🎅 pisia,Run,"",7419,11.89,168.0,87,,,,activities/8886155148.fit.gz,,,7419.0,5931.0,11896.4,5.264,2.006,700.0,681.0,542.8,1043.0,49.6,0.2,,,124.0,73.0,,142.0,,,880.0,,19.0,87.0,,,,,,,,,,,0.0,,0.0,,1.0,15840.5,,,,,,,,,,,,,,,,,,,,,,,,,,0.0,1.604,4132.2,,,,,,,,,,,,,,,,,,,,,""
8286363878,"Dec 24, 2022, 11:20:05 AM",Pre Xmas long 🎄🎄🎄,Run,"",10831,17.84,166.0,118,,,,activities/8882462813.fit.gz,,,10831.0,9326.0,17843.0,4.253,1.913,1006.0,1002.0,399.0,1160.8,45.9,0.0,,,117.0,73.0,,140.0,,,1215.0,,19.0,118.0,,,,,,,,,,,0.0,,0.0,,1.0,23630.9,,,,,,,,,,,,,,,,,,,,,,,,,,0.0,1.647,14328.3,,,,,,,,,,,,,,,,,,,,,""
8282428321,"Dec 23, 2022, 11:41:58 AM",Afternoon Run,Run,,3545,10.25,166.0,56,,,,activities/8878051097.fit.gz,,,3545.0,3408.0,10256.7,4.293,3.01,2.0,2.0,254.6,257.0,9.6,0.0,,,93.0,86.0,,145.0,,,577.0,,18.0,56.0,,,,,,,,,,,,,0.0,,1.0,10271.8,,,,,,,,,,,,,,,,,,,,,,,,,,0.0,2.893,0.0,,,,,,,,,,,,,,,,,,,,,""
8282426738,"Dec 22, 2022, 6:34:59 PM",Evening Weight Training,Weight Training,,5588,0,124.0,12,,,,activities/8878049459.fit.gz,,,5588.0,5588.0,0.0,0.0,0.0,0.0,,,,0.0,0.0,,,,,,94.0,,,316.0,,26.0,12.0,,,,,,,,,,,,,0.0,,1.0,,,,,,,,,,,,,,,,,,,,,,,,,,,0.0,0.0,0.0,,,,,,,,,,,,,,,,,,,,,""
8282426022,"Dec 22, 2022, 11:30:51 AM",Afternoon Run,Run,,1213,1.64,153.0,13,,,,activities/8878048661.fit.gz,,,1213.0,783.0,1642.3,2.983,2.097,15.0,4.0,206.4,220.0,23.4,0.8,,,89.0,83.0,,144.0,,,105.0,,18.0,13.0,,,,,,,,,,,,,0.0,,1.0,1710.2,,,,,,,,,,,,,,,,,,,,,,,,,,0.0,1.354,1438.5,,,,,,,,,,,,,,,,,,,,,""
8274975777,"Dec 21, 2022, 11:53:22 AM",Χαλαρό με κάποια έντονα downhill 🌝,Run,"",10574,19.13,182.0,169,,,,activities/8869729605.fit.gz,,,10574.0,10217.0,19129.4,4.944,1.872,1025.0,1039.0,203.2,460.6,49.2,-0.1,,,115.0,71.0,,145.0,,,1300.0,,17.0,169.0,,,,,,,,,,,0.0,,0.0,,1.0,25095.1,,,,,,,,,,,,,,,,,,,,,,,,,,0.0,1.809,15335.9,,,,,,,,,,,,,,,,,,,,,""
8274969509,"Dec 20, 2022, 6:37:03 PM",Evening Weight Training,Weight Training,,4350,0,126.0,8,,,,activities/8869722787.fit.gz,,,4350.0,4350.0,0.0,0.0,0.0,0.0,,,,0.0,0.0,,,,,,89.0,,,221.0,,26.0,8.0,,,,,,,,,,,,,0.0,,1.0,,,,,,,,,,,,,,,,,,,,,,,,,,,0.0,0.0,0.0,,,,,,,,,,,,,,,,,,,,,""
8274969075,"Dec 20, 2022, 11:42:57 AM",Afternoon Run,Run,,2881,6.10,153.0,13,,,,activities/8869722269.fit.gz,,,2881.0,2495.0,6099.4,5.31,2.445,81.0,83.0,202.2,222.6,32.4,0.0,,,117.0,83.0,,128.0,,,358.0,,18.0,13.0,,,,,,,,,,,,,0.0,,1.0,6281.9,,,,,,,,,,,,,,,,,,,,,,,,,,0.0,2.117,6100.4,,,,,,,,,,,,,,,,,,,,,""
8274967329,"Dec 19, 2022, 6:26:03 PM",Evening Ride,Ride,,1891,0,133.0,6,,,,activities/8869720330.fit.gz,,,1891.0,1891.0,0.0,0.0,0.0,0.0,,,,0.0,0.0,,,,,,115.0,,,188.0,,26.0,6.0,,,,,,,,,,,,,0.0,,1.0,,,,,,,,,,,,,,,,,,,,,,,,,,,0.0,0.0,0.0,,,,,,,,,,,,,,,,,,,,,""
8264117860,"Dec 18, 2022, 12:05:19 PM",Afternoon Hike,Hike,,5146,3.47,125.0,7,,,,activities/8857552255.fit.gz,,,5146.0,3453.0,3471.5,3.34,1.005,165.0,167.0,452.6,623.2,48.9,-0.1,,,118.0,57.0,,90.0,,,259.0,,18.0,7.0,,,,,,,,,,,,,0.0,,1.0,,,,,,,,,,,,,,,,,,,,,,,,,,,0.0,0.675,0.0,,,,,,,,,,,,,,,,,,,,,""
8264116861,"Dec 17, 2022, 12:52:55 PM",Afternoon Hike,Hike,,703,0.66,117.0,1,,,,activities/8857551168.fit.gz,,,703.0,674.0,661.5,2.126,0.981,49.0,19.0,396.8,446.2,28.8,4.6,,,79.0,53.0,,92.0,,,45.0,,18.0,1.0,,,,,,,,,,,,,0.0,,1.0,,,,,,,,,,,,,,,,,,,,,,,,,,,0.0,0.941,0.0,,,,,,,,,,,,,,,,,,,,,""
8255480444,"Dec 16, 2022, 1:05:29 PM",Afternoon Run,Run,,3846,11.46,181.0,101,,,,activities/8847730047.fit.gz,,,3846.0,3623.0,11462.6,5.43,3.164,4.0,5.0,256.8,261.4,14.3,0.0,,,93.0,87.0,,155.0,,,650.0,,22.0,101.0,,,,,,,,,,,,,0.0,,1.0,11474.9,,,,,,,,,,,,,,,,,,,,,,,,,,0.0,2.98,11462.6,,,,,,,,,,,,,,,,,,,,,""
8255479223,"Dec 15, 2022, 11:01:34 AM",Afternoon Trail Run,Run,,5217,12.01,165.0,53,,,,activities/8847728641.fit.gz,,,5217.0,5205.0,12012.6,3.758,2.308,335.0,333.0,213.2,440.4,35.1,0.0,,,114.0,78.0,,139.0,,,711.0,,26.0,53.0,,,,,,,,,,,,,0.0,,1.0,13044.2,,,,,,,,,,,,,,,,,,,,,,,,,,0.0,2.303,11145.2,,,,,,,,,,,,,,,,,,,,,""
8247239071,"Dec 14, 2022, 9:12:11 AM",Το Λονγκ μεσοβδόμαδα λόγω άδειας ✌🏻,Run,"",9456,20.20,176.0,204,,,,activities/8838495754.fit.gz,,,9456.0,9396.0,20208.5,4.272,2.151,917.0,921.0,208.6,453.8,48.4,0.0,,,106.0,75.0,,150.0,,,1298.0,,18.0,204.0,,,,,,,,,,,0.0,,0.0,,1.0,24978.7,,,,,,,,,,,,,,,,,,,,,,,,,,0.0,2.137,18183.1,,,,,,,,,,,,,,,,,,,,,""
8247235630,"Dec 13, 2022, 5:36:50 PM",Evening Weight Training,Weight Training,,3151,0,133.0,10,,,,activities/8838492068.fit.gz,,,3151.0,3151.0,0.0,0.0,0.0,0.0,,,,0.0,0.0,,,,,,113.0,,,266.0,,26.0,10.0,,,,,,,,,,,,,0.0,,1.0,,,,,,,,,,,,,,,,,,,,,,,,,,,0.0,0.0,0.0,,,,,,,,,,,,,,,,,,,,,""
8240730785,"Dec 12, 2022, 5:42:57 PM",Evening Run,Run,"",4573,12.05,169.0,81,,,,activities/8831245521.fit.gz,,,4573.0,4021.0,12052.9,5.089,2.997,4.0,4.0,253.4,257.0,5.5,0.0,,,106.0,86.0,,148.0,,,680.0,,17.0,81.0,,,,,,,,,,,0.0,,0.0,,1.0,12066.4,,,,,,,,,,,,,,,,,,,,,,,,,,0.0,2.636,10051.0,,,,,,,,,,,,,,,,,,,,,""
8236630616,"Dec 11, 2022, 2:03:36 PM",Λονγκ με λίγα 🏍️,Run,"",8053,18.00,179.0,160,,,,activities/8826571121.fit.gz,,,8053.0,7972.0,18002.3,4.922,2.258,620.0,629.0,293.8,543.8,49.9,-0.1,,,120.0,79.0,,148.0,,,1143.0,,21.0,160.0,,,,,,,,,,,0.0,,0.0,,1.0,20689.0,,,,,,,,,,,,,,,,,,,,,,,,,,0.0,2.235,16327.5,,,,,,,,,,,,,,,,,,,,,""
8230103193,"Dec 10, 2022, 5:53:30 AM",Δίσκαλο 👀,Run,"",7783,10.10,172.0,157,,,,activities/8819182847.fit.gz,,,7783.0,7142.0,10108.6,4.006,1.415,1155.0,1144.0,488.6,1048.2,49.9,0.1,,,111.0,66.0,,150.0,,,1026.0,,18.0,157.0,,,,,,,,,,,0.0,,0.0,,1.0,19011.9,,,,,,,,,,,,,,,,,,,,,,,,,,0.0,1.299,9909.9,,,,,,,,,,,,,,,,,,,,,""
8226964578,"Dec 9, 2022, 6:52:19 AM",Morning Trail Run,Run,,3427,7.44,166.0,44,,,,activities/8815641834.fit.gz,,,3427.0,3299.0,7447.8,5.029,2.258,255.0,253.0,201.6,443.8,41.6,0.0,,,124.0,79.0,,142.0,,,471.0,,21.0,44.0,,,,,,,,,,,,,0.0,,1.0,8555.6,,,,,,,,,,,,,,,,,,,,,,,,,,0.0,2.173,6317.1,,,,,,,,,,,,,,,,,,,,,""
8226963326,"Dec 8, 2022, 6:37:12 PM",Evening Weight Training,Weight Training,,1842,0,126.0,4,,,,activities/8815640409.fit.gz,,,1842.0,1842.0,0.0,0.0,0.0,0.0,,,,0.0,0.0,,,,,,100.0,,,129.0,,24.0,4.0,,,,,,,,,,,,,0.0,,1.0,,,,,,,,,,,,,,,,,,,,,,,,,,,0.0,0.0,0.0,,,,,,,,,,,,,,,,,,,,,""
8219805260,"Dec 7, 2022, 2:30:07 PM",100' χαλαρά ,Run,"",5938,12.74,182.0,135,,,,activities/8807084012.fit.gz,,,5938.0,5720.0,12748.5,3.986,2.229,620.0,628.0,209.8,448.7,49.8,0.0,,,117.0,76.0,,151.0,,,875.0,,18.0,135.0,,,,,,,,,,,0.0,,0.0,,1.0,15480.6,,,,,,,,,,,,,,,,,,,,,,,,,,0.0,2.147,11373.3,,,,,,,,,,,,,,,,,,,,,""
8219802849,"Dec 6, 2022, 6:34:58 PM",Evening Swim,Swim,,1107,99,52.0,0,,,,activities/8807081377.fit.gz,,,1107.0,1107.0,98.8,0.88,0.089,0.0,,,,0.0,0.0,,,37.0,21.0,,52.0,,,14.0,,26.0,0.0,,,,,,,,,,,,,0.0,,1.0,,,,,,,,,,,,,,,,,,,,,,,,,,,0.0,0.089,0.0,,,,,,,,,,,,,,,,,,,,,""
8219802766,"Dec 6, 2022, 7:25:11 AM",Morning Ride,Ride,,928,0,122.0,2,,,,activities/8807081107.fit.gz,,,928.0,928.0,0.0,0.0,0.0,0.0,,,,0.0,0.0,,,,,,108.0,,,83.0,,26.0,2.0,,,,,,,,,,,,,0.0,,1.0,,,,,,,,,,,,,,,,,,,,,,,,,,,0.0,0.0,0.0,,,,,,,,,,,,,,,,,,,,,""
8206149031,"Dec 4, 2022, 7:52:41 AM","Artemisio mountain running 🐷🐽🐷
4th woman 🏅",Run,"",13438,24.57,197.0,492,,,,activities/8791703184.fit.gz,,,13438.0,13060.0,24569.2,5.002,1.881,1653.0,1652.0,371.0,1572.8,47.4,0.0,,,121.0,71.0,,163.0,,,1950.0,,17.0,492.0,,,,,,,,,,,0.0,,0.0,,1.0,34857.8,,,,,,,,,,,,,,,,,,,,,,,,,,0.0,1.828,1804.3,,,,,,,,,,,,,,,,,,,,,""
8206141252,"Dec 4, 2022, 7:20:32 AM",Morning Trail Run,Run,,1205,2.36,164.0,21,,,,activities/8791694492.fit.gz,,,1205.0,1021.0,2360.5,3.605,2.312,48.0,62.0,668.6,697.2,13.8,-0.6,,,94.0,83.0,,148.0,,,169.0,,17.0,21.0,,,,,,,,,,,,,0.0,,1.0,2443.9,,,,,,,,,,,,,,,,,,,,,,,,,,0.0,1.959,0.0,,,,,,,,,,,,,,,,,,,,,""
8204450501,"Dec 2, 2022, 5:24:57 PM",Evening Run,Run,,2116,4.50,158.0,12,,,,activities/8789749852.fit.gz,,,2116.0,1831.0,4499.4,4.883,2.457,24.0,19.0,136.8,145.8,4.8,0.1,,,94.0,84.0,,135.0,,,277.0,,21.0,12.0,,,,,,,,,,,,,0.0,,1.0,4532.4,,,,,,,,,,,,,,,,,,,,,,,,,,0.0,2.126,0.0,,,,,,,,,,,,,,,,,,,,,""
8193185178,"Dec 1, 2022, 11:44:52 AM",Afternoon Trail Run,Run,,3332,7.21,170.0,56,,,,activities/8777106245.fit.gz,,,3332.0,3219.0,7217.1,4.533,2.242,304.0,299.0,216.4,451.8,45.3,0.1,,,115.0,79.0,,145.0,,,478.0,,22.0,56.0,,,,,,,,,,,,,0.0,,1.0,8642.1,,,,,,,,,,,,,,,,,,,,,,,,,,0.0,2.166,6093.0,,,,,,,,,,,,,,,,,,,,,""
8189165945,"Nov 30, 2022, 12:19:25 PM",Afternoon Trail Run,Run,,3256,6.05,178.0,53,,,,activities/8772603970.fit.gz,,,3256.0,3064.0,6051.7,4.467,1.975,296.0,287.0,207.8,415.0,49.4,0.1,,,124.0,76.0,,145.0,,,463.0,,19.0,53.0,,,,,,,,,,,,,0.0,,1.0,7703.7,,,,,,,,,,,,,,,,,,,,,,,,,,0.0,1.859,4395.4,,,,,,,,,,,,,,,,,,,,,""
8184274650,"Nov 29, 2022, 11:46:53 AM",Afternoon Trail Run,Run,"",3233,7.30,162.0,42,,,,activities/8767154987.fit.gz,,,3233.0,3212.0,7300.1,4.326,2.273,312.0,317.0,210.6,455.0,36.0,-0.1,,,104.0,81.0,,141.0,,,447.0,,19.0,42.0,,,,,,,,,,,0.0,,0.0,,1.0,8518.3,,,,,,,,,,,,,,,,,,,,,,,,,,0.0,2.258,6472.5,,,,,,,,,,,,,,,,,,,,,""
8184273221,"Nov 28, 2022, 6:08:52 PM",Evening Weight Training,Weight Training,,2507,0,108.0,3,,,,activities/8767153472.fit.gz,,,2507.0,2507.0,0.0,0.0,0.0,0.0,,,,0.0,0.0,,,,,,73.0,,,82.0,,28.0,3.0,,,,,,,,,,,,,0.0,,1.0,,,,,,,,,,,,,,,,,,,,,,,,,,,0.0,0.0,0.0,,,,,,,,,,,,,,,,,,,,,""
8175794887,"Nov 27, 2022, 10:29:02 AM",20χμ λονγκ,Run,"",9082,20.02,169.0,163,,,,activities/8757589050.fit.gz,,,9082.0,8762.0,20026.4,4.582,2.286,691.0,704.0,200.0,445.8,49.9,-0.1,,,103.0,82.0,,147.0,,,1269.0,,19.0,163.0,,,,,,,,,,,0.0,,0.0,,1.0,22942.9,,,,,,,,,,,,,,,,,,,,,,,,,,0.0,2.205,16675.7,,,,,,,,,,,,,,,,,,,,,""
8170637246,"Nov 26, 2022, 12:48:29 PM",Afternoon Run,Run,,393,1.16,,,,,,activities/8170637246.gpx,,,393.0,388.0,1160.2,4.814,2.99,0.0,105.1,498.1,603.2,0.0,-9.1,,,,,,,,,,,,,,,,,,,,,,,0.0,,0.0,,1.0,1030.0,,,,,,,,,,,,,,,,,,,,,,,,,,0.0,2.952,1160.2,,,,,,,,,,,,,,,,,,,,,""
8170532891,"Nov 26, 2022, 10:42:25 AM",4' after 🤒🤧🤒,Run,"",6649,10.13,170.0,55,,,,activities/8751607981.fit.gz,,,6649.0,6459.0,10129.2,3.11,1.568,871.0,748.0,496.2,637.4,49.6,1.2,,,108.0,70.0,,131.0,,,811.0,,18.0,55.0,,,,,,,,,,,0.0,,0.0,,1.0,16254.3,,,,,,,,,,,,,,,,,,,,,,,,,,0.0,1.523,10129.2,,,,,,,,,,,,,,,,,,,,,""
8162594572,"Nov 24, 2022, 11:05:40 AM",Afternoon Trail Run,Run,,3896,8.02,169.0,53,,,,activities/8742659675.fit.gz,,,3896.0,3714.0,8020.3,4.439,2.159,258.0,269.0,239.0,393.8,30.9,-0.2,,,124.0,81.0,,141.0,,,508.0,,22.0,53.0,,,,,,,,,,,,,0.0,,1.0,9456.5,,,,,,,,,,,,,,,,,,,,,,,,,,0.0,2.059,6051.4,,,,,,,,,,,,,,,,,,,,,""
8162590747,"Nov 22, 2022, 6:36:31 PM",Evening Weight Training,Weight Training,,1511,0,137.0,4,,,,activities/8742656441.fit.gz,,,1511.0,1511.0,0.0,0.0,0.0,0.0,,,,0.0,0.0,,,,,,102.0,,,113.0,,25.0,4.0,,,,,,,,,,,,,0.0,,1.0,,,,,,,,,,,,,,,,,,,,,,,,,,,0.0,0.0,0.0,,,,,,,,,,,,,,,,,,,,,""
8152660196,"Nov 22, 2022, 10:59:52 AM",Lunch Run,Run,,3101,7.80,169.0,46,,,,activities/8731546326.fit.gz,,,3101.0,3068.0,7804.0,6.11,2.544,82.0,91.0,204.2,225.0,24.7,-0.2,,,114.0,86.0,,145.0,,,410.0,,22.0,46.0,,,,,,,,,,,,,0.0,,1.0,8000.8,,,,,,,,,,,,,,,,,,,,,,,,,,0.0,2.517,7658.8,,,,,,,,,,,,,,,,,,,,,""
8152658924,"Nov 21, 2022, 6:53:14 PM",Evening Weight Training,Weight Training,,1738,0,127.0,4,,,,activities/8731544881.fit.gz,,,1738.0,1738.0,0.0,0.0,0.0,0.0,,,,0.0,0.0,,,,,,104.0,,,136.0,,26.0,4.0,,,,,,,,,,,,,0.0,,1.0,,,,,,,,,,,,,,,,,,,,,,,,,,,0.0,0.0,0.0,,,,,,,,,,,,,,,,,,,,,""
8152658512,"Nov 21, 2022, 6:21:07 PM",Evening Ride,Ride,,1824,0,126.0,5,,,,activities/8731544491.fit.gz,,,1824.0,1824.0,0.0,0.0,0.0,0.0,,,,0.0,0.0,,,,,,113.0,,,171.0,,28.0,5.0,,,,,,,,,,,,,0.0,,1.0,,,,,,,,,,,,,,,,,,,,,,,,,,,0.0,0.0,0.0,,,,,,,,,,,,,,,,,,,,,""
8145474589,"Nov 20, 2022, 2:34:44 PM",3^ 1| ,Run,"",5138,10.17,177.0,104,,,,activities/8723365891.fit.gz,,,5138.0,4948.0,10172.0,4.938,2.056,545.0,538.0,208.4,454.8,48.9,0.1,,,122.0,79.0,,148.0,,,725.0,,23.0,104.0,,,,,,,,,,,0.0,,0.0,,1.0,12989.1,,,,,,,,,,,,,,,,,,,,,,,,,,0.0,1.98,6926.4,,,,,,,,,,,,,,,,,,,,,""
8139653784,"Nov 19, 2022, 11:18:28 AM",17 Alone 🤢,Run,"",10416,17.10,182.0,197,,,,activities/8716698129.fit.gz,,,10416.0,9985.0,17100.9,4.074,1.713,1099.0,1090.0,419.2,1342.8,49.7,0.0,,,123.0,71.0,,148.0,,,1281.0,,24.0,197.0,,,,,,,,,,,0.0,,0.0,,1.0,23852.0,,,,,,,,,,,,,,,,,,,,,,,,,,0.0,1.642,12666.2,,,,,,,,,,,,,,,,,,,,,""
8139648305,"Nov 18, 2022, 3:26:48 PM",Afternoon Run,Run,,4956,13.62,176.0,99,,,,activities/8716691802.fit.gz,,,4956.0,4786.0,13624.9,4.698,2.847,3.0,2.0,254.0,256.8,9.8,0.0,,,114.0,85.0,,148.0,,,798.0,,18.0,99.0,,,,,,,,,,,,,0.0,,1.0,13638.6,,,,,,,,,,,,,,,,,,,,,,,,,,0.0,2.749,0.0,,,,,,,,,,,,,,,,,,,,,""
8134594679,"Nov 17, 2022, 6:54:13 PM",Χρωστουμενα 🥱,Run,"",3954,7.06,169.0,35,,,,activities/8710997025.fit.gz,,,3954.0,3613.0,7063.2,3.686,1.955,315.0,307.0,208.8,447.6,42.0,0.1,,,97.0,76.0,,136.0,,,498.0,,21.0,35.0,,,,,,,,,,,0.0,,0.0,,1.0,8592.9,,,,,,,,,,,,,,,,,,,,,,,,,,0.0,1.786,5360.4,,,,,,,,,,,,,,,,,,,,,""
8134582997,"Nov 17, 2022, 12:58:48 PM",Afternoon Weight Training,Weight Training,,460,0,116.0,1,,,,activities/8710983802.fit.gz,,,460.0,460.0,0.0,0.0,0.0,0.0,,,,0.0,0.0,,,,,,93.0,,,29.0,,29.0,1.0,,,,,,,,,,,,,0.0,,1.0,,,,,,,,,,,,,,,,,,,,,,,,,,,0.0,0.0,0.0,,,,,,,,,,,,,,,,,,,,,""
8129510199,"Nov 17, 2022, 7:06:26 AM",Morning Trail Run,Run,,2236,4.48,178.0,51,,,,activities/8705289003.fit.gz,,,2236.0,2097.0,4482.8,11.338,2.138,303.0,295.0,245.2,482.4,50.0,0.1,,,93.0,71.0,,153.0,,,347.0,,26.0,51.0,,,,,,,,,,,,,0.0,,1.0,6162.5,,,,,,,,,,,,,,,,,,,,,,,,,,0.0,2.005,2970.4,,,,,,,,,,,,,,,,,,,,,""
8126455897,"Nov 16, 2022, 1:53:36 PM",Afternoon Run,Run,"",4193,9.01,164.0,40,,,,activities/8701871336.fit.gz,,,4193.0,3843.0,9014.0,5.037,2.346,90.0,96.0,198.8,219.2,45.5,-0.1,,,111.0,84.0,,138.0,,,533.0,,21.0,40.0,,,,,,,,,,,0.0,,0.0,,1.0,9254.5,,,,,,,,,,,,,,,,,,,,,,,,,,0.0,2.15,8814.3,,,,,,,,,,,,,,,,,,,,,""
8126454767,"Nov 15, 2022, 6:32:47 PM",Evening Weight Training,Weight Training,,1850,0,136.0,5,,,,activities/8701870128.fit.gz,,,1850.0,1850.0,0.0,0.0,0.0,0.0,,,,0.0,0.0,,,,,,111.0,,,160.0,,22.0,5.0,,,,,,,,,,,,,0.0,,1.0,,,,,,,,,,,,,,,,,,,,,,,,,,,0.0,0.0,0.0,,,,,,,,,,,,,,,,,,,,,""
8126454569,"Nov 15, 2022, 12:56:33 PM",Abs,Weight Training,"",880,0,113.0,1,,,,activities/8701869533.fit.gz,,,880.0,880.0,0.0,0.0,0.0,0.0,,,,0.0,0.0,,,,,,86.0,,,45.0,,29.0,1.0,,,,,,,,,,,0.0,,0.0,,1.0,,,,,,,,,,,,,,,,,,,,,,,,,,,0.0,0.0,0.0,,,,,,,,,,,,,,,,,,,,,""
8126454480,"Nov 15, 2022, 7:32:15 AM",Morning Weight Training,Weight Training,,367,0,148.0,3,,,,activities/8701869290.fit.gz,,,367.0,367.0,0.0,0.0,0.0,0.0,,,,0.0,0.0,,,,,,136.0,,,47.0,,23.0,3.0,,,,,,,,,,,,,0.0,,1.0,,,,,,,,,,,,,,,,,,,,,,,,,,,0.0,0.0,0.0,,,,,,,,,,,,,,,,,,,,,""
8126454492,"Nov 15, 2022, 6:54:27 AM",Morning Run,Run,,2084,5.11,158.0,27,,,,activities/8701869514.fit.gz,,,2084.0,1954.0,5111.0,6.138,2.616,37.0,36.0,102.2,108.6,33.9,0.0,,,92.0,88.0,,143.0,,,308.0,,20.0,27.0,,,,,,,,,,,,,0.0,,1.0,5188.8,,,,,,,,,,,,,,,,,,,,,,,,,,0.0,2.452,0.0,,,,,,,,,,,,,,,,,,,,,""
8126452640,"Nov 14, 2022, 7:21:02 AM",Morning Weight Training,Weight Training,,1731,0,148.0,5,,,,activities/8701867778.fit.gz,,,1731.0,1731.0,0.0,0.0,0.0,0.0,,,,0.0,0.0,,,,,,104.0,,,143.0,,26.0,5.0,,,,,,,,,,,,,0.0,,1.0,,,,,,,,,,,,,,,,,,,,,,,,,,,0.0,0.0,0.0,,,,,,,,,,,,,,,,,,,,,""
8112805792,"Nov 13, 2022, 12:39:07 PM",17 χμ ( marathon boost 👊🏻),Run,"",7064,17.44,187.0,216,,,,activities/8686379847.fit.gz,,,7064.0,6957.0,17439.4,5.29,2.507,479.0,476.0,196.2,403.2,45.1,0.0,,,118.0,82.0,,158.0,,,1102.0,,22.0,216.0,,,,,,,,,,,0.0,,0.0,,1.0,19108.5,,,,,,,,,,,,,,,,,,,,,,,,,,0.0,2.469,13180.6,,,,,,,,,,,,,,,,,,,,,""
8111108098,"Nov 12, 2022, 2:42:43 PM",Afternoon Trail Run,Run,,4856,8.74,165.0,63,,,,activities/8684446804.fit.gz,,,4856.0,4688.0,8739.0,4.046,1.864,475.0,448.0,210.8,437.4,45.7,0.3,,,124.0,75.0,,138.0,,,616.0,,18.0,63.0,,,,,,,,,,,,,0.0,,1.0,11103.6,,,,,,,,,,,,,,,,,,,,,,,,,,0.0,1.8,5355.5,,,,,,,,,,,,,,,,,,,,,""
8111104702,"Nov 10, 2022, 6:35:43 PM",Evening Weight Training,Weight Training,,1464,0,117.0,2,,,,activities/8684442506.fit.gz,,,1464.0,1464.0,0.0,0.0,0.0,0.0,,,,0.0,0.0,,,,,,87.0,,,77.0,,24.0,2.0,,,,,,,,,,,,,0.0,,1.0,,,,,,,,,,,,,,,,,,,,,,,,,,,0.0,0.0,0.0,,,,,,,,,,,,,,,,,,,,,""
8092546351,"Nov 9, 2022, 2:26:18 PM",4χμ - 3 χμ ,Run,"",5056,10.88,186.0,95,,,,activities/8663444298.fit.gz,,,5056.0,4376.0,10884.0,5.064,2.487,301.0,304.0,211.4,368.6,49.9,0.0,,,124.0,78.0,,149.0,,,682.0,,20.0,95.0,,,,,,,,,,,0.0,,0.0,,1.0,12080.5,,,,,,,,,,,,,,,,,,,,,,,,,,0.0,2.153,10279.0,,,,,,,,,,,,,,,,,,,,,""
8092542075,"Nov 8, 2022, 6:35:49 PM",Evening Weight Training,Weight Training,,1522,0,137.0,3,,,,activities/8663439528.fit.gz,,,1522.0,1522.0,0.0,0.0,0.0,0.0,,,,0.0,0.0,,,,,,94.0,,,96.0,,24.0,3.0,,,,,,,,,,,,,0.0,,1.0,,,,,,,,,,,,,,,,,,,,,,,,,,,0.0,0.0,0.0,,,,,,,,,,,,,,,,,,,,,""
8083850937,"Nov 7, 2022, 5:46:42 PM",Evening Run,Run,"",4175,11.00,173.0,70,,,,activities/8653710048.fit.gz,,,4175.0,3988.0,11008.5,5.054,2.76,17.0,15.0,259.8,266.2,20.1,0.0,,,94.0,83.0,,145.0,,,627.0,,17.0,70.0,,,,,,,,,,,0.0,,0.0,,1.0,11050.6,,,,,,,,,,,,,,,,,,,,,,,,,,0.0,2.637,0.0,,,,,,,,,,,,,,,,,,,,,""
8079512722,"Nov 6, 2022, 12:54:36 PM",Afternoon Ride,Ride,,2544,0,135.0,10,,,,activities/8648788734.fit.gz,,,2544.0,2544.0,0.0,0.0,0.0,0.0,,,,0.0,0.0,,,,,,124.0,,,286.0,,27.0,10.0,,,,,,,,,,,,,0.0,,1.0,,,,,,,,,,,,,,,,,,,,,,,,,,,0.0,0.0,0.0,,,,,,,,,,,,,,,,,,,,,""
8079512375,"Nov 6, 2022, 12:03:31 PM",Afternoon Weight Training,Weight Training,,2945,0,163.0,11,,,,activities/8648788370.fit.gz,,,2945.0,2945.0,0.0,0.0,0.0,0.0,,,,0.0,0.0,,,,,,111.0,,,264.0,,25.0,11.0,,,,,,,,,,,,,0.0,,1.0,,,,,,,,,,,,,,,,,,,,,,,,,,,0.0,0.0,0.0,,,,,,,,,,,,,,,,,,,,,""
8070565104,"Nov 5, 2022, 7:50:58 AM",3' + 1' + 3' up and down ,Run,"",5625,7.63,173.0,99,,,,activities/8638532411.fit.gz,,,5625.0,5439.0,7638.4,4.878,1.404,654.0,654.0,216.8,436.0,49.6,0.0,,,122.0,67.0,,149.0,,,708.0,,27.0,99.0,,,,,,,,,,,0.0,,0.0,,1.0,12246.3,,,,,,,,,,,,,,,,,,,,,,,,,,0.0,1.358,2368.7,,,,,,,,,,,,,,,,,,,,,""
8068080363,"Nov 4, 2022, 4:36:35 PM",Evening Run,Run,,2954,8.15,170.0,63,,,,activities/8635703685.fit.gz,,,2954.0,2795.0,8149.5,4.478,2.916,11.0,10.0,254.2,258.0,9.6,0.0,,,122.0,85.0,,151.0,,,465.0,,18.0,63.0,,,,,,,,,,,,,0.0,,1.0,8168.0,,,,,,,,,,,,,,,,,,,,,,,,,,0.0,2.759,0.0,,,,,,,,,,,,,,,,,,,,,""
8068079092,"Nov 3, 2022, 6:36:36 PM",Evening Weight Training,Weight Training,,1403,0,120.0,2,,,,activities/8635702279.fit.gz,,,1403.0,1403.0,0.0,0.0,0.0,0.0,,,,0.0,0.0,,,,,,91.0,,,82.0,,26.0,2.0,,,,,,,,,,,,,0.0,,1.0,,,,,,,,,,,,,,,,,,,,,,,,,,,0.0,0.0,0.0,,,,,,,,,,,,,,,,,,,,,""
8058060829,"Nov 2, 2022, 1:34:11 PM",3*3000 🤒🌡️ again feel sick,Run,"",4518,13.33,192.0,186,,,,activities/8624424514.fit.gz,,,4518.0,4372.0,13330.2,5.459,3.049,58.0,58.0,253.6,258.4,12.1,0.0,,,113.0,86.0,,166.0,,,768.0,,24.0,186.0,,,,,,,,,,,0.0,,0.0,,1.0,13419.4,,,,,,,,,,,,,,,,,,,,,,,,,,0.0,2.95,0.0,,,,,,,,,,,,,,,,,,,,,""
8058059097,"Nov 1, 2022, 6:34:27 PM",Evening Weight Training,Weight Training,,1291,0,136.0,3,,,,activities/8624422546.fit.gz,,,1291.0,1291.0,0.0,0.0,0.0,0.0,,,,0.0,0.0,,,,,,103.0,,,102.0,,26.0,3.0,,,,,,,,,,,,,0.0,,1.0,,,,,,,,,,,,,,,,,,,,,,,,,,,0.0,0.0,0.0,,,,,,,,,,,,,,,,,,,,,""
8058058677,"Oct 31, 2022, 5:58:58 PM",Evening Run,Run,,1803,4.52,142.0,7,,,,activities/8624422076.fit.gz,,,1803.0,1803.0,4525.6,4.068,2.51,32.0,30.0,99.4,125.4,6.5,0.1,,,86.0,84.0,,129.0,,,248.0,,25.0,7.0,,,,,,,,,,,,,0.0,,1.0,4571.3,,,,,,,,,,,,,,,,,,,,,,,,,,0.0,2.51,199.6,,,,,,,,,,,,,,,,,,,,,""
8044003874,"Oct 30, 2022, 1:56:41 PM",Afternoon Trail Run,Run,,6651,12.50,188.0,181,,,,activities/8608404759.fit.gz,,,6651.0,5817.0,12502.5,4.52,2.149,598.0,598.0,52.8,179.0,49.9,0.0,,,124.0,76.0,,158.0,,,994.0,,25.0,181.0,,,,,,,,,,,,,0.0,,1.0,15775.7,,,,,,,,,,,,,,,,,,,,,,,,,,0.0,1.88,376.4,,,,,,,,,,,,,,,,,,,,,""
8037306574,"Oct 29, 2022, 1:16:18 PM",Afternoon Hike,Hike,"",3374,2.59,129.0,5,,,,activities/8600695840.fit.gz,,,3374.0,2579.0,2592.9,4.828,1.005,110.3,91.0,2.4,64.7,48.7,0.0,,,120.0,55.0,,91.0,,,180.0,,30.0,5.0,,,,,,,,,,,0.0,,0.0,,1.0,,,,,,,,,,,,,,,,,,,,,,,,,,,0.0,0.769,0.0,,,,,,,,,,,,,,,,,,,,,""
8031109923,"Oct 28, 2022, 7:18:14 AM",Morning Trail Run,Run,"",9652,8.85,163.0,57,,,,activities/8593690793.fit.gz,,,9652.0,6476.0,8854.2,3.314,1.367,802.0,800.0,564.2,1277.0,47.4,0.0,,,123.0,62.0,,133.0,,,866.0,,23.0,57.0,,,,,,,,,,,0.0,,0.0,,1.0,14377.5,,,,,,,,,,,,,,,,,,,,,,,,,,0.0,0.917,8618.5,,,,,,,,,,,,,,,,,,,,,""
8027945644,"Oct 27, 2022, 2:45:17 PM",Afternoon Trail Run,Run,"",5004,9.47,179.0,108,,,,activities/8590122808.fit.gz,,,5004.0,4531.0,9473.1,4.101,2.091,607.0,534.0,197.1,644.8,49.7,0.0,,,124.0,77.0,,152.0,,,691.0,,26.0,108.0,,,,,,,,,,,0.0,,0.0,,1.0,13463.1,,,,,,,,,,,,,,,,,,,,,,,,,,0.0,1.893,0.0,,,,,,,,,,,,,,,,,,,,,""
8027944873,"Oct 26, 2022, 3:50:41 PM",Evening Trail Run,Run,,2014,3.52,148.0,11,,,,activities/8590119853.fit.gz,,,2014.0,2005.0,3525.5,3.023,1.758,194.0,180.0,207.8,398.4,48.0,0.4,,,101.0,72.0,,127.0,,,239.0,,24.0,11.0,,,,,,,,,,,,,0.0,,1.0,4542.8,,,,,,,,,,,,,,,,,,,,,,,,,,0.0,1.751,2423.9,,,,,,,,,,,,,,,,,,,,,""
8015616527,"Oct 25, 2022, 6:15:51 AM",Morning Trail Run,Run,,1804,3.47,161.0,24,,,,activities/8576224217.fit.gz,,,1804.0,1753.0,3475.0,4.232,1.982,203.0,199.0,209.2,403.2,48.3,0.1,,,104.0,74.0,,142.0,,,257.0,,27.0,24.0,,,,,,,,,,,,,0.0,,1.0,4548.8,,,,,,,,,,,,,,,,,,,,,,,,,,0.0,1.926,2495.7,,,,,,,,,,,,,,,,,,,,,""
8015615890,"Oct 23, 2022, 3:27:00 PM",Ιγμορίτιδα 🐡 😵,Run,"",5018,11.01,178.0,107,,,,activities/8576223502.fit.gz,,,5018.0,4951.0,11013.7,3.218,2.225,301.0,293.0,207.4,364.8,48.7,0.1,,,90.0,80.0,,150.0,,,737.0,,22.0,107.0,,,,,,,,,,,0.0,,0.0,,1.0,12119.3,,,,,,,,,,,,,,,,,,,,,,,,,,0.0,2.195,10167.5,,,,,,,,,,,,,,,,,,,,,""
8003962912,"Oct 22, 2022, 4:06:34 PM",Evening Weight Training,Weight Training,,1954,0,148.0,8,,,,activities/8562907745.fit.gz,,,1954.0,1954.0,0.0,0.0,0.0,0.0,,,,0.0,0.0,,,,,,122.0,,,213.0,,26.0,8.0,,,,,,,,,,,,,0.0,,1.0,,,,,,,,,,,,,,,,,,,,,,,,,,,0.0,0.0,0.0,,,,,,,,,,,,,,,,,,,,,""
8003962735,"Oct 22, 2022, 3:31:24 PM",After 39 🌡️fever 🤒,Run,"",1865,2.73,145.0,6,,,,activities/8562907486.fit.gz,,,1865.0,1851.0,2732.6,3.376,1.476,192.0,196.0,215.2,404.6,49.8,-0.2,,,92.0,66.0,,114.0,,,190.0,,23.0,6.0,,,,,,,,,,,0.0,,0.0,,1.0,3950.6,,,,,,,,,,,,,,,,,,,,,,,,,,0.0,1.465,1444.9,,,,,,,,,,,,,,,,,,,,,""
7989259804,"Oct 19, 2022, 10:51:19 AM",Afternoon Trail Run,Run,,4088,8.27,169.0,74,,,,activities/8546319873.fit.gz,,,4088.0,3897.0,8275.2,4.098,2.123,345.0,340.0,206.6,436.8,35.4,0.1,,,116.0,79.0,,147.0,,,564.0,,27.0,74.0,,,,,,,,,,,,,0.0,,1.0,9841.0,,,,,,,,,,,,,,,,,,,,,,,,,,0.0,2.024,6534.3,,,,,,,,,,,,,,,,,,,,,""
7989258045,"Oct 18, 2022, 5:39:37 PM",Evening Weight Training,Weight Training,,1779,0,133.0,4,,,,activities/8546317958.fit.gz,,,1779.0,1779.0,0.0,0.0,0.0,0.0,,,,0.0,0.0,,,,,,101.0,,,129.0,,26.0,4.0,,,,,,,,,,,,,0.0,,1.0,,,,,,,,,,,,,,,,,,,,,,,,,,,0.0,0.0,0.0,,,,,,,,,,,,,,,,,,,,,""
7989257751,"Oct 18, 2022, 4:46:15 PM",Evening Run,Run,,1720,4.09,143.0,7,,,,activities/8546317587.fit.gz,,,1720.0,1701.0,4089.2,3.858,2.404,29.0,27.0,100.8,108.2,12.8,0.0,,,86.0,84.0,,127.0,,,233.0,,20.0,7.0,,,,,,,,,,,,,0.0,,1.0,4146.8,,,,,,,,,,,,,,,,,,,,,,,,,,0.0,2.377,0.0,,,,,,,,,,,,,,,,,,,,,""
7971302977,"Oct 16, 2022, 6:33:41 AM",Back to race ! Arma parnithas ⛰️,Run,"",7671,16.63,185.0,270,,,,activities/8525612294.fit.gz,,,7671.0,7636.0,16635.6,5.243,2.179,989.0,998.0,308.8,854.0,47.6,-0.1,,,110.0,77.0,,161.0,,,1171.0,,18.0,270.0,,,,,,,,,,,0.0,,0.0,,1.0,22186.5,,,,,,,,,,,,,,,,,,,,,,,,,,0.0,2.169,14706.3,,,,,,,,,,,,,,,,,,,,,""
7971300529,"Oct 16, 2022, 6:14:30 AM",Morning Trail Run,Run,,813,1.47,168.0,16,,,,activities/8525610004.fit.gz,,,813.0,711.0,1473.4,3.027,2.072,54.0,56.0,696.2,751.8,25.4,-0.1,,,95.0,82.0,,152.0,,,106.0,,21.0,16.0,,,,,,,,,,,,,0.0,,1.0,1668.6,,,,,,,,,,,,,,,,,,,,,,,,,,0.0,1.812,1080.1,,,,,,,,,,,,,,,,,,,,,""
7965902212,"Oct 14, 2022, 1:58:03 PM",Afternoon Trail Run,Run,,2950,6.00,160.0,24,,,,activities/8518895253.fit.gz,,,2950.0,2585.0,6002.2,4.393,2.322,149.0,154.0,198.8,330.2,42.6,-0.1,,,100.0,83.0,,135.0,,,372.0,,19.0,24.0,,,,,,,,,,,,,0.0,,1.0,6647.7,,,,,,,,,,,,,,,,,,,,,,,,,,0.0,2.035,4483.9,,,,,,,,,,,,,,,,,,,,,""
7952465648,"Oct 12, 2022, 2:20:03 PM","1' ⬆️
 7*300 ",Run,"",4779,9.03,179.0,45,,,,activities/8503776216.fit.gz,,,4779.0,4486.0,9033.5,4.274,2.014,313.0,323.0,249.4,388.6,42.7,-0.1,,,124.0,80.0,,137.0,,,581.0,,25.0,45.0,,,,,,,,,,,0.0,,0.0,,1.0,10797.3,,,,,,,,,,,,,,,,,,,,,,,,,,0.0,1.89,7969.7,,,,,,,,,,,,,,,,,,,,,""
7948761811,"Oct 11, 2022, 4:35:46 PM",Evening Run,Run,,2935,7.19,155.0,15,,,,activities/8499608655.fit.gz,,,2935.0,2895.0,7197.6,4.76,2.486,42.0,43.0,83.0,103.4,10.5,0.0,,,116.0,83.0,,130.0,,,404.0,,23.0,15.0,,,,,,,,,,,,,0.0,,1.0,7241.7,,,,,,,,,,,,,,,,,,,,,,,,,,0.0,2.452,6866.8,,,,,,,,,,,,,,,,,,,,,""
7943388593,"Oct 10, 2022, 5:35:50 PM","15 ' . 6*44"""" ",Run,"",2089,5.09,153.0,11,,,,activities/8493597061.fit.gz,,,2089.0,1943.0,5098.1,5.064,2.624,58.5,54.0,79.9,129.0,25.7,0.0,,,91.0,83.0,,128.0,,,282.0,,23.0,11.0,,,,,,,,,,,0.0,,0.0,,1.0,5182.9,,,,,,,,,,,,,,,,,,,,,,,,,,0.0,2.44,0.0,,,,,,,,,,,,,,,,,,,,,""
7940415470,"Oct 9, 2022, 1:56:59 PM",Afternoon Trail Run,Hike,"",2152,1.70,117.0,3,,,,activities/8490259572.fit.gz,,,2152.0,1789.0,1700.9,1.86,0.951,86.0,80.0,235.0,281.0,42.6,0.3,,,124.0,55.0,,92.0,,,131.0,,29.0,3.0,,,,,,,,,,,0.0,,0.0,,1.0,2161.5,,,,,,,,,,,,,,,,,,,,,,,,,,0.0,0.79,1175.2,,,,,,,,,,,,,,,,,,,,,""
7935329809,"Oct 9, 2022, 9:35:28 AM",1 ώρα ψυχοθεραπεία ,Run,"",3649,9.53,173.0,97,,,,activities/8484386123.fit.gz,,,3649.0,3627.0,9535.9,4.13,2.629,262.0,225.0,247.0,453.0,33.0,0.4,,,120.0,82.0,,154.0,,,617.0,,29.0,97.0,,,,,,,,,,,0.0,,0.0,,1.0,10253.9,,,,,,,,,,,,,,,,,,,,,,,,,,0.0,2.613,9257.0,,,,,,,,,,,,,,,,,,,,,""
7929844327,"Oct 8, 2022, 9:04:01 AM",First uphill program training ,Run,"",8001,14.16,183.0,177,,,,activities/8478160732.fit.gz,,,8001.0,7169.0,14163.3,10.187,1.976,862.0,848.0,378.4,861.6,48.1,0.1,,,124.0,73.0,,153.0,,,991.0,,24.0,177.0,,,,,,,,,,,0.0,,0.0,,1.0,18999.9,,,,,,,,,,,,,,,,,,,,,,,,,,0.0,1.77,14004.0,,,,,,,,,,,,,,,,,,,,,""
7927036764,"Oct 7, 2022, 12:58:15 PM",Afternoon Trail Run,Run,,2663,5.68,154.0,18,,,,activities/8474993507.fit.gz,,,2663.0,2411.0,5682.1,4.547,2.357,71.0,73.0,197.0,216.2,20.7,0.0,,,113.0,84.0,,136.0,,,337.0,,23.0,18.0,,,,,,,,,,,,,0.0,,1.0,5861.7,,,,,,,,,,,,,,,,,,,,,,,,,,0.0,2.134,5682.7,,,,,,,,,,,,,,,,,,,,,""
7916272528,"Oct 5, 2022, 3:23:57 PM",Evening Trail Run,Run,"",4007,9.63,176.0,70,,,,activities/8462823761.fit.gz,,,4007.0,3968.0,9631.9,4.356,2.427,223.0,226.0,256.8,373.8,32.9,0.0,,,115.0,82.0,,146.0,,,600.0,,20.0,70.0,,,,,,,,,,,0.0,,0.0,,1.0,10286.3,,,,,,,,,,,,,,,,,,,,,,,,,,0.0,2.404,9119.2,,,,,,,,,,,,,,,,,,,,,""
7916270029,"Oct 4, 2022, 6:08:46 AM",Morning Run,Run,,1449,4.05,156.0,18,,,,activities/8462821242.fit.gz,,,1449.0,1446.0,4058.4,3.638,2.807,11.0,26.0,98.0,118.0,12.0,-0.4,,,89.0,86.0,,142.0,,,238.0,,24.0,18.0,,,,,,,,,,,,,0.0,,1.0,4042.0,,,,,,,,,,,,,,,,,,,,,,,,,,0.0,2.801,0.0,,,,,,,,,,,,,,,,,,,,,""
7900117177,"Oct 2, 2022, 10:47:20 AM",🦶🏻❌,Run,"",10486,13.80,171.0,128,,,,activities/8444653217.fit.gz,,,10486.0,8720.0,13802.1,6.08,1.583,977.0,962.0,495.0,1180.6,50.0,0.1,,,,,,141.0,,,1261.0,,27.0,128.0,,,,,,,,,,,0.0,,0.0,,1.0,19775.4,,,,,,,,,,,,,,,,,,,,,,,,,,0.0,1.316,12396.2,,,,,,,,,,,,,,,,,,,,,""
7895681437,"Oct 1, 2022, 3:33:59 PM",Evening Trail Run,Run,,4970,8.94,167.0,33,,,,activities/8439607434.fit.gz,,,4970.0,4560.0,8942.2,4.293,1.961,425.6,420.0,215.0,435.8,41.3,0.0,,,123.0,77.0,,129.0,,,573.0,,26.0,33.0,,,,,,,,,,,,,0.0,,1.0,10910.4,,,,,,,,,,,,,,,,,,,,,,,,,,0.0,1.799,5929.5,,,,,,,,,,,,,,,,,,,,,""
7890249949,"Sep 30, 2022, 2:27:07 PM",300⬆️100⬆️100,Run,"",5831,11.80,172.0,91,,,,activities/8433502969.fit.gz,,,5831.0,5650.0,11800.5,4.21,2.089,563.0,560.0,211.4,446.6,49.4,0.0,,,123.0,74.0,,143.0,,,766.0,,27.0,91.0,,,,,,,,,,,0.0,,0.0,,1.0,14645.6,,,,,,,,,,,,,,,,,,,,,,,,,,0.0,2.024,9367.0,,,,,,,,,,,,,,,,,,,,,""
7881062970,"Sep 28, 2022, 2:45:24 PM",Afternoon Trail Run,Run,,8120,13.42,180.0,163,,,,activities/8423195488.fit.gz,,,8120.0,7815.0,13425.7,3.683,1.718,1014.4,993.0,212.8,448.7,49.7,0.0,,,118.0,70.0,,149.0,,,1046.0,,26.0,163.0,,,,,,,,,,,,,0.0,,1.0,19988.9,,,,,,,,,,,,,,,,,,,,,,,,,,0.0,1.653,8879.6,,,,,,,,,,,,,,,,,,,,,""
7870849799,"Sep 26, 2022, 4:32:54 PM",Ρικόβερι after festival week ,Run,"",2752,7.29,160.0,16,,,,activities/8411837333.fit.gz,,,2752.0,2723.0,7292.3,4.618,2.678,52.0,51.0,83.2,112.6,12.3,0.0,,,91.0,84.0,,129.0,,,392.0,,25.0,16.0,,,,,,,,,,,0.0,,0.0,,1.0,7352.0,,,,,,,,,,,,,,,,,,,,,,,,,,0.0,2.65,6485.7,,,,,,,,,,,,,,,,,,,,,""
7866183603,"Sep 25, 2022, 2:07:12 PM",Από το Σούνιο στη Πεντέλη 🩱🤷🏼‍♀️,Run,"",7110,11.55,171.0,94,,,,activities/8406443589.fit.gz,,,7110.0,5820.0,11553.4,3.402,1.985,631.0,624.0,506.2,1104.2,49.9,0.0,,,122.0,76.0,,143.0,,,818.0,,24.0,94.0,,,,,,,,,,,0.0,,0.0,,1.0,14968.9,,,,,,,,,,,,,,,,,,,,,,,,,,0.0,1.625,7427.8,,,,,,,,,,,,,,,,,,,,,""
7866178047,"Sep 25, 2022, 11:00:40 AM",Afternoon Stand Up Paddling,Stand Up Paddling,,2097,1.36,95.0,2,,,,activities/8406436888.fit.gz,,,2097.0,1697.0,1367.6,1.666,0.806,6.8,10.7,-1.8,10.5,48.2,-0.3,,,58.0,33.0,,77.0,,,74.0,,30.0,2.0,,,,,,,,,,,,,0.0,,1.0,,,,,,,,,,,,,,,,,,,,,,,,,,,0.0,0.652,0.0,,,,,,,,,,,,,,,,,,,,,""
7859361489,"Sep 24, 2022, 1:14:21 PM",Όταν αποδίδουν οι πρόβες🎭και η μηδενική προπόνηση 🤷🏼‍♀️,Run,"",1809,4.02,171.0,23,,,,activities/8398675166.fit.gz,,,1809.0,1633.0,4027.5,4.55,2.466,18.0,718.0,291.2,995.6,10.2,-17.4,,,122.0,83.0,,140.0,,,235.0,,26.0,23.0,,,,,,,,,,,0.0,,0.0,,1.0,4599.0,,,,,,,,,,,,,,,,,,,,,,,,,,0.0,2.226,3350.9,,,,,,,,,,,,,,,,,,,,,""
7859359104,"Sep 24, 2022, 12:10:14 PM",Όταν αποδίδουν οι πρόβες🎭και η μηδενική προπόνηση 🤷🏼‍♀️,Run,"",2798,3.76,181.0,101,,,,activities/8398672520.fit.gz,,,2798.0,2795.0,3759.3,4.289,1.345,698.0,11.0,292.2,981.8,49.9,18.3,,,108.0,62.0,,163.0,,,478.0,,27.0,101.0,,,,,,,,,,,0.0,,0.0,,1.0,8253.7,,,,,,,,,,,,,,,,,,,,,,,,,,0.0,1.344,3346.3,,,,,,,,,,,,,,,,,,,,,""
7859356176,"Sep 24, 2022, 11:58:27 AM",Afternoon Trail Run,Run,,571,1.07,144.0,2,,,,activities/8398669282.fit.gz,,,571.0,536.0,1074.8,3.122,2.005,36.0,33.0,292.2,315.0,15.4,0.3,,,121.0,79.0,,123.0,,,68.0,,28.0,2.0,,,,,,,,,,,,,0.0,,1.0,1196.9,,,,,,,,,,,,,,,,,,,,,,,,,,0.0,1.882,1075.9,,,,,,,,,,,,,,,,,,,,,""
7858763772,"Sep 23, 2022, 5:11:59 PM",Evening Run,Run,,2229,4.80,140.0,6,,,,activities/8397999215.fit.gz,,,2229.0,2144.0,4805.9,3.621,2.242,33.0,35.0,80.0,92.0,15.6,0.0,,,106.0,80.0,,113.0,,,262.0,,20.0,6.0,,,,,,,,,,,,,0.0,,1.0,4852.2,,,,,,,,,,,,,,,,,,,,,,,,,,0.0,2.156,4698.1,,,,,,,,,,,,,,,,,,,,,""
7848607989,"Sep 22, 2022, 10:00:37 AM",Afternoon Trail Run,Run,"",3719,6.31,161.0,35,,,,activities/8386595392.fit.gz,,,3719.0,3607.0,6311.4,3.84,1.75,487.0,474.0,215.0,377.8,50.0,0.2,,,98.0,76.0,,135.0,,,474.0,,25.0,35.0,,,,,,,,,,,0.0,,0.0,,1.0,9568.7,,,,,,,,,,,,,,,,,,,,,,,,,,0.0,1.697,3271.6,,,,,,,,,,,,,,,,,,,,,""
7844942047,"Sep 21, 2022, 3:17:03 PM",Χαλαρά μονοπάτια ,Run,"",5406,9.41,165.0,61,,,,activities/8382491791.fit.gz,,,5406.0,5272.0,9414.2,3.488,1.786,727.0,730.0,192.4,446.2,48.8,-0.1,,,110.0,69.0,,139.0,,,674.0,,22.0,61.0,,,,,,,,,,,0.0,,0.0,,1.0,14130.6,,,,,,,,,,,,,,,,,,,,,,,,,,0.0,1.741,5853.5,,,,,,,,,,,,,,,,,,,,,""
7837554193,"Sep 20, 2022, 10:00:57 AM","3km
4 *100
5* 200 
2 km",Run,"",2559,7.12,179.0,46,,,,activities/8374239376.fit.gz,,,2559.0,2441.0,7120.2,4.45,2.917,50.0,43.0,206.2,219.0,18.3,0.1,,,112.0,85.0,,147.0,,,415.0,,30.0,46.0,,,,,,,,,,,0.0,,0.0,,1.0,7222.3,,,,,,,,,,,,,,,,,,,,,,,,,,0.0,2.782,6996.3,,,,,,,,,,,,,,,,,,,,,""
7835262063,"Sep 19, 2022, 4:54:09 PM",Evening Ride,Ride,,3193,12.44,149.0,16,,,,activities/8371660227.fit.gz,,,3193.0,3083.0,12448.1,12.827,4.038,352.0,333.0,97.4,284.0,25.0,0.1,,,,,,122.0,,,324.0,,25.0,16.0,,,,,,,,,,,,,0.0,,1.0,,,,,,,,,,,,,,,,,,,,,,,,,,,0.0,3.899,4759.0,,,,,,,,,,,,,,,,,,,,,""
7829061271,"Sep 18, 2022, 12:42:13 PM",SOUROMA 😵 όποιος βρει τα κομμάτια μου στη δυτική Πάρνηθα να μου τα επιστρέψει 🤷🏼‍♀️,Run,"",10186,17.08,190.0,218,,,,activities/8364598624.fit.gz,,,10186.0,9580.0,17083.0,4.083,1.783,941.5,936.0,327.3,846.4,48.1,0.0,,,123.0,69.0,,151.0,,,1347.0,,30.0,218.0,,,,,,,,,,,0.0,,0.0,,1.0,22178.3,,,,,,,,,,,,,,,,,,,,,,,,,,0.0,1.677,14889.4,,,,,,,,,,,,,,,,,,,,,""
7821572357,"Sep 17, 2022, 9:28:45 AM",Lunch Trail Run,Run,,3699,5.01,159.0,46,,,,activities/8356136118.fit.gz,,,3699.0,3605.0,5017.8,3.366,1.392,404.0,398.0,256.0,446.8,48.5,0.1,,,124.0,60.0,,140.0,,,454.0,,32.0,46.0,,,,,,,,,,,,,0.0,,1.0,7673.8,,,,,,,,,,,,,,,,,,,,,,,,,,0.0,1.357,3835.3,,,,,,,,,,,,,,,,,,,,,""
7819391894,"Sep 16, 2022, 3:57:30 PM","2km wu
1 uphill
4 km tempo ",Run,"",4015,10.02,176.0,92,,,,activities/8353677537.fit.gz,,,4015.0,3943.0,10027.9,3.934,2.543,214.0,211.0,254.6,449.8,43.7,0.0,,,100.0,81.0,,151.0,,,638.0,,25.0,92.0,,,,,,,,,,,0.0,,0.0,,1.0,11313.5,,,,,,,,,,,,,,,,,,,,,,,,,,0.0,2.498,9485.2,,,,,,,,,,,,,,,,,,,,,""
7811794677,"Sep 15, 2022, 11:21:03 AM","10' booty band - 
10' abs",Weight Training,"",1923,0,127.0,4,,,,activities/8345149141.fit.gz,,,1923.0,1923.0,0.0,0.0,0.0,0.0,,,,0.0,0.0,,,,,,96.0,,,123.0,,30.0,4.0,,,,,,,,,,,0.0,,0.0,,1.0,,,,,,,,,,,,,,,,,,,,,,,,,,,0.0,0.0,0.0,,,,,,,,,,,,,,,,,,,,,""
7811794266,"Sep 15, 2022, 5:51:53 AM",30' + 6 ανοίγματα ,Run,"",2285,6.04,163.0,37,,,,activities/8345148654.fit.gz,,,2285.0,2079.0,6042.9,5.358,2.907,42.0,39.0,102.0,111.4,9.7,0.0,,,92.0,86.0,,146.0,,,375.0,,26.0,37.0,,,,,,,,,,,0.0,,0.0,,1.0,6119.8,,,,,,,,,,,,,,,,,,,,,,,,,,0.0,2.645,0.0,,,,,,,,,,,,,,,,,,,,,""
7808409793,"Sep 14, 2022, 2:48:45 PM",Ρεπό Τετάρτης : skalakia to keraies 👆🏻,Run,"",8336,13.54,179.0,140,,,,activities/8341363868.fit.gz,,,8336.0,7945.0,13547.4,3.842,1.705,1025.0,1005.0,492.2,1334.8,49.8,0.1,,,124.0,72.0,,145.0,,,1032.0,,23.0,140.0,,,,,,,,,,,0.0,,0.0,,1.0,20435.0,,,,,,,,,,,,,,,,,,,,,,,,,,0.0,1.625,12140.3,,,,,,,,,,,,,,,,,,,,,""
7808404141,"Sep 13, 2022, 11:44:03 AM","Abs , stretching ",Weight Training,"",1553,0,104.0,2,,,,activities/8341357931.fit.gz,,,1553.0,1553.0,0.0,0.0,0.0,0.0,,,,0.0,0.0,,,,,,80.0,,,64.0,,30.0,2.0,,,,,,,,,,,0.0,,0.0,,1.0,,,,,,,,,,,,,,,,,,,,,,,,,,,0.0,0.0,0.0,,,,,,,,,,,,,,,,,,,,,""
7800400460,"Sep 13, 2022, 6:09:23 AM",Morning Trail Run,Run,"",2311,3.46,165.0,34,,,,activities/8332424493.fit.gz,,,2311.0,2249.0,3466.8,4.128,1.541,343.0,338.0,215.8,403.0,48.3,0.1,,,120.0,69.0,,144.0,,,313.0,,28.0,34.0,,,,,,,,,,,0.0,,0.0,,1.0,6003.2,,,,,,,,,,,,,,,,,,,,,,,,,,0.0,1.5,2556.4,,,,,,,,,,,,,,,,,,,,,""
7797193144,"Sep 12, 2022, 4:47:13 PM",Evening Run,Run,,2317,5.21,136.0,8,,,,activities/8328839595.fit.gz,,,2317.0,2289.0,5210.5,3.345,2.276,101.0,97.0,200.2,224.2,33.8,0.0,,,117.0,80.0,,120.0,,,290.0,,26.0,8.0,,,,,,,,,,,,,0.0,,1.0,5507.0,,,,,,,,,,,,,,,,,,,,,,,,,,0.0,2.249,3853.7,,,,,,,,,,,,,,,,,,,,,""
7790390526,"Sep 11, 2022, 8:49:47 AM",Πρώτο long trail after vacation 😪🥵,Run,"",11022,16.03,171.0,159,,,,activities/8321089455.fit.gz,,,11022.0,10065.0,16038.4,4.735,1.593,1170.0,1147.0,495.0,1336.2,49.9,0.1,,,120.0,69.0,,144.0,,,1284.0,,29.0,159.0,,,,,,,,,,,0.0,,0.0,,1.0,23503.7,,,,,,,,,,,,,,,,,,,,,,,,,,0.0,1.455,14028.0,,,,,,,,,,,,,,,,,,,,,""
7790381859,"Sep 10, 2022, 2:09:36 PM",Afternoon Weight Training,Weight Training,,2383,0,159.0,12,,,,activities/8321079917.fit.gz,,,2383.0,2383.0,0.0,0.0,0.0,0.0,,,,0.0,0.0,,,,,,118.0,,,242.0,,31.0,12.0,,,,,,,,,,,,,0.0,,1.0,,,,,,,,,,,,,,,,,,,,,,,,,,,0.0,0.0,0.0,,,,,,,,,,,,,,,,,,,,,""
7780862908,"Sep 9, 2022, 4:07:57 PM",Tempo 5.20 4km,Run,"",2663,7.61,166.0,48,,,,activities/8310288561.fit.gz,,,2663.0,2591.0,7611.1,3.505,2.938,21.0,21.0,252.8,257.4,7.1,0.0,,,87.0,84.0,,146.0,,,424.0,,26.0,48.0,,,,,,,,,,,0.0,,0.0,,1.0,7638.6,,,,,,,,,,,,,,,,,,,,,,,,,,0.0,2.858,119.2,,,,,,,,,,,,,,,,,,,,,""
7776669800,"Sep 8, 2022, 5:46:50 PM",Evening Trail Run,Run,,2211,5.28,141.0,8,,,,activities/8305530207.fit.gz,,,2211.0,2183.0,5286.7,3.998,2.422,99.0,103.0,175.2,213.2,24.7,-0.1,,,117.0,83.0,,123.0,,,293.0,,27.0,8.0,,,,,,,,,,,,,0.0,,1.0,5556.1,,,,,,,,,,,,,,,,,,,,,,,,,,0.0,2.391,4513.8,,,,,,,,,,,,,,,,,,,,,""
7770564612,"Sep 7, 2022, 3:03:00 PM",Challenge 1000 asc under 2 h 👀full paths,Run,"",7115,12.00,166.0,114,,,,activities/8298663643.fit.gz,,,7115.0,7002.0,12007.4,4.102,1.715,1000.0,968.0,210.8,450.4,50.0,0.3,,,120.0,70.0,,144.0,,,936.0,,25.0,114.0,,,,,,,,,,,0.0,,0.0,,1.0,18711.6,,,,,,,,,,,,,,,,,,,,,,,,,,0.0,1.688,7417.4,,,,,,,,,,,,,,,,,,,,,""
7765016672,"Sep 6, 2022, 4:25:48 PM",Xalaro tempo tritsi ,Run,"",3534,10.01,160.0,46,,,,activities/8292431161.fit.gz,,,3534.0,3509.0,10010.9,3.784,2.853,63.0,63.0,82.8,112.8,12.2,0.0,,,88.0,85.0,,140.0,,,575.0,,25.0,46.0,,,,,,,,,,,0.0,,0.0,,1.0,10096.8,,,,,,,,,,,,,,,,,,,,,,,,,,0.0,2.833,6274.8,,,,,,,,,,,,,,,,,,,,,""
7765014350,"Sep 5, 2022, 5:09:03 PM",Evening Weight Training,Weight Training,,1743,0,120.0,3,,,,activities/8292428561.fit.gz,,,1743.0,1743.0,0.0,0.0,0.0,0.0,,,,0.0,0.0,,,,,,82.0,,,83.0,,31.0,3.0,,,,,,,,,,,,,0.0,,1.0,,,,,,,,,,,,,,,,,,,,,,,,,,,0.0,0.0,0.0,,,,,,,,,,,,,,,,,,,,,""
7754841588,"Sep 4, 2022, 3:38:16 PM",Evening Trail Run,Run,,6110,11.01,177.0,113,,,,activities/8280942515.fit.gz,,,6110.0,5679.0,11011.6,3.544,1.939,528.8,519.0,219.0,448.7,48.8,-0.1,,,120.0,72.0,,148.0,,,794.0,,28.0,113.0,,,,,,,,,,,,,0.0,,1.0,14109.9,,,,,,,,,,,,,,,,,,,,,,,,,,0.0,1.802,6348.7,,,,,,,,,,,,,,,,,,,,,""
7754838200,"Sep 4, 2022, 8:23:13 AM",Lunch Hike,Hike,"",6557,3.78,129.0,7,,,,activities/8280938730.fit.gz,,,6557.0,3995.0,3779.9,6.796,0.946,144.0,136.0,1035.8,1149.4,49.8,0.2,,,120.0,55.0,,85.0,,,282.0,,29.0,7.0,,,,,,,,,,,0.0,,0.0,,1.0,,,,,,,,,,,,,,,,,,,,,,,,,,,0.0,0.576,3770.6,,,,,,,,,,,,,,,,,,,,,""
7749007619,"Sep 3, 2022, 8:42:26 AM",😵🥵🥵,Run,"",4444,7.96,177.0,126,,,,activities/8274278535.fit.gz,,,4444.0,4407.0,7965.9,3.578,1.808,484.2,466.0,209.9,448.7,46.6,0.0,,,113.0,68.0,,156.0,,,672.0,,32.0,126.0,,,,,,,,,,,0.0,,0.0,,1.0,10772.5,,,,,,,,,,,,,,,,,,,,,,,,,,0.0,1.793,5810.3,,,,,,,,,,,,,,,,,,,,,""
7737706546,"Sep 1, 2022, 3:33:24 PM",Evening Trail Run,Run,"",5410,10.00,184.0,130,,,,activities/8261450161.fit.gz,,,5410.0,5298.0,10005.7,3.961,1.889,513.0,510.0,107.8,397.6,49.8,0.0,,,123.0,72.0,,153.0,,,808.0,,28.0,130.0,,,,,,,,,,,0.0,,0.0,,1.0,12880.3,,,,,,,,,,,,,,,,,,,,,,,,,,0.0,1.849,5301.6,,,,,,,,,,,,,,,,,,,,,""
7732576135,"Aug 31, 2022, 3:19:04 PM",First after astypalaia 😪😓,Run,"",4990,9.50,180.0,85,,,,activities/8255700537.fit.gz,,,4990.0,4797.0,9502.4,3.784,1.981,465.1,453.0,210.6,448.7,50.0,0.0,,,90.0,76.0,,146.0,,,696.0,,26.0,85.0,,,,,,,,,,,0.0,,0.0,,1.0,11943.9,,,,,,,,,,,,,,,,,,,,,,,,,,0.0,1.904,7504.1,,,,,,,,,,,,,,,,,,,,,""
7720404663,"Aug 29, 2022, 10:39:42 AM", Swim steno 💦,Swim,"",2711,"1,327",75.0,3,,,,activities/8242116141.fit.gz,,,2711.0,2632.0,1326.9,3.094,0.504,0.0,-0.3,-1.4,0.4,13.3,0.0,,,46.0,26.0,,75.0,,,202.0,,26.0,3.0,,,,,,,,,,,0.0,,0.0,,1.0,,,,,,,,,,,,,,,,,,,,,,,,,,,0.0,0.489,0.0,,,,,,,,,,,,,,,,,,,,,""
7716349484,"Aug 28, 2022, 5:07:00 PM",Evening Hike,Hike,,304,0.32,132.0,0,,,,activities/8237496439.fit.gz,,,304.0,304.0,321.9,2.752,1.059,51.0,3.0,7.2,56.2,45.2,15.2,,,80.0,51.0,,107.0,,,27.0,,27.0,0.0,,,,,,,,,,,,,0.0,,1.0,,,,,,,,,,,,,,,,,,,,,,,,,,,0.0,1.059,0.0,,,,,,,,,,,,,,,,,,,,,""
7716349001,"Aug 28, 2022, 3:35:04 PM",Swim tzanakia 💦,Swim,"",1410,769,103.0,4,,,,activities/8237495882.fit.gz,,,1410.0,1410.0,769.0,2.52,0.545,3.1,10.1,-2.9,6.0,19.9,-0.9,,,44.0,26.0,,103.0,,,118.0,,27.0,4.0,,,,,,,,,,,0.0,,0.0,,1.0,,,,,,,,,,,,,,,,,,,,,,,,,,,0.0,0.545,0.0,,,,,,,,,,,,,,,,,,,,,""
7716348146,"Aug 28, 2022, 3:24:52 PM",Evening Hike,Hike,,354,0.35,112.0,0,,,,activities/8237494905.fit.gz,,,354.0,326.0,352.1,2.258,1.08,8.0,49.0,8.6,50.4,22.2,-11.8,,,89.0,64.0,,92.0,,,23.0,,31.0,0.0,,,,,,,,,,,,,0.0,,1.0,,,,,,,,,,,,,,,,,,,,,,,,,,,0.0,0.995,0.0,,,,,,,,,,,,,,,,,,,,,""
7716347956,"Aug 28, 2022, 3:07:45 PM",Evening Hike,Hike,,725,0.63,120.0,1,,,,activities/8237494616.fit.gz,,,725.0,585.0,637.0,2.587,1.089,30.0,29.0,107.0,130.2,29.4,0.3,,,110.0,52.0,,88.0,,,38.0,,31.0,1.0,,,,,,,,,,,,,0.0,,1.0,,,,,,,,,,,,,,,,,,,,,,,,,,,0.0,0.879,0.0,,,,,,,,,,,,,,,,,,,,,""
7716347503,"Aug 28, 2022, 1:58:18 PM",Afternoon Hike,Hike,,3515,1.90,134.0,4,,,,activities/8237494111.fit.gz,,,3515.0,1947.0,1906.9,2.647,0.979,78.0,75.0,152.6,216.2,48.1,0.1,,,124.0,60.0,,95.0,,,195.0,,33.0,4.0,,,,,,,,,,,,,0.0,,1.0,,,,,,,,,,,,,,,,,,,,,,,,,,,0.0,0.542,0.0,,,,,,,,,,,,,,,,,,,,,""
7710548147,"Aug 27, 2022, 10:24:08 AM",Sup kaminakia 💙🏄🏼‍♀️,Stand Up Paddling,"",9450,6.61,,,,,,activities/7710548147.fit,,,9450.0,5849.0,6614.0,9.4,1.131,0.0,0.0,-5.4,5.2,46.2,0.1,,,,,,,,,,,,,,,,,,,,,,,0.0,,0.0,,1.0,,,,,,,,,,,,,,,,,,,,,,,,,,,0.0,0.7,0.0,,,,,,,,,,,,,,,,,,,,,""
7703635361,"Aug 26, 2022, 2:03:31 PM",Recovery hike apo recovery swim apo recovery hike 🌝🙄😂,Hike,"",1503,1.04,126.0,3,,,,activities/8223113881.fit.gz,,,1503.0,1297.0,1039.7,1.457,0.802,44.0,46.0,0.0,48.6,49.0,-0.2,,,103.0,51.0,,99.0,,,111.0,,28.0,3.0,,,,,,,,,,,0.0,,0.0,,1.0,,,,,,,,,,,,,,,,,,,,,,,,,,,0.0,0.692,0.0,,,,,,,,,,,,,,,,,,,,,""
7703634003,"Aug 26, 2022, 1:09:27 PM",Swim kounoupoi,Swim,"",2730,"1,106",,,,,,activities/8223112196.fit.gz,,,2730.0,2730.0,1105.7,1.032,0.405,6.4,4.7,-1.8,3.3,29.2,0.2,,,48.0,26.0,,,,,164.0,,26.0,,,,,,,,,,,,0.0,,0.0,,1.0,,,,,,,,,,,,,,,,,,,,,,,,,,,0.0,0.405,0.0,,,,,,,,,,,,,,,,,,,,,""
7703632211,"Aug 26, 2022, 12:17:15 PM",Afternoon Hike,Hike,,2604,1.86,129.0,5,,,,activities/8223110269.fit.gz,,,2604.0,1986.0,1859.9,1.667,0.937,68.0,75.0,-2.0,55.2,42.1,-0.4,,,123.0,56.0,,103.0,,,178.0,,32.0,5.0,,,,,,,,,,,,,0.0,,1.0,,,,,,,,,,,,,,,,,,,,,,,,,,,0.0,0.714,0.0,,,,,,,,,,,,,,,,,,,,,""
7702354865,"Aug 26, 2022, 7:36:05 AM",Mylos to castle morning tour run 👸,Run,"",4947,9.79,176.0,101,,,,activities/8221668795.fit.gz,,,4947.0,4259.0,9798.1,6.666,2.301,354.0,355.0,0.0,164.8,49.8,0.0,,,115.0,77.0,,151.0,,,678.0,,29.0,101.0,,,,,,,,,,,0.0,,0.0,,1.0,11604.4,,,,,,,,,,,,,,,,,,,,,,,,,,0.0,1.981,1768.1,,,,,,,,,,,,,,,,,,,,,""
7699445679,"Aug 25, 2022, 2:01:55 PM",Afternoon Stand Up Paddling,Stand Up Paddling,,1480,1.25,,,,,,activities/7699445679.fit,,,1480.0,1380.0,1256.0,1.8,0.91,5.4,10.8,-1.6,6.2,10.0,-0.4,,,,,,,,,,,,,,,,,,,,,,,,,0.0,,1.0,,,,,,,,,,,,,,,,,,,,,,,,,,,0.0,0.849,0.0,,,,,,,,,,,,,,,,,,,,,""
7698702449,"Aug 25, 2022, 12:59:11 PM",Glino astypalaia island explore 🐐🐏,Run,"",3306,3.84,154.0,14,,,,activities/8217365534.fit.gz,,,3306.0,3274.0,3841.2,3.898,1.173,160.0,169.0,-5.8,46.4,42.8,-0.1,,,123.0,70.0,,126.0,,,317.0,,31.0,14.0,,,,,,,,,,,0.0,,0.0,,1.0,4687.6,,,,,,,,,,,,,,,,,,,,,,,,,,0.0,1.162,0.0,,,,,,,,,,,,,,,,,,,,,""
7699445667,"Aug 25, 2022, 12:37:49 PM",Afternoon Stand Up Paddling,Stand Up Paddling,,1327,1.18,,,,,,activities/7699445667.fit,,,1327.0,804.0,1180.0,2.4,1.468,3.4,2.0,0.4,4.4,12.5,0.1,,,,,,,,,,,,,,,,,,,,,,,,,0.0,,1.0,,,,,,,,,,,,,,,,,,,,,,,,,,,0.0,0.889,0.0,,,,,,,,,,,,,,,,,,,,,""
7694326949,"Aug 24, 2022, 4:06:29 PM",Evening Run,Run,,4581,8.29,168.0,54,,,,activities/8212444849.fit.gz,,,4581.0,4234.0,8290.8,4.43,1.958,264.0,260.0,1.5,203.7,49.9,0.0,,,122.0,81.0,,143.0,,,546.0,,26.0,54.0,,,,,,,,,,,,,0.0,,1.0,9532.2,,,,,,,,,,,,,,,,,,,,,,,,,,0.0,1.81,2900.3,,,,,,,,,,,,,,,,,,,,,""
7694280138,"Aug 24, 2022, 11:43:29 AM",Sup plakes astypalaia,Stand Up Paddling,"",9624,6.66,129.0,15,,,,activities/8212392131.fit.gz,,,9624.0,5825.0,6664.6,2.242,1.144,35.5,30.1,-1.8,15.4,48.2,0.1,,,60.0,25.0,,102.0,,,429.0,,32.0,15.0,,,,,,,,,,,0.0,,0.0,,1.0,,,,,,,,,,,,,,,,,,,,,,,,,,,0.0,0.692,0.0,,,,,,,,,,,,,,,,,,,,,""
7688475335,"Aug 23, 2022, 4:48:12 PM",Recovery sea sightseeing 💦,Run,"",2056,4.41,156.0,13,,,,activities/8205912789.fit.gz,,,2056.0,1904.0,4416.1,3.794,2.319,123.0,120.0,2.2,81.0,37.7,0.1,,,118.0,79.0,,131.0,,,276.0,,29.0,13.0,,,,,,,,,,,0.0,,0.0,,1.0,4925.6,,,,,,,,,,,,,,,,,,,,,,,,,,0.0,2.148,0.0,,,,,,,,,,,,,,,,,,,,,""
7686781620,"Aug 23, 2022, 12:48:47 PM",Hike ag Konstantinos ,Hike,"",2583,1.82,121.0,4,,,,activities/8204038287.fit.gz,,,2583.0,1846.0,1823.9,1.89,0.988,67.0,75.0,20.4,85.4,48.0,-0.6,,,124.0,56.0,,94.0,,,149.0,,33.0,4.0,,,,,,,,,,,0.0,,0.0,,1.0,,,,,,,,,,,,,,,,,,,,,,,,,,,0.0,0.706,0.0,,,,,,,,,,,,,,,,,,,,,""
7677137440,"Aug 21, 2022, 4:29:46 PM",Small vertical paths 🪨,Run,"",4179,7.01,169.0,60,,,,activities/8193164968.fit.gz,,,4179.0,3996.0,7018.8,3.812,1.756,552.7,533.0,211.3,435.4,49.5,0.1,,,115.0,72.0,,142.0,,,538.0,,28.0,60.0,,,,,,,,,,,0.0,,0.0,,1.0,10862.9,,,,,,,,,,,,,,,,,,,,,,,,,,0.0,1.68,3906.6,,,,,,,,,,,,,,,,,,,,,""
7677134814,"Aug 21, 2022, 10:54:08 AM",Afternoon Yoga,Yoga,,1595,0,93.0,2,,,,activities/8193162056.fit.gz,,,1595.0,1595.0,0.0,0.0,0.0,0.0,,,,0.0,0.0,,,,,,73.0,,,44.0,,33.0,2.0,,,,,,,,,,,,,0.0,,1.0,,,,,,,,,,,,,,,,,,,,,,,,,,,0.0,0.0,0.0,,,,,,,,,,,,,,,,,,,,,""
7671263321,"Aug 20, 2022, 4:41:41 PM",Sunset 🌇 poikilara ❤️‍🔥,Run,"",4859,8.74,170.0,55,,,,activities/8186462099.fit.gz,,,4859.0,4646.0,8747.6,4.164,1.883,542.6,529.0,215.9,435.6,50.0,0.0,,,124.0,76.0,,138.0,,,637.0,,29.0,55.0,,,,,,,,,,,0.0,,0.0,,1.0,12016.6,,,,,,,,,,,,,,,,,,,,,,,,,,0.0,1.8,5424.2,,,,,,,,,,,,,,,,,,,,,""
7665538487,"Aug 19, 2022, 4:06:29 PM",First 500 ☝🏻 poikilàra welcome 🌝⛱️🏖️,Run,"",5896,11.91,151.0,43,,,,activities/8180017281.fit.gz,,,5896.0,5757.0,11914.2,4.608,2.07,534.2,512.0,159.0,403.9,49.5,0.0,,,114.0,75.0,,133.0,,,746.0,,31.0,43.0,,,,,,,,,,,0.0,,0.0,,1.0,14557.0,,,,,,,,,,,,,,,,,,,,,,,,,,0.0,2.021,7152.2,,,,,,,,,,,,,,,,,,,,,""
7662865979,"Aug 18, 2022, 4:38:58 PM",Welcome run petroupoli,Run,"",4076,6.88,157.0,42,,,,activities/8177013592.fit.gz,,,4076.0,3966.0,6887.5,3.06,1.737,444.3,426.0,212.4,449.9,44.7,-0.1,,,103.0,72.0,,134.0,,,487.0,,30.0,42.0,,,,,,,,,,,0.0,,0.0,,1.0,9603.5,,,,,,,,,,,,,,,,,,,,,,,,,,0.0,1.69,4945.4,,,,,,,,,,,,,,,,,,,,,""
7652295415,"Aug 17, 2022, 8:07:34 AM",Last one morning at kamini,Run,"",4147,7.87,181.0,85,,,,activities/8165230242.fit.gz,,,4147.0,4131.0,7875.4,3.296,1.906,404.0,398.0,201.4,417.6,34.6,0.1,,,123.0,73.0,,150.0,,,581.0,,33.0,85.0,,,,,,,,,,,0.0,,0.0,,1.0,9568.4,,,,,,,,,,,,,,,,,,,,,,,,,,0.0,1.899,0.0,,,,,,,,,,,,,,,,,,,,,""
7648688308,"Aug 16, 2022, 3:38:56 PM",Daddy's birthday run,Run,"",2906,6.20,160.0,30,,,,activities/8161225977.fit.gz,,,2906.0,2896.0,6204.1,3.905,2.142,308.1,317.0,198.1,446.2,23.0,-0.1,,,84.0,77.0,,139.0,,,403.0,,29.0,30.0,,,,,,,,,,,0.0,,0.0,,1.0,7590.0,,,,,,,,,,,,,,,,,,,,,,,,,,0.0,2.135,274.9,,,,,,,,,,,,,,,,,,,,,""
7647371786,"Aug 15, 2022, 3:13:39 PM",Dekapentaugust apogeuma ,Run,"",2316,6.49,176.0,65,,,,activities/8159767936.fit.gz,,,2316.0,2316.0,6498.1,3.691,2.806,41.0,44.0,182.0,199.4,15.5,0.0,,,88.0,84.0,,155.0,,,389.0,,32.0,65.0,,,,,,,,,,,0.0,,0.0,,1.0,6597.5,,,,,,,,,,,,,,,,,,,,,,,,,,0.0,2.806,0.0,,,,,,,,,,,,,,,,,,,,,""
7647370703,"Aug 15, 2022, 8:40:22 AM",Dekapentaugust prwi 🫤,Run,"",2825,5.53,177.0,77,,,,activities/8159766833.fit.gz,,,2825.0,2792.0,5534.9,3.528,1.982,292.0,294.0,197.7,450.6,30.1,0.0,,,120.0,77.0,,155.0,,,412.0,,31.0,77.0,,,,,,,,,,,0.0,,0.0,,1.0,6878.4,,,,,,,,,,,,,,,,,,,,,,,,,,0.0,1.959,0.0,,,,,,,,,,,,,,,,,,,,,""
7630554039,"Aug 13, 2022, 9:24:34 AM",8. 10' booty band - abs - arms,Weight Training,"",2361,0,149.0,7,,,,activities/8140940929.fit.gz,,,2361.0,2361.0,0.0,0.0,0.0,0.0,,,,0.0,0.0,,,,,,111.0,,,201.0,,30.0,7.0,,,,,,,,,,,0.0,,0.0,,1.0,,,,,,,,,,,,,,,,,,,,,,,,,,,0.0,0.0,0.0,,,,,,,,,,,,,,,,,,,,,""
7630553405,"Aug 13, 2022, 8:34:26 AM", πρωινό  μετά το 15 σε κάθε στροφή άνοιγμα ,Run,"",2544,6.38,175.0,72,,,,activities/8140940328.fit.gz,,,2544.0,2372.0,6382.1,4.152,2.691,38.0,39.0,182.8,199.8,10.1,0.0,,,90.0,83.0,,157.0,,,393.0,,33.0,72.0,,,,,,,,,,,0.0,,0.0,,1.0,6455.2,,,,,,,,,,,,,,,,,,,,,,,,,,0.0,2.509,0.0,,,,,,,,,,,,,,,,,,,,,""
7630552277,"Aug 12, 2022, 4:19:44 PM",Boring recov 🩸,Run,"",2578,5.30,171.0,17,,,,activities/8140938943.fit.gz,,,2578.0,2023.0,5300.0,3.315,2.62,45.0,45.0,183.2,200.4,15.5,0.0,,,86.0,83.0,,136.0,,,310.0,,26.0,17.0,,,,,,,,,,,0.0,,0.0,,1.0,5373.3,,,,,,,,,,,,,,,,,,,,,,,,,,0.0,2.056,0.0,,,,,,,,,,,,,,,,,,,,,""
7630551104,"Aug 12, 2022, 9:37:39 AM",7. Arms 💪🏻,Weight Training,"",1076,0,118.0,2,,,,activities/8140937732.fit.gz,,,1076.0,1076.0,0.0,0.0,0.0,0.0,,,,0.0,0.0,,,,,,101.0,,,81.0,,31.0,2.0,,,,,,,,,,,0.0,,0.0,,1.0,,,,,,,,,,,,,,,,,,,,,,,,,,,0.0,0.0,0.0,,,,,,,,,,,,,,,,,,,,,""
7622778944,"Aug 11, 2022, 3:51:05 PM",Evening Trail Run,Run,"",7286,11.08,177.0,132,,,,activities/8132290650.fit.gz,,,7286.0,6567.0,11081.5,4.138,1.687,1030.0,874.0,195.6,639.3,49.7,0.0,,,122.0,71.0,,148.0,,,977.0,,29.0,132.0,,,,,,,,,,,0.0,,0.0,,1.0,19120.5,,,,,,,,,,,,,,,,,,,,,,,,,,0.0,1.521,0.0,,,,,,,,,,,,,,,,,,,,,""
7622776618,"Aug 10, 2022, 5:01:48 PM",Evening Trail Run,Run,,2931,5.74,156.0,19,,,,activities/8132288135.fit.gz,,,2931.0,2882.0,5742.9,3.73,1.993,265.8,295.0,199.4,397.7,23.7,-0.1,,,118.0,73.0,,132.0,,,376.0,,28.0,19.0,,,,,,,,,,,,,0.0,,1.0,6851.3,,,,,,,,,,,,,,,,,,,,,,,,,,0.0,1.959,267.3,,,,,,,,,,,,,,,,,,,,,""
7610334154,"Aug 9, 2022, 4:48:20 PM",Recovery  Ride after techno 🕺,Ride,"",4176,27.92,168.0,37,,,,activities/8118519125.fit.gz,,,4176.0,4144.0,27922.7,12.847,6.738,260.0,266.0,36.4,199.8,11.9,0.0,,,,,,131.0,,,497.0,,28.0,37.0,,,,,,,,,,,0.0,,0.0,,1.0,,,,,,,,,,,,,,,,,,,,,,,,,,,0.0,6.686,0.0,,,,,,,,,,,,,,,,,,,,,""
7607375836,"Aug 8, 2022, 4:19:38 PM",Recovery gipedo after 20' άνοιγμα σε κάθε στροφή ,Run,"",3627,8.39,161.0,53,,,,activities/8115252901.fit.gz,,,3627.0,3329.0,8394.9,3.723,2.522,89.0,81.0,184.2,202.4,12.7,0.1,,,86.0,81.0,,144.0,,,498.0,,31.0,53.0,,,,,,,,,,,0.0,,0.0,,1.0,8560.5,,,,,,,,,,,,,,,,,,,,,,,,,,0.0,2.315,0.0,,,,,,,,,,,,,,,,,,,,,""
7607373160,"Aug 8, 2022, 8:53:03 AM","6. Booty , arms",Weight Training,"",4322,0,150.0,14,,,,activities/8115251070.fit.gz,,,4322.0,4322.0,0.0,0.0,0.0,0.0,,,,0.0,0.0,,,,,,108.0,,,254.0,,31.0,14.0,,,,,,,,,,,0.0,,0.0,,1.0,,,,,,,,,,,,,,,,,,,,,,,,,,,0.0,0.0,0.0,,,,,,,,,,,,,,,,,,,,,""
7599736867,"Aug 7, 2022, 4:15:34 PM",Agia paraskevi up down and half ,Run,"",6856,12.80,175.0,140,,,,activities/8106726345.fit.gz,,,6856.0,6479.0,12808.5,6.39,1.977,928.0,787.0,194.8,632.9,49.7,0.2,,,120.0,75.0,,150.0,,,956.0,,26.0,140.0,,,,,,,,,,,0.0,,0.0,,1.0,19510.4,,,,,,,,,,,,,,,,,,,,,,,,,,0.0,1.868,0.0,,,,,,,,,,,,,,,,,,,,,""
7593535096,"Aug 6, 2022, 3:25:00 PM",Σταυρός 😪,Run,"",6423,8.00,181.0,129,,,,activities/8099694534.fit.gz,,,6423.0,5669.0,8003.0,4.202,1.412,732.0,707.0,520.4,1218.6,49.5,0.3,,,111.0,65.0,,154.0,,,763.0,,29.0,129.0,,,,,,,,,,,0.0,,0.0,,1.0,12707.9,,,,,,,,,,,,,,,,,,,,,,,,,,0.0,1.246,7268.3,,,,,,,,,,,,,,,,,,,,,""
7588755916,"Aug 5, 2022, 4:26:35 PM",Lefki nixta run 🦮🐕‍🦺,Run,"",5788,10.82,174.0,87,,,,activities/8094381854.fit.gz,,,5788.0,5389.0,10826.8,4.442,2.009,502.0,501.0,199.2,507.2,38.6,0.1,,,116.0,75.0,,146.0,,,725.0,,30.0,87.0,,,,,,,,,,,0.0,,0.0,,1.0,12895.0,,,,,,,,,,,,,,,,,,,,,,,,,,0.0,1.871,0.0,,,,,,,,,,,,,,,,,,,,,""
7588754360,"Aug 4, 2022, 9:43:34 AM",Lunch Swim,Swim,,2629,203,,,,,,activities/8094380146.fit.gz,,,2629.0,623.0,203.1,0.998,0.326,2.2,1.0,-1.3,4.9,44.2,0.6,,,43.0,29.0,,,,,29.0,,27.0,,,,,,,,,,,,,,0.0,,1.0,,,,,,,,,,,,,,,,,,,,,,,,,,,0.0,0.077,0.0,,,,,,,,,,,,,,,,,,,,,""
7578147017,"Aug 3, 2022, 4:38:27 PM",🤢🌧️🌧️,Run,"",5013,7.80,163.0,42,,,,activities/8082590825.fit.gz,,,5013.0,4245.0,7806.1,3.367,1.839,407.0,404.0,199.8,434.8,43.5,0.0,,,123.0,75.0,,133.0,,,551.0,,25.0,42.0,,,,,,,,,,,0.0,,0.0,,1.0,9748.1,,,,,,,,,,,,,,,,,,,,,,,,,,0.0,1.557,0.0,,,,,,,,,,,,,,,,,,,,,""
7578145364,"Aug 3, 2022, 9:57:56 AM", booty. Abs . Arms,Weight Training,"",3977,0,156.0,15,,,,activities/8082588892.fit.gz,,,3977.0,3977.0,0.0,0.0,0.0,0.0,,,,0.0,0.0,,,,,,114.0,,,351.0,,30.0,15.0,,,,,,,,,,,0.0,,0.0,,1.0,,,,,,,,,,,,,,,,,,,,,,,,,,,0.0,0.0,0.0,,,,,,,,,,,,,,,,,,,,,""
7571803953,"Aug 2, 2022, 4:45:59 PM",4km easy 6 *100 4*200 3km barefoot 🦶🏻,Run,"",4364,10.01,178.0,75,,,,activities/8075567056.fit.gz,,,4364.0,3522.0,10016.2,5.818,2.844,22.0,23.0,207.2,211.0,23.4,0.0,,,93.0,87.0,,150.0,,,562.0,,30.0,75.0,,,,,,,,,,,0.0,,0.0,,1.0,10079.6,,,,,,,,,,,,,,,,,,,,,,,,,,0.0,2.295,0.0,,,,,,,,,,,,,,,,,,,,,""
7566166405,"Aug 1, 2022, 4:52:16 PM",Evening Trail Run,Run,,4970,9.89,172.0,93,,,,activities/8069345771.fit.gz,,,4970.0,4598.0,9897.4,4.372,2.153,500.0,495.0,199.6,437.0,28.3,0.0,,,117.0,78.0,,149.0,,,654.0,,29.0,93.0,,,,,,,,,,,,,0.0,,1.0,12010.6,,,,,,,,,,,,,,,,,,,,,,,,,,0.0,1.991,203.8,,,,,,,,,,,,,,,,,,,,,""
7566163445,"Aug 1, 2022, 9:22:33 AM",Lunch Stand Up Paddling,Stand Up Paddling,,2471,0.79,118.0,1,,,,activities/8069342609.fit.gz,,,2471.0,822.0,797.1,1.488,0.97,10.6,3.5,-1.0,11.2,40.3,0.9,,,48.0,29.0,,97.0,,,58.0,,33.0,1.0,,,,,,,,,,,,,0.0,,1.0,,,,,,,,,,,,,,,,,,,,,,,,,,,0.0,0.323,0.0,,,,,,,,,,,,,,,,,,,,,""
7566162538,"Jul 31, 2022, 1:22:37 PM",Afternoon Stand Up Paddling,Stand Up Paddling,,1440,0.67,109.0,1,,,,activities/8069341646.fit.gz,,,1440.0,646.0,671.5,2.047,1.039,11.9,6.5,-2.7,11.4,41.5,0.8,,,51.0,26.0,,101.0,,,50.0,,32.0,1.0,,,,,,,,,,,,,0.0,,1.0,,,,,,,,,,,,,,,,,,,,,,,,,,,0.0,0.466,0.0,,,,,,,,,,,,,,,,,,,,,""
7566161836,"Jul 31, 2022, 9:44:46 AM","4. Booty , arms , abs",Weight Training,"",2883,0,147.0,9,,,,activities/8069340839.fit.gz,,,2883.0,2883.0,0.0,0.0,0.0,0.0,,,,0.0,0.0,,,,,,109.0,,,237.0,,29.0,9.0,,,,,,,,,,,0.0,,0.0,,1.0,,,,,,,,,,,,,,,,,,,,,,,,,,,0.0,0.0,0.0,,,,,,,,,,,,,,,,,,,,,""
7555230651,"Jul 30, 2022, 4:20:48 PM",Evening Ride,Ride,"",6302,40.56,169.0,65,,,,activities/8057124795.fit.gz,,,6302.0,6252.0,40568.4,13.266,6.489,451.0,464.0,40.6,231.0,12.0,0.0,,,,,,135.0,,,753.0,,30.0,65.0,,,,,,,,,,,0.0,,0.0,,1.0,,,,,,,,,,,,,,,,,,,,,,,,,,,0.0,6.437,0.0,,,,,,,,,,,,,,,,,,,,,""
7555228520,"Jul 29, 2022, 12:36:12 PM",Afternoon Stand Up Paddling,Stand Up Paddling,,2388,0.56,128.0,1,,,,activities/8057122408.fit.gz,,,2388.0,633.0,563.9,1.558,0.891,0.0,-3.2,-2.4,3.4,46.4,0.6,,,87.0,27.0,,104.0,,,161.0,,32.0,1.0,,,,,,,,,,,,,0.0,,1.0,,,,,,,,,,,,,,,,,,,,,,,,,,,0.0,0.236,0.0,,,,,,,,,,,,,,,,,,,,,""
7555227895,"Jul 29, 2022, 8:59:14 AM",Back bend flex,Yoga,"",2961,0,110.0,4,,,,activities/8057121719.fit.gz,,,2961.0,2961.0,0.0,0.0,0.0,0.0,,,,0.0,0.0,,,,,,73.0,,,81.0,,32.0,4.0,,,,,,,,,,,0.0,,0.0,,1.0,,,,,,,,,,,,,,,,,,,,,,,,,,,0.0,0.0,0.0,,,,,,,,,,,,,,,,,,,,,""
7545124058,"Jul 28, 2022, 3:47:37 PM",Agia paraskevi kamini,Run,"",6588,10.34,167.0,109,,,,activities/8045881900.fit.gz,,,6588.0,5975.0,10347.6,3.666,1.732,695.1,544.0,196.3,659.3,49.8,0.0,,,120.0,73.0,,148.0,,,786.0,,32.0,109.0,,,,,,,,,,,0.0,,0.0,,1.0,15118.4,,,,,,,,,,,,,,,,,,,,,,,,,,0.0,1.571,0.0,,,,,,,,,,,,,,,,,,,,,""
7545122185,"Jul 28, 2022, 9:51:12 AM",Lunch Yoga,Yoga,,1193,0,95.0,1,,,,activities/8045879792.fit.gz,,,1193.0,1193.0,0.0,0.0,0.0,0.0,,,,0.0,0.0,,,,,,80.0,,,43.0,,31.0,1.0,,,,,,,,,,,,,0.0,,1.0,,,,,,,,,,,,,,,,,,,,,,,,,,,0.0,0.0,0.0,,,,,,,,,,,,,,,,,,,,,""
7545121961,"Jul 28, 2022, 8:34:19 AM","3. Legs ,booty , arms",Weight Training,"",4273,0,158.0,22,,,,activities/8045879436.fit.gz,,,4273.0,4273.0,0.0,0.0,0.0,0.0,,,,0.0,0.0,,,,,,122.0,,,400.0,,30.0,22.0,,,,,,,,,,,0.0,,0.0,,1.0,,,,,,,,,,,,,,,,,,,,,,,,,,,0.0,0.0,0.0,,,,,,,,,,,,,,,,,,,,,""
7539272986,"Jul 27, 2022, 5:21:42 PM",Recovery trail after 44,Run,"",3039,6.30,166.0,42,,,,activities/8039417695.fit.gz,,,3039.0,2923.0,6304.3,3.53,2.157,300.0,284.0,184.2,434.6,26.8,0.3,,,99.0,77.0,,142.0,,,405.0,,29.0,42.0,,,,,,,,,,,0.0,,0.0,,1.0,7523.1,,,,,,,,,,,,,,,,,,,,,,,,,,0.0,2.074,0.0,,,,,,,,,,,,,,,,,,,,,""
7539271400,"Jul 27, 2022, 9:08:34 AM",Day 2 full body ,Weight Training,"",3031,0,149.0,10,,,,activities/8039416010.fit.gz,,,3031.0,3031.0,0.0,0.0,0.0,0.0,,,,0.0,0.0,,,,,,110.0,,,244.0,,30.0,10.0,,,,,,,,,,,0.0,,0.0,,1.0,,,,,,,,,,,,,,,,,,,,,,,,,,,0.0,0.0,0.0,,,,,,,,,,,,,,,,,,,,,""
7533634368,"Jul 26, 2022, 5:19:51 PM",Recovery ride after zagori ,Ride,"",3390,21.05,152.0,18,,,,activities/8033202536.fit.gz,,,3390.0,3268.0,21049.4,12.08,6.441,227.0,232.0,43.4,201.2,12.6,0.0,,,,,,125.0,,,369.0,,29.0,18.0,,,,,,,,,,,0.0,,0.0,,1.0,,,,,,,,,,,,,,,,,,,,,,,,,,,0.0,6.209,0.0,,,,,,,,,,,,,,,,,,,,,""
7531568535,"Jul 26, 2022, 10:00:07 AM",1. Butt & stretch ,Weight Training,"",1302,0,125.0,2,,,,activities/8030936699.fit.gz,,,1302.0,1302.0,0.0,0.0,0.0,0.0,,,,0.0,0.0,,,,,,94.0,,,81.0,,31.0,2.0,,,,,,,,,,,0.0,,0.0,,1.0,,,,,,,,,,,,,,,,,,,,,,,,,,,0.0,0.0,0.0,,,,,,,,,,,,,,,,,,,,,""
7522910634,"Jul 24, 2022, 3:26:22 PM", Hike piges,Hike,"",2361,2.46,149.0,10,,,,activities/8021262505.fit.gz,,,2361.0,2261.0,2460.0,2.428,1.088,221.0,56.0,697.4,880.4,35.6,6.7,,,121.0,52.0,,120.0,,,252.0,,32.0,10.0,,,,,,,,,,,0.0,,0.0,,1.0,,,,,,,,,,,,,,,,,,,,,,,,,,,0.0,1.042,2044.6,,,,,,,,,,,,,,,,,,,,,""
7522909711,"Jul 24, 2022, 11:37:05 AM",Afternoon Hike,Hike,,1784,1.58,107.0,3,,,,activities/8021261432.fit.gz,,,1784.0,1599.0,1584.2,1.99,0.991,6.0,196.0,562.8,753.2,15.4,-12.0,,,124.0,61.0,,87.0,,,87.0,,36.0,3.0,,,,,,,,,,,,,0.0,,1.0,,,,,,,,,,,,,,,,,,,,,,,,,,,0.0,0.888,1584.2,,,,,,,,,,,,,,,,,,,,,""
7522908988,"Jul 24, 2022, 10:21:30 AM",Afternoon Hike,Hike,,2059,0.96,100.0,1,,,,activities/8021260650.fit.gz,,,2059.0,1130.0,960.8,3.436,0.85,2.0,43.0,940.6,983.4,27.2,-4.4,,,74.0,56.0,,83.0,,,84.0,,32.0,1.0,,,,,,,,,,,,,0.0,,1.0,,,,,,,,,,,,,,,,,,,,,,,,,,,0.0,0.467,124.3,,,,,,,,,,,,,,,,,,,,,""
7517036340,"Jul 23, 2022, 4:05:09 PM",Evening Trail Run,Run,,1358,1.89,135.0,4,,,,activities/8014669373.fit.gz,,,1358.0,1161.0,1898.6,3.321,1.635,111.0,12.0,764.0,874.8,25.0,5.2,,,124.0,61.0,,119.0,,,139.0,,27.0,4.0,,,,,,,,,,,,,0.0,,1.0,2399.7,,,,,,,,,,,,,,,,,,,,,,,,,,0.0,1.398,0.0,,,,,,,,,,,,,,,,,,,,,""
7517035670,"Jul 23, 2022, 3:12:01 PM",Evening Trail Run,Run,,1317,2.00,142.0,3,,,,activities/8014668648.fit.gz,,,1317.0,1103.0,2002.8,4.082,1.816,32.0,124.0,756.8,867.2,31.8,-4.5,,,123.0,72.0,,116.0,,,124.0,,32.0,3.0,,,,,,,,,,,,,0.0,,1.0,2057.7,,,,,,,,,,,,,,,,,,,,,,,,,,0.0,1.521,218.5,,,,,,,,,,,,,,,,,,,,,""
7517035257,"Jul 23, 2022, 3:00:53 AM",My first Marathon .Zagori 44+ ❤️‍🔥,Run,"",25778,42.97,169.0,545,,,,activities/8014667954.fit.gz,,,25778.0,24684.0,42976.9,14.674,1.741,2548.0,2517.0,565.4,1989.4,48.7,0.1,,,121.0,70.0,,149.0,,,2956.0,,26.0,545.0,,,,,,,,,,,0.0,,0.0,,1.0,58227.2,,,,,,,,,,,,,,,,,,,,,,,,,,0.0,1.667,23101.7,,,,,,,,,,,,,,,,,,,,,""
7517026398,"Jul 23, 2022, 2:42:57 AM",Morning Trail Run,Run,,656,0.96,142.0,1,,,,activities/8014658046.fit.gz,,,656.0,621.0,966.7,2.847,1.557,5.0,14.0,1060.6,1072.2,11.0,-1.0,,,121.0,79.0,,120.0,,,69.0,,23.0,1.0,,,,,,,,,,,,,0.0,,1.0,975.2,,,,,,,,,,,,,,,,,,,,,,,,,,0.0,1.474,219.7,,,,,,,,,,,,,,,,,,,,,""
7510049050,"Jul 21, 2022, 5:28:15 PM",Evening Trail Run,Run,,2528,3.75,157.0,21,,,,activities/8006917474.fit.gz,,,2528.0,2438.0,3757.3,3.373,1.541,255.0,241.0,1066.6,1304.2,49.8,0.2,,,120.0,73.0,,131.0,,,282.0,,26.0,21.0,,,,,,,,,,,,,0.0,,1.0,5412.0,,,,,,,,,,,,,,,,,,,,,,,,,,0.0,1.486,2401.0,,,,,,,,,,,,,,,,,,,,,""
7510047791,"Jul 20, 2022, 4:43:45 PM",Evening Run,Run,,2424,6.00,160.0,16,,,,activities/8006916168.fit.gz,,,2424.0,2279.0,6004.8,5.177,2.635,17.0,16.0,101.6,106.6,24.2,0.0,,,101.0,86.0,,133.0,,,314.0,,29.0,16.0,,,,,,,,,,,,,0.0,,1.0,6048.0,,,,,,,,,,,,,,,,,,,,,,,,,,0.0,2.477,0.0,,,,,,,,,,,,,,,,,,,,,""
7510046524,"Jul 19, 2022, 3:19:47 PM",Evening Run,Run,,2171,4.64,156.0,10,,,,activities/8006914847.fit.gz,,,2171.0,1845.0,4647.9,4.844,2.519,43.0,44.0,214.0,223.0,16.5,0.0,,,93.0,85.0,,134.0,,,253.0,,28.0,10.0,,,,,,,,,,,,,0.0,,1.0,4743.3,,,,,,,,,,,,,,,,,,,,,,,,,,0.0,2.141,4164.6,,,,,,,,,,,,,,,,,,,,,""
7490586172,"Jul 18, 2022, 4:42:58 PM",Evening Trail Run,Run,"",4056,9.60,175.0,51,,,,activities/7985530679.fit.gz,,,4056.0,3995.0,9600.4,4.072,2.403,279.0,278.0,208.0,444.4,47.9,0.0,,,106.0,80.0,,141.0,,,593.0,,27.0,51.0,,,,,,,,,,,0.0,,0.0,,1.0,10924.2,,,,,,,,,,,,,,,,,,,,,,,,,,0.0,2.367,8721.8,,,,,,,,,,,,,,,,,,,,,""
7485887964,"Jul 17, 2022, 4:33:57 PM",Last tempo before zagori,Run,"",5878,12.06,172.0,111,,,,activities/7980324764.fit.gz,,,5878.0,5861.0,12062.2,3.702,2.058,600.0,599.0,206.0,443.6,48.4,0.0,,,96.0,77.0,,146.0,,,813.0,,29.0,111.0,,,,,,,,,,,0.0,,0.0,,1.0,15135.6,,,,,,,,,,,,,,,,,,,,,,,,,,0.0,2.052,8753.2,,,,,,,,,,,,,,,,,,,,,""
7476394230,"Jul 16, 2022, 6:37:06 AM",Morning Trail Run,Run,"",4056,6.79,176.0,116,,,,activities/7969814077.fit.gz,,,4056.0,3945.0,6791.7,3.802,1.722,500.0,507.0,211.0,435.4,49.8,-0.1,,,103.0,71.0,,157.0,,,610.0,,32.0,116.0,,,,,,,,,,,0.0,,0.0,,1.0,10067.9,,,,,,,,,,,,,,,,,,,,,,,,,,0.0,1.674,4350.2,,,,,,,,,,,,,,,,,,,,,""
7476392165,"Jul 15, 2022, 4:59:56 PM",Evening Trail Run,Run,,2983,6.83,163.0,32,,,,activities/7969811840.fit.gz,,,2983.0,2688.0,6835.2,5.776,2.543,159.0,160.0,209.8,284.6,27.1,0.0,,,92.0,82.0,,140.0,,,396.0,,29.0,32.0,,,,,,,,,,,,,0.0,,1.0,7264.2,,,,,,,,,,,,,,,,,,,,,,,,,,0.0,2.291,5383.0,,,,,,,,,,,,,,,,,,,,,""
7471699063,"Jul 14, 2022, 4:37:41 PM",Evening Run,Run,,4016,10.06,165.0,54,,,,activities/7964584686.fit.gz,,,4016.0,3771.0,10062.7,4.996,2.668,28.0,29.0,256.4,262.8,24.5,0.0,,,121.0,86.0,,144.0,,,568.0,,26.0,54.0,,,,,,,,,,,,,0.0,,1.0,10141.5,,,,,,,,,,,,,,,,,,,,,,,,,,0.0,2.506,0.0,,,,,,,,,,,,,,,,,,,,,""
7471698224,"Jul 13, 2022, 5:31:22 PM",Evening Trail Run,Run,,1823,3.91,141.0,6,,,,activities/7964583519.fit.gz,,,1823.0,1729.0,3912.4,4.878,2.263,59.0,68.0,197.4,218.2,28.4,-0.1,,,84.0,79.0,,123.0,,,215.0,,27.0,6.0,,,,,,,,,,,,,0.0,,1.0,4097.7,,,,,,,,,,,,,,,,,,,,,,,,,,0.0,2.146,2305.3,,,,,,,,,,,,,,,,,,,,,""
7457862914,"Jul 12, 2022, 2:41:15 PM",Intense poikilara ❤️‍🔥,Run,"",5606,10.01,178.0,127,,,,activities/7949413946.fit.gz,,,5606.0,5514.0,10010.3,4.12,1.815,702.0,697.0,213.8,450.0,49.9,0.0,,,116.0,72.0,,151.0,,,791.0,,31.0,127.0,,,,,,,,,,,0.0,,0.0,,1.0,14334.9,,,,,,,,,,,,,,,,,,,,,,,,,,0.0,1.786,5818.3,,,,,,,,,,,,,,,,,,,,,""
7446040902,"Jul 10, 2022, 7:41:06 AM",Looong epic,Run,"",14850,25.66,178.0,332,,,,activities/7936445301.fit.gz,,,14850.0,14830.0,25661.4,3.542,1.73,1226.0,1206.0,247.8,925.4,48.9,0.1,,,121.0,75.0,,151.0,,,1867.0,,28.0,332.0,,,,,,,,,,,0.0,,0.0,,1.0,31749.1,,,,,,,,,,,,,,,,,,,,,,,,,,0.0,1.728,22830.0,,,,,,,,,,,,,,,,,,,,,""
7446032393,"Jul 9, 2022, 4:53:41 PM",Evening Hike,Hike,"",3678,2.58,136.0,6,,,,activities/7936435894.fit.gz,,,3678.0,3003.0,2582.4,2.816,0.86,153.0,121.0,1027.0,1155.6,48.9,1.4,,,85.0,54.0,,91.0,,,200.0,,19.0,6.0,,,,,,,,,,,0.0,,0.0,,1.0,,,,,,,,,,,,,,,,,,,,,,,,,,,0.0,0.702,2573.7,,,,,,,,,,,,,,,,,,,,,""
7439090122,"Jul 9, 2022, 8:13:57 AM",Lunch Trail Run,Run,,3801,8.01,157.0,44,,,,activities/7928785002.fit.gz,,,3801.0,3776.0,8010.2,5.066,2.121,265.0,264.0,218.8,442.6,36.2,0.0,,,85.0,80.0,,140.0,,,500.0,,30.0,44.0,,,,,,,,,,,,,0.0,,1.0,8840.4,,,,,,,,,,,,,,,,,,,,,,,,,,0.0,2.107,7417.0,,,,,,,,,,,,,,,,,,,,,""
7436417248,"Jul 8, 2022, 3:53:17 PM",Evening Run,Run,,4957,11.04,180.0,63,,,,activities/7925835632.fit.gz,,,4957.0,4525.0,11046.6,5.093,2.441,54.0,55.0,253.0,259.4,19.8,0.0,,,96.0,87.0,,145.0,,,652.0,,27.0,63.0,,,,,,,,,,,,,0.0,,1.0,11134.0,,,,,,,,,,,,,,,,,,,,,,,,,,0.0,2.228,8784.8,,,,,,,,,,,,,,,,,,,,,""
7431421095,"Jul 7, 2022, 4:09:59 PM",Evening Trail Run,Run,"",7490,17.14,180.0,185,,,,activities/7920367324.fit.gz,,,7490.0,7362.0,17148.9,3.76,2.329,532.0,534.0,104.6,406.8,47.2,0.0,,,90.0,81.0,,153.0,,,1116.0,,28.0,185.0,,,,,,,,,,,0.0,,0.0,,1.0,19107.5,,,,,,,,,,,,,,,,,,,,,,,,,,0.0,2.29,13263.2,,,,,,,,,,,,,,,,,,,,,""
7421706274,"Jul 5, 2022, 3:55:35 PM",8 λεπτές αναβασεις,Run,"",5370,8.13,167.0,65,,,,activities/7909751388.fit.gz,,,5370.0,5330.0,8132.9,3.64,1.526,643.0,636.0,216.0,441.2,49.2,0.1,,,111.0,70.0,,140.0,,,648.0,,29.0,65.0,,,,,,,,,,,0.0,,0.0,,1.0,12333.3,,,,,,,,,,,,,,,,,,,,,,,,,,0.0,1.515,2788.4,,,,,,,,,,,,,,,,,,,,,""
7421704549,"Jul 4, 2022, 4:45:10 PM",Evening Run,Run,,3861,8.31,165.0,52,,,,activities/7909749519.fit.gz,,,3861.0,3559.0,8309.2,4.79,2.335,90.0,91.0,195.8,215.6,23.4,0.0,,,106.0,83.0,,144.0,,,489.0,,28.0,52.0,,,,,,,,,,,,,0.0,,1.0,8527.2,,,,,,,,,,,,,,,,,,,,,,,,,,0.0,2.152,7704.5,,,,,,,,,,,,,,,,,,,,,""
7404689653,"Jul 2, 2022, 3:10:04 PM",Ξαφνικός πυρετός 🥺,Run,"",10371,16.07,173.0,195,,,,activities/7891048460.fit.gz,,,10371.0,10146.0,16076.5,3.792,1.585,1030.0,1046.0,416.0,1037.6,49.8,-0.1,,,124.0,70.0,,149.0,,,1253.0,,27.0,195.0,,,,,,,,,,,0.0,,0.0,,1.0,22175.2,,,,,,,,,,,,,,,,,,,,,,,,,,0.0,1.55,13298.8,,,,,,,,,,,,,,,,,,,,,""
7394449652,"Jun 30, 2022, 5:58:29 PM",Evening Run,Run,,1198,3.16,152.0,15,,,,activities/7879840773.fit.gz,,,1198.0,1187.0,3165.7,4.644,2.667,23.0,23.0,90.2,109.6,9.8,0.0,,,89.0,86.0,,141.0,,,175.0,,30.0,15.0,,,,,,,,,,,,,0.0,,1.0,3194.3,,,,,,,,,,,,,,,,,,,,,,,,,,0.0,2.642,0.0,,,,,,,,,,,,,,,,,,,,,""
7394448938,"Jun 30, 2022, 4:35:05 PM",Evening Ride,Ride,"",4674,30.01,163.0,32,,,,activities/7879839908.fit.gz,,,4674.0,4601.0,30016.7,14.836,6.524,227.0,300.0,73.4,168.8,16.9,-0.2,,,,,,126.0,,,471.0,,30.0,32.0,,,,,,,,,,,0.0,,0.0,,1.0,,,,,,,,,,,,,,,,,,,,,,,,,,,0.0,6.422,0.0,,,,,,,,,,,,,,,,,,,,,""
7394437385,"Jun 30, 2022, 3:24:11 PM",Evening Swim,Swim,,920,165,73.0,1,,,,activities/7879827539.fit.gz,,,920.0,913.0,165.0,1.25,0.181,0.0,,,,0.0,0.0,,,,25.0,,73.0,,,33.0,,,1.0,,,,,,,,,,,,,0.0,,1.0,,,,,,,,,,,,,,,,,,,,,,,,,,,0.0,0.179,0.0,,,,,,,,,,,,,,,,,,,,,""
7394437098,"Jun 30, 2022, 12:42:30 PM",Afternoon Ride,Ride,"",1927,10.60,156.0,18,,,,activities/7879827206.fit.gz,,,1927.0,1826.0,10605.1,9.856,5.808,131.0,52.0,81.4,174.2,50.0,0.7,,,,,,134.0,,,266.0,,34.0,18.0,,,,,,,,,,,0.0,,0.0,,1.0,,,,,,,,,,,,,,,,,,,,,,,,,,,0.0,5.503,0.0,,,,,,,,,,,,,,,,,,,,,""
7385901196,"Jun 28, 2022, 7:16:41 AM",Morning Trail Run,Run,"",4268,8.71,181.0,61,,,,activities/7870503116.fit.gz,,,4268.0,3866.0,8719.0,7.226,2.255,181.0,180.0,197.6,346.6,26.0,0.0,,,93.0,82.0,,146.0,,,540.0,,32.0,61.0,,,,,,,,,,,0.0,,0.0,,1.0,9240.8,,,,,,,,,,,,,,,,,,,,,,,,,,0.0,2.043,6565.4,,,,,,,,,,,,,,,,,,,,,""
7385900010,"Jun 27, 2022, 5:16:00 PM",Evening Run,Run,,2763,6.10,165.0,12,,,,activities/7870501816.fit.gz,,,2763.0,2314.0,6101.5,5.69,2.637,51.0,48.0,84.2,107.8,12.4,0.0,,,97.0,85.0,,130.0,,,313.0,,30.0,12.0,,,,,,,,,,,,,0.0,,1.0,6178.4,,,,,,,,,,,,,,,,,,,,,,,,,,0.0,2.208,0.0,,,,,,,,,,,,,,,,,,,,,""
7375205434,"Jun 26, 2022, 4:37:52 PM",Evening Trail Run,Run,,3379,7.37,151.0,22,,,,activities/7858830089.fit.gz,,,3379.0,3286.0,7375.2,3.169,2.244,208.0,213.0,210.6,359.4,31.3,-0.1,,,90.0,81.0,,131.0,,,443.0,,28.0,22.0,,,,,,,,,,,,,0.0,,1.0,8087.3,,,,,,,,,,,,,,,,,,,,,,,,,,0.0,2.183,5258.2,,,,,,,,,,,,,,,,,,,,,""
7368114071,"Jun 25, 2022, 3:55:38 PM",Evening Stand Up Paddling,Stand Up Paddling,,3979,3.57,137.0,9,,,,activities/7850996911.fit.gz,,,3979.0,2806.0,3570.5,3.918,1.272,13.9,15.1,863.8,886.6,32.9,0.0,,,51.0,25.0,,114.0,,,304.0,,30.0,9.0,,,,,,,,,,,,,0.0,,1.0,,,,,,,,,,,,,,,,,,,,,,,,,,,0.0,0.897,0.0,,,,,,,,,,,,,,,,,,,,,""
7366446126,"Jun 25, 2022, 9:49:59 AM",Dont follow my downhill dude 🚓,Run,"",15538,17.52,184.0,244,,,,activities/7849151623.fit.gz,,,15538.0,10446.0,17525.8,4.366,1.678,1320.9,1344.0,872.2,2080.6,49.7,0.0,,,124.0,68.0,,151.0,,,1725.0,,30.0,244.0,,,,,,,,,,,0.0,,0.0,,1.0,26629.1,,,,,,,,,,,,,,,,,,,,,,,,,,0.0,1.128,9270.9,,,,,,,,,,,,,,,,,,,,,""
7357412847,"Jun 23, 2022, 4:36:57 PM",100' χαλαρό ,Run,"",6789,14.28,190.0,196,,,,activities/7839248942.fit.gz,,,6789.0,6735.0,14279.2,4.003,2.12,725.9,695.0,212.2,448.7,50.0,0.0,,,103.0,76.0,,156.0,,,982.0,,29.0,196.0,,,,,,,,,,,0.0,,0.0,,1.0,18158.9,,,,,,,,,,,,,,,,,,,,,,,,,,0.0,2.103,10726.3,,,,,,,,,,,,,,,,,,,,,""
7349604896,"Jun 21, 2022, 3:32:33 PM",Evening Run,Run,,4233,10.51,184.0,47,,,,activities/7830740392.fit.gz,,,4233.0,3985.0,10515.0,5.464,2.639,48.0,47.0,252.2,258.2,21.6,0.0,,,115.0,86.0,,141.0,,,576.0,,29.0,47.0,,,,,,,,,,,,,0.0,,1.0,10644.4,1655823616.0,1.0,32.2,32.2,13.6,0.32,1010.0,3.1,5.0,108.0,0.0,1655780608.0,1655833856.0,0.77,,,0.0,,0.02,16093.0,2.0,304.5,,,,0.0,2.484,8057.3,,,,,,,,,,,,,,,,,,,,,""
7341534433,"Jun 20, 2022, 6:05:19 PM",Night Run,Run,,860,2.34,149.0,4,,,,activities/7821951045.fit.gz,,,860.0,857.0,2341.3,3.915,2.732,7.0,6.0,102.8,106.4,7.3,0.0,,,89.0,87.0,,133.0,,,130.0,,26.0,4.0,,,,,,,,,,,,,0.0,,1.0,2355.5,1655747968.0,1.0,25.0,25.0,13.1,0.48,1012.9,2.1,2.6,174.0,0.0,1655694208.0,1655747584.0,0.74,,,0.0,,0.12,16093.0,0.0,312.3,,,,0.0,2.722,0.0,,,,,,,,,,,,,,,,,,,,,""
7341533985,"Jun 20, 2022, 5:18:28 PM",Evening Ride,Ride,"",2604,16.64,141.0,8,,,,activities/7821950543.fit.gz,,,2604.0,2499.0,16642.0,11.926,6.659,133.0,136.0,82.0,115.6,8.8,0.0,,,,,,116.0,,,240.0,,26.0,8.0,,,,,,,,,,,0.0,,0.0,,1.0,,1655744384.0,1.0,26.3,26.3,13.6,0.46,1012.7,2.9,3.5,200.0,0.0,1655694208.0,1655747584.0,0.74,,,0.0,,0.19,16093.0,0.0,322.2,,,,0.0,6.391,0.0,,,,,,,,,,,,,,,,,,,,,""
7334058948,"Jun 19, 2022, 10:03:15 AM",Afternoon Ride,Ride,"",7602,45.66,143.0,26,,,,activities/7813719550.fit.gz,,,7602.0,7320.0,45664.3,11.928,6.238,473.0,477.0,143.8,216.4,17.0,0.0,,,,,,116.0,,,610.0,,31.0,26.0,,,,,,,,,,,0.0,,0.0,,1.0,,1655632768.0,1.0,26.0,26.0,13.7,0.47,1015.7,7.2,10.9,13.0,0.0,1655607808.0,1655661056.0,0.7,,,0.0,,0.09,16093.0,10.0,310.1,,,,0.0,6.007,310.3,,,,,,,,,,,,,,,,,,,,,""
7327985519,"Jun 18, 2022, 8:30:06 AM",Lunch Trail Run,Run,"",7357,13.00,178.0,163,,,,activities/7807020905.fit.gz,,,7357.0,7012.0,13002.8,4.25,1.854,838.0,825.0,375.6,1151.6,48.7,0.1,,,123.0,71.0,,151.0,,,927.0,,26.0,163.0,,,,,,,,,,,0.0,,0.0,,1.0,17789.0,1655539200.0,1.0,24.7,24.7,13.0,0.48,1014.1,5.5,9.6,357.0,0.0,1655521408.0,1655574784.0,0.67,,,0.0,,0.18,16093.0,6.0,323.1,,,,0.0,1.767,12139.2,,,,,,,,,,,,,,,,,,,,,""
7327981482,"Jun 17, 2022, 1:45:46 PM",Afternoon Hike,Hike,,5498,3.36,125.0,6,,,,activities/7807016495.fit.gz,,,5498.0,3603.0,3368.2,7.281,0.935,126.0,152.0,1046.0,1187.6,49.5,-0.7,,,121.0,55.0,,81.0,,,207.0,,24.0,6.0,,,,,,,,,,,,,0.0,,1.0,,1655470848.0,1.0,24.5,24.5,6.8,0.32,1014.4,4.1,6.1,15.0,0.0,1655435008.0,1655488256.0,0.63,,,0.0,,0.18,16093.0,6.0,326.8,,,,0.0,0.613,3340.4,,,,,,,,,,,,,,,,,,,,,""
7327979503,"Jun 16, 2022, 3:23:17 PM",Evening Run,Run,,3564,9.59,177.0,69,,,,activities/7807014324.fit.gz,,,3564.0,3414.0,9598.9,4.634,2.812,65.0,65.0,252.0,260.6,44.4,0.0,,,106.0,85.0,,149.0,,,531.0,,29.0,69.0,,,,,,,,,,,,,0.0,,1.0,9715.3,1655391616.0,1.0,27.5,27.5,10.5,0.35,1015.7,5.1,7.4,21.0,0.0,1655348608.0,1655401856.0,0.59,,,0.0,,0.18,16093.0,2.0,330.2,,,,0.0,2.693,9598.9,,,,,,,,,,,,,,,,,,,,,""
7316988756,"Jun 15, 2022, 4:02:16 PM",Evening Ride,Ride,"",1802,11.12,128.0,4,,,,activities/7794967836.fit.gz,,,1802.0,1778.0,11119.8,12.086,6.254,54.0,135.0,83.2,183.8,8.8,-0.7,,,,,,105.0,,,141.0,,30.0,4.0,,,,,,,,,,,0.0,,0.0,,1.0,,1655308800.0,2.0,26.8,26.9,13.0,0.42,1015.4,4.8,7.1,32.0,0.0,1655262208.0,1655315456.0,0.55,,,0.0,,0.54,16093.0,1.0,326.0,,,,0.0,6.171,0.0,,,,,,,,,,,,,,,,,,,,,""
7312545206,"Jun 15, 2022, 11:16:43 AM",Afternoon Ride,Ride,"",2233,10.92,139.0,9,,,,activities/7790143338.fit.gz,,,2233.0,2141.0,10921.2,9.022,5.101,130.0,54.0,76.6,176.6,11.1,0.7,,,,,,123.0,,,243.0,,33.0,9.0,,,,,,,,,,,0.0,,0.0,,1.0,,1655290752.0,2.0,29.7,29.7,16.1,0.44,1016.1,4.2,6.6,25.0,0.0,1655262208.0,1655315456.0,0.55,,,0.01,5.0,0.5,16093.0,7.0,325.7,,,,0.0,4.891,74.2,,,,,,,,,,,,,,,,,,,,,""
7308434906,"Jun 14, 2022, 4:09:00 PM",8*2.30' uphill,Run,"",5002,9.81,175.0,75,,,,activities/7785672917.fit.gz,,,5002.0,4518.0,9817.7,4.777,2.173,411.0,411.0,252.4,447.6,40.7,0.0,,,123.0,75.0,,146.0,,,672.0,,29.0,75.0,,,,,,,,,,,0.0,,0.0,,1.0,12287.6,1655222400.0,2.0,29.5,29.5,11.7,0.33,1012.2,2.8,4.7,20.0,0.0,1655175808.0,1655229056.0,0.51,,,0.01,5.0,0.4,16093.0,1.0,320.7,,,,0.0,1.963,5951.1,,,,,,,,,,,,,,,,,,,,,""
7308431380,"Jun 13, 2022, 4:19:20 PM",Evening Trail Run,Run,,4007,8.57,161.0,32,,,,activities/7785669148.fit.gz,,,4007.0,3595.0,8569.8,5.502,2.384,180.0,194.0,212.2,359.2,30.8,-0.2,,,112.0,80.0,,135.0,,,481.0,,27.0,32.0,,,,,,,,,,,,,0.0,,1.0,9119.0,1655136000.0,2.0,28.2,28.2,11.5,0.36,1009.9,3.8,5.8,12.0,0.0,1655089408.0,1655142656.0,0.47,,,0.0,,0.52,16093.0,1.0,325.3,,,,0.0,2.139,8128.0,,,,,,,,,,,,,,,,,,,,,""
7308428414,"Jun 12, 2022, 4:12:56 PM",Evening Stand Up Paddling,Stand Up Paddling,,3929,3.48,103.0,5,,,,activities/7785665789.fit.gz,,,3929.0,2724.0,3481.5,1.81,1.278,0.0,-0.5,-0.6,1.0,6.6,0.0,,,55.0,27.0,,89.0,,,178.0,,28.0,5.0,,,,,,,,,,,,,0.0,,1.0,,1655049600.0,2.0,27.2,27.8,16.4,0.52,1009.4,3.9,6.8,29.0,0.0,1655003136.0,1655056384.0,0.43,,,0.02,5.0,0.6,16093.0,1.0,321.1,,,,0.0,0.886,0.0,,,,,,,,,,,,,,,,,,,,,""
7293128747,"Jun 11, 2022, 9:33:51 AM",Megali ntouskia ,Run,"",12740,18.85,179.0,280,,,,activities/7768945506.fit.gz,,,12740.0,12540.0,18851.9,4.3,1.503,1079.0,1057.0,79.2,1062.6,49.6,0.1,,,123.0,67.0,,154.0,,,1511.0,,28.0,280.0,,,,,,,,,,,0.0,,0.0,,1.0,24852.7,1654937984.0,2.0,23.4,23.5,16.3,0.64,1007.1,2.3,3.8,311.0,0.1,1654916736.0,1654969856.0,0.39,,,0.03,5.0,0.87,16093.0,4.0,349.1,,,,0.0,1.48,0.0,,,,,,,,,,,,,,,,,,,,,""
7280878103,"Jun 9, 2022, 2:31:11 PM",2x6*250 m  2' run ,Run,"",3943,9.60,186.0,105,,,,activities/7755559329.fit.gz,,,3943.0,3701.0,9606.8,4.669,2.596,189.0,188.0,276.0,372.8,35.1,0.0,,,116.0,82.0,,155.0,,,573.0,,29.0,105.0,,,,,,,,,,,0.0,,0.0,,1.0,10123.5,1654783232.0,2.0,25.9,26.0,15.8,0.53,1006.7,3.9,4.7,179.0,0.1,1654743808.0,1654796928.0,0.32,,,0.03,5.0,0.4,16093.0,4.0,321.8,,,,0.0,2.436,9133.3,,,,,,,,,,,,,,,,,,,,,""
7280876015,"Jun 8, 2022, 4:56:30 PM",Evening Weight Training,Weight Training,,2615,0,146.0,8,,,,activities/7755557056.fit.gz,,,2615.0,2615.0,0.0,0.0,0.0,0.0,,,,0.0,0.0,,,,,,108.0,,,211.0,,29.0,8.0,,,,,,,,,,,,,0.0,,1.0,,,,,,,,,,,,,,,,,,,,,,,,,,,0.0,0.0,0.0,,,,,,,,,,,,,,,,,,,,,""
7280875267,"Jun 8, 2022, 4:01:49 PM",Evening Ride,Ride,"",1980,11.18,125.0,4,,,,activities/7755556378.fit.gz,,,1980.0,1819.0,11179.1,11.282,6.146,50.0,130.0,80.8,183.6,9.9,-0.7,,,,,,103.0,,,142.0,,28.0,4.0,,,,,,,,,,,0.0,,0.0,,1.0,,1654704000.0,2.0,25.1,25.1,13.8,0.5,1009.1,3.8,4.9,187.0,0.2,1654657408.0,1654710400.0,0.29,,,0.03,5.0,0.66,16093.0,1.0,314.6,,,,0.0,5.646,0.0,,,,,,,,,,,,,,,,,,,,,""
7280873452,"Jun 8, 2022, 11:19:55 AM",Afternoon Ride,Ride,"",2292,11.28,139.0,7,,,,activities/7755554335.fit.gz,,,2292.0,2184.0,11288.8,9.11,5.169,127.0,47.0,78.2,180.0,15.5,0.7,,,,,,113.0,,,208.0,,32.0,7.0,,,,,,,,,,,0.0,,0.0,,1.0,,1654685952.0,2.0,28.3,28.6,16.4,0.49,1009.9,4.3,4.3,190.0,0.0,1654657408.0,1654710528.0,0.29,,,0.01,5.0,0.54,16093.0,7.0,312.6,,,,0.0,4.925,0.0,,,,,,,,,,,,,,,,,,,,,""
7270645920,"Jun 7, 2022, 3:05:01 PM",90' full paths,Run,"",5858,10.02,174.0,106,,,,activities/7744496414.fit.gz,,,5858.0,5793.0,10022.1,4.32,1.73,706.0,707.0,214.2,450.2,50.0,0.0,,,112.0,73.0,,147.0,,,760.0,,26.0,106.0,,,,,,,,,,,0.0,,0.0,,1.0,14454.6,1654614016.0,2.0,25.4,25.5,16.5,0.58,1010.0,3.6,4.2,84.0,0.1,1654571008.0,1654624000.0,0.25,,,0.02,5.0,0.84,16093.0,2.0,303.4,,,,0.0,1.711,7316.5,,,,,,,,,,,,,,,,,,,,,""
7259121510,"Jun 5, 2022, 11:07:56 AM",Afternoon Run,Run,"",7034,11.00,163.0,68,,,,activities/7731884764.fit.gz,,,7034.0,6543.0,11003.3,3.574,1.682,581.0,558.0,381.2,881.0,49.6,0.2,,,115.0,69.0,,138.0,,,799.0,,32.0,68.0,,,,,,,,,,,0.0,,0.0,,1.0,14198.8,1654426752.0,1.0,30.5,30.5,15.8,0.41,1013.5,4.5,7.1,21.0,0.0,1654398208.0,1654451200.0,0.19,,,0.0,,0.29,16093.0,8.0,315.7,,,,0.0,1.564,9084.2,,,,,,,,,,,,,,,,,,,,,""
7255372904,"Jun 4, 2022, 4:55:52 PM",Evening Run,Run,"",4950,8.16,185.0,99,,,,activities/7727766821.fit.gz,,,4950.0,4611.0,8165.2,4.202,1.771,630.0,631.0,259.6,447.6,49.8,0.0,,,116.0,71.0,,150.0,,,706.0,,27.0,99.0,,,,,,,,,,,0.0,,0.0,,1.0,12392.3,1654358400.0,1.0,29.0,29.0,10.9,0.33,1013.7,5.7,9.8,9.0,0.0,1654311936.0,1654364672.0,0.16,,,0.0,,0.29,16093.0,1.0,315.2,,,,0.0,1.65,3187.0,,,,,,,,,,,,,,,,,,,,,""
7255370532,"Jun 3, 2022, 3:27:20 PM",Evening Run,Run,,3649,6.23,160.0,11,,,,activities/7727764240.fit.gz,,,3649.0,3212.0,6237.4,4.784,1.942,49.0,97.0,256.6,315.8,26.9,-0.8,,,98.0,78.0,,125.0,,,356.0,,31.0,11.0,,,,,,,,,,,,,0.0,,1.0,6335.6,1654268416.0,1.0,30.9,30.9,14.5,0.37,1013.7,8.2,14.3,17.0,0.0,1654225536.0,1654278272.0,0.13,,,0.0,,0.0,16093.0,2.0,324.3,,,,0.0,1.709,5940.5,,,,,,,,,,,,,,,,,,,,,""
7255369401,"Jun 2, 2022, 4:39:11 PM",Evening Activity,Weight Training,,1817,0,142.0,5,,,,activities/7727762986.fit.gz,,,1817.0,1817.0,0.0,0.0,0.0,0.0,,,,0.0,0.0,,,,,,106.0,,,146.0,,31.0,5.0,,,,,,,,,,,,,0.0,,1.0,,,,,,,,,,,,,,,,,,,,,,,,,,,0.0,0.0,0.0,,,,,,,,,,,,,,,,,,,,,""
7255369138,"Jun 2, 2022, 3:31:09 PM",Evening Ride,Ride,"",3109,11.50,158.0,24,,"",,activities/7727762661.fit.gz,,,3109.0,2862.0,11508.9,14.876,4.021,301.0,304.0,103.8,284.4,16.8,0.0,,,,,,127.0,,,319.0,,31.0,24.0,,,,,,,,,,,0.0,,0.0,,1.0,,1654182016.0,1.0,29.3,29.3,11.4,0.33,1012.1,6.0,10.6,10.0,0.0,1654139136.0,1654191872.0,0.1,,,0.0,,0.0,16093.0,2.0,333.5,,,,0.0,3.702,4282.8,,,,,,,,,,,,,,,,,,,,,""
7255367862,"Jun 1, 2022, 5:10:58 PM",Evening Activity,Weight Training,,1974,0,145.0,5,,,,activities/7727761267.fit.gz,,,1974.0,1974.0,0.0,0.0,0.0,0.0,,,,0.0,0.0,,,,,,98.0,,,142.0,,30.0,5.0,,,,,,,,,,,,,0.0,,1.0,,,,,,,,,,,,,,,,,,,,,,,,,,,0.0,0.0,0.0,,,,,,,,,,,,,,,,,,,,,""
7255367358,"Jun 1, 2022, 6:12:19 AM",Morning Run,Run,,1730,5.00,163.0,38,,,,activities/7727760779.fit.gz,,,1730.0,1723.0,5004.3,4.473,2.904,16.0,15.0,103.4,107.6,5.1,0.0,,,90.0,87.0,,150.0,,,279.0,,31.0,38.0,,,,,,,,,,,,,0.0,,1.0,5033.8,1654063232.0,1.0,26.5,26.5,15.1,0.5,1014.8,1.3,2.1,344.0,0.0,1654052736.0,1654105344.0,0.07,,,0.0,,0.19,16093.0,2.0,337.8,,,,0.0,2.893,0.0,,,,,,,,,,,,,,,,,,,,,""
7232823235,"May 31, 2022, 3:34:28 PM",Evening Ride,Ride,"",4058,25.45,162.0,30,,,,activities/7703257341.fit.gz,,,4058.0,3898.0,25456.1,11.898,6.531,212.0,217.0,83.2,167.0,12.4,0.0,,,,,,126.0,,,419.0,,30.0,30.0,,,,,,,,,,,0.0,,0.0,,1.0,,1654009216.0,2.0,29.4,29.4,14.0,0.39,1013.2,2.3,4.1,126.0,0.1,1653966336.0,1654018944.0,0.04,,,0.01,5.0,0.65,16093.0,2.0,330.3,,,,0.0,6.273,0.0,,,,,,,,,,,,,,,,,,,,,""
7222196019,"May 29, 2022, 7:14:40 AM",Armeno gate ,Run,"",5344,11.01,181.0,247,,,,activities/7691569945.fit.gz,,,5344.0,5263.0,11018.2,4.783,2.094,637.0,628.0,98.8,616.6,50.0,0.1,,,123.0,74.0,,169.0,,,952.0,,30.0,247.0,,,,,,,,,,,0.0,,0.0,,1.0,14403.4,1653807616.0,1.0,25.5,25.6,16.6,0.58,1007.1,4.3,6.3,139.0,0.0,1653793536.0,1653845888.0,0.98,,,0.01,5.0,0.27,16093.0,4.0,322.9,,,,0.0,2.062,3325.9,,,,,,,,,,,,,,,,,,,,,""
7222191475,"May 29, 2022, 6:55:31 AM",Morning Run,Run,,711,1.29,168.0,12,,,,activities/7691566014.fit.gz,,,711.0,656.0,1298.4,4.326,1.979,56.0,50.0,101.8,135.2,30.6,0.2,,,123.0,81.0,,150.0,,,106.0,,31.0,12.0,,,,,,,,,,,,,0.0,,1.0,1572.9,1653804032.0,1.0,24.7,24.7,16.2,0.59,1007.2,4.0,6.3,142.0,0.0,1653793536.0,1653845888.0,0.98,,,0.0,,0.13,16093.0,2.0,322.3,,,,0.0,1.826,0.0,,,,,,,,,,,,,,,,,,,,,""
7215720095,"May 27, 2022, 2:05:07 PM",Afternoon Run,Run,,2908,7.34,169.0,55,,,,activities/7684473677.fit.gz,,,2908.0,2579.0,7348.4,5.682,2.849,22.0,29.0,100.8,118.2,17.3,-0.1,,,95.0,86.0,,151.0,,,410.0,,33.0,55.0,,,,,,,,,,,,,0.0,,1.0,7372.8,1653660032.0,1.0,31.6,31.6,13.4,0.33,1015.2,2.3,2.7,146.0,0.0,1653620864.0,1653673216.0,0.91,,,0.0,,0.0,16093.0,4.0,325.1,,,,0.0,2.527,0.0,,,,,,,,,,,,,,,,,,,,,""
7215718838,"May 26, 2022, 4:36:27 PM",Evening Ride,Ride,,2205,13.30,139.0,8,,,,activities/7684472349.fit.gz,,,2205.0,2179.0,13299.3,11.197,6.103,88.0,92.0,77.4,113.2,6.8,0.0,,,,,,120.0,,,229.0,,29.0,8.0,,,,,,,,,,,,,0.0,,1.0,,1653580800.0,1.0,28.5,28.5,11.3,0.34,1016.5,2.0,2.3,183.0,0.0,1653534592.0,1653586688.0,0.88,,,0.0,,0.04,16093.0,1.0,327.4,,,,0.0,6.031,0.0,,,,,,,,,,,,,,,,,,,,,""
7215717882,"May 25, 2022, 5:08:42 PM",Evening Activity,Yoga,,1017,0,101.0,1,,,,activities/7684471276.fit.gz,,,1017.0,1017.0,0.0,0.0,0.0,0.0,,,,0.0,0.0,,,,,,76.0,,,30.0,,31.0,1.0,,,,,,,,,,,,,0.0,,1.0,,,,,,,,,,,,,,,,,,,,,,,,,,,0.0,0.0,0.0,,,,,,,,,,,,,,,,,,,,,""
7200860653,"May 25, 2022, 2:20:16 PM",Afternoon Run,Run,"",3528,6.89,164.0,52,,,,activities/7668294645.fit.gz,,,3528.0,3432.0,6896.8,3.842,2.01,337.0,339.0,246.4,445.0,47.5,-0.1,,,92.0,77.0,,142.0,,,477.0,,30.0,52.0,,,,,,,,,,,0.0,,0.0,,1.0,8837.0,1653487232.0,1.0,28.8,28.8,11.7,0.35,1016.2,2.9,3.0,182.0,0.0,1653448192.0,1653500288.0,0.85,,,0.0,,0.01,16093.0,4.0,341.0,,,,0.0,1.955,4889.0,,,,,,,,,,,,,,,,,,,,,""
7195934229,"May 24, 2022, 3:57:52 PM",Evening Run,Run,"",3656,8.00,190.0,64,,,,activities/7662963298.fit.gz,,,3656.0,3580.0,8009.0,3.88,2.237,232.0,245.0,253.8,446.8,18.8,-0.2,,,124.0,82.0,,148.0,,,501.0,,27.0,64.0,,,,,,,,,,,0.0,,0.0,,1.0,8845.0,1653404416.0,1.0,28.7,28.7,13.5,0.39,1011.7,3.2,3.2,181.0,0.0,1653361792.0,1653413760.0,0.82,,,0.0,,0.02,16093.0,2.0,336.2,,,,0.0,2.191,7756.1,,,,,,,,,,,,,,,,,,,,,""
7193507783,"May 23, 2022, 5:06:32 PM",Evening Run,Run,,3122,5.24,157.0,12,,,,activities/7660329579.fit.gz,,,3122.0,2147.0,5244.8,5.288,2.443,13.0,4.0,107.4,119.2,11.6,0.2,,,96.0,85.0,,132.0,,,275.0,,26.0,12.0,,,,,,,,,,,,,0.0,,1.0,5288.6,1653325184.0,2.0,25.4,25.4,11.8,0.43,1010.2,2.1,3.5,184.0,0.0,1653275392.0,1653327360.0,0.78,,,0.0,,0.58,16093.0,0.0,335.9,,,,0.0,1.68,0.0,,,,,,,,,,,,,,,,,,,,,""
7186618374,"May 22, 2022, 3:25:19 PM",Evening Ride,Ride,"",8026,41.77,143.0,40,,,,activities/7652812223.fit.gz,,,8026.0,7409.0,41776.4,12.317,5.639,524.0,527.0,138.0,280.4,14.3,0.0,,,,,,125.0,,,695.0,,27.0,40.0,,,,,,,,,,,0.0,,0.0,,1.0,,1653231616.0,1.0,28.3,28.3,9.9,0.32,1010.2,3.1,3.1,179.0,0.0,1653189120.0,1653240960.0,0.75,,,0.0,,0.18,16093.0,2.0,333.8,,,,0.0,5.205,2379.0,,,,,,,,,,,,,,,,,,,,,""
7186614893,"May 22, 2022, 10:10:24 AM",Afternoon Activity,Stand Up Paddling,,5578,4.49,125.0,10,,,,activities/7652808371.fit.gz,,,5578.0,3790.0,4492.0,5.725,1.185,13.9,14.6,-1.3,10.2,21.3,0.0,,,66.0,28.0,,103.0,,,279.0,,30.0,10.0,,,,,,,,,,,,,0.0,,1.0,,1653213568.0,1.0,26.0,26.0,14.4,0.49,1011.1,2.2,2.9,210.0,0.0,1653189120.0,1653240960.0,0.75,,,0.0,,0.13,16093.0,8.0,343.1,,,,0.0,0.805,0.0,,,,,,,,,,,,,,,,,,,,,""
7177073905,"May 21, 2022, 6:08:57 AM",Morning Run,Run,"",6165,10.50,183.0,85,,,,activities/7642390534.fit.gz,,,6165.0,6155.0,10500.9,3.6,1.706,591.0,575.0,374.6,938.0,45.0,0.2,,,124.0,73.0,,145.0,,,750.0,,26.0,85.0,,,,,,,,,,,0.0,,0.0,,1.0,13633.8,1653112832.0,1.0,18.6,18.6,4.3,0.39,1018.5,3.1,5.2,341.0,0.0,1653102720.0,1653154560.0,0.71,,,0.0,,0.0,16093.0,2.0,353.9,,,,0.0,1.703,10501.3,,,,,,,,,,,,,,,,,,,,,""
7176625640,"May 20, 2022, 2:13:11 PM",Afternoon Ride,Ride,"",2643,13.33,147.0,11,,,,activities/7641899721.fit.gz,,,2643.0,2347.0,13333.5,12.742,5.681,146.0,140.0,80.6,113.0,31.7,0.0,,,,,,123.0,,,259.0,,27.0,11.0,,,,,,,,,,,0.0,,0.0,,1.0,,1653055232.0,1.0,21.8,21.8,3.4,0.3,1021.1,7.5,13.3,20.0,0.1,1653016320.0,1653068032.0,0.68,,,0.01,5.0,0.17,16093.0,3.0,379.5,,,,0.0,5.045,0.0,,,,,,,,,,,,,,,,,,,,,""
7176625282,"May 19, 2022, 4:35:35 PM",Evening Activity,Weight Training,,2099,0,149.0,6,,,,activities/7641899356.fit.gz,,,2099.0,2099.0,0.0,0.0,0.0,0.0,,,,0.0,0.0,,,,,,104.0,,,153.0,,27.0,6.0,,,,,,,,,,,,,0.0,,1.0,,,,,,,,,,,,,,,,,,,,,,,,,,,0.0,0.0,0.0,,,,,,,,,,,,,,,,,,,,,""
7169248462,"May 19, 2022, 2:58:18 PM",🌬️🌬️🌬️ χαλαρό ,Run,"",3832,9.42,174.0,66,,,,activities/7633884513.fit.gz,,,3832.0,3621.0,9422.2,5.727,2.602,211.0,223.0,240.6,436.4,22.6,-0.2,,,97.0,83.0,,148.0,,,541.0,,23.0,66.0,,,,,,,,,,,0.0,,0.0,,1.0,9990.5,1652968832.0,1.0,16.7,16.7,4.4,0.44,1023.1,8.2,12.4,18.0,0.0,1652929920.0,1652981632.0,0.64,,,0.0,,0.11,16093.0,3.0,384.5,,,,0.0,2.459,9190.4,,,,,,,,,,,,,,,,,,,,,""
7158292022,"May 17, 2022, 3:00:11 PM",1'- 2run ,Run,"",3998,8.38,189.0,94,,,,activities/7622020284.fit.gz,,,3998.0,3930.0,8385.1,4.136,2.134,326.0,326.0,252.6,451.0,43.3,0.0,,,117.0,76.0,,152.0,,,604.0,,28.0,94.0,,,,,,,,,,,0.0,,0.0,,1.0,10219.0,1652799616.0,2.0,27.4,27.4,13.2,0.41,1015.6,2.9,3.0,182.0,0.0,1652757248.0,1652808704.0,0.56,,,0.0,,0.61,16093.0,1.0,336.3,,,,0.0,2.097,5103.1,,,,,,,,,,,,,,,,,,,,,""
7158289556,"May 16, 2022, 4:48:55 PM",Evening Run,Run,,3037,7.00,155.0,27,,,,activities/7622017705.fit.gz,,,3037.0,2679.0,7003.6,6.038,2.614,25.0,30.0,96.2,118.2,8.5,-0.1,,,97.0,85.0,,139.0,,,381.0,,27.0,27.0,,,,,,,,,,,,,0.0,,1.0,7039.2,1652716800.0,2.0,26.0,26.0,14.0,0.47,1016.0,2.5,2.6,183.0,0.0,1652670848.0,1652722304.0,0.52,,,0.02,5.0,0.78,16093.0,0.0,333.6,,,,0.0,2.306,0.0,,,,,,,,,,,,,,,,,,,,,""
7148698492,"May 15, 2022, 12:24:39 PM",Afternoon Activity,Stand Up Paddling,,7567,6.78,139.0,26,,,,activities/7611553783.fit.gz,,,7567.0,5709.0,6789.0,2.56,1.189,2.5,2.3,-3.4,1.2,27.3,0.0,,,65.0,28.0,,124.0,,,583.0,,30.0,26.0,,,,,,,,,,,,,0.0,,1.0,,1652615936.0,1.0,27.0,27.2,14.2,0.45,1016.1,1.8,2.2,318.0,0.0,1652584704.0,1652636032.0,0.48,,,0.01,5.0,0.26,16093.0,6.0,343.6,,,,0.0,0.897,0.0,,,,,,,,,,,,,,,,,,,,,""
7145714852,"May 15, 2022, 7:43:37 AM",After Eurovision pizza & chips night 🤗🍺🍕🍟,Run,"",8588,14.03,176.0,242,,,,activities/7608280443.fit.gz,,,8588.0,8195.0,14029.6,4.59,1.712,1021.0,1013.0,15.0,1021.0,46.5,0.1,,,116.0,70.0,,158.0,,,1130.0,,30.0,242.0,,,,,,,,,,,0.0,,0.0,,1.0,20265.8,1652598016.0,1.0,22.4,22.4,15.3,0.64,1018.0,1.6,2.2,297.0,0.0,1652584704.0,1652636032.0,0.48,,,0.0,,0.02,16093.0,4.0,339.7,,,,0.0,1.634,5364.6,,,,,,,,,,,,,,,,,,,,,""
7139576472,"May 14, 2022, 7:19:50 AM",Morning Ride,Ride,"",8375,52.61,151.0,49,,,,activities/7601568993.fit.gz,,,8375.0,8193.0,52617.7,13.145,6.422,434.0,439.0,81.0,173.4,18.6,0.0,,,,,,128.0,,,796.0,,28.0,49.0,,,,,,,,,,,0.0,,0.0,,1.0,,1652511616.0,1.0,20.9,20.9,11.2,0.54,1016.6,1.3,1.3,176.0,0.0,1652498176.0,1652549376.0,0.45,,,0.0,,0.13,16093.0,4.0,357.2,,,,0.0,6.283,0.0,,,,,,,,,,,,,,,,,,,,,""
7139572632,"May 13, 2022, 4:06:15 PM",Evening Activity,Weight Training,,2314,0,150.0,6,,,,activities/7601564982.fit.gz,,,2314.0,2314.0,0.0,0.0,0.0,0.0,,,,0.0,0.0,,,,,,102.0,,,170.0,,28.0,6.0,,,,,,,,,,,,,0.0,,1.0,,,,,,,,,,,,,,,,,,,,,,,,,,,0.0,0.0,0.0,,,,,,,,,,,,,,,,,,,,,""
7139572244,"May 13, 2022, 5:59:09 AM",Morning Run,Run,,2703,6.65,168.0,43,,,,activities/7601564416.fit.gz,,,2703.0,2546.0,6654.1,5.042,2.614,58.0,55.0,197.4,214.4,20.8,0.0,,,95.0,86.0,,145.0,,,389.0,,25.0,43.0,,,,,,,,,,,,,0.0,,1.0,6784.7,1652418048.0,3.0,18.4,18.4,9.1,0.55,1019.1,0.8,0.9,40.0,0.0,1652411904.0,1652462848.0,0.41,,,0.0,,0.98,16093.0,1.0,362.5,,,,0.0,2.462,6009.6,,,,,,,,,,,,,,,,,,,,,""
7131534350,"May 12, 2022, 4:09:17 PM",Νοικοκυρεμενη ενδυνάμωση ,Weight Training,"",3522,0,140.0,10,,,,activities/7592826866.fit.gz,,,3522.0,3522.0,0.0,0.0,0.0,0.0,,,,0.0,0.0,,,,,,107.0,,,263.0,,28.0,10.0,,,,,,,,,,,0.0,,0.0,,1.0,,,,,,,,,,,,,,,,,,,,,,,,,,,0.0,0.0,0.0,,,,,,,,,,,,,,,,,,,,,""
7131534258,"May 12, 2022, 2:49:56 PM",Afternoon Ride,Ride,"",3056,18.17,149.0,13,,,,activities/7592826786.fit.gz,,,3056.0,2969.0,18178.4,10.7,6.123,177.0,180.0,75.8,143.6,28.8,0.0,,,,,,120.0,,,288.0,,28.0,13.0,,,,,,,,,,,0.0,,0.0,,1.0,,1652364032.0,1.0,23.6,23.6,4.9,0.3,1020.8,2.5,3.7,121.0,0.0,1652325504.0,1652376448.0,0.37,,,0.0,,0.07,16093.0,3.0,360.9,,,,0.0,5.948,1952.8,,,,,,,,,,,,,,,,,,,,,""
7131533908,"May 12, 2022, 11:19:00 AM",Abs,Weight Training,"",1329,0,111.0,2,,,,activities/7592826425.fit.gz,,,1329.0,1329.0,0.0,0.0,0.0,0.0,,,,0.0,0.0,,,,,,87.0,,,66.0,,29.0,2.0,,,,,,,,,,,0.0,,0.0,,1.0,,,,,,,,,,,,,,,,,,,,,,,,,,,0.0,0.0,0.0,,,,,,,,,,,,,,,,,,,,,""
7131533793,"May 11, 2022, 11:50:51 AM",Afternoon Activity,Yoga,,745,0,92.0,1,,,,activities/7592826311.fit.gz,,,745.0,745.0,0.0,0.0,0.0,0.0,,,,0.0,0.0,,,,,,75.0,,,20.0,,29.0,1.0,,,,,,,,,,,,,0.0,,1.0,,,,,,,,,,,,,,,,,,,,,,,,,,,0.0,0.0,0.0,,,,,,,,,,,,,,,,,,,,,""
7123173831,"May 11, 2022, 5:53:37 AM",Morning Run,Run,,2621,6.21,172.0,52,,,,activities/7583754017.fit.gz,,,2621.0,2420.0,6213.4,5.19,2.568,23.0,23.0,103.0,121.4,16.3,0.0,,,96.0,88.0,,150.0,,,372.0,,26.0,52.0,,,,,,,,,,,,,0.0,,1.0,6261.5,1652245248.0,1.0,14.9,14.9,5.2,0.52,1018.8,2.8,3.7,342.0,0.0,1652239232.0,1652289920.0,0.34,,,0.0,,0.01,16093.0,1.0,369.1,,,,0.0,2.371,0.0,,,,,,,,,,,,,,,,,,,,,""
7120686041,"May 10, 2022, 3:33:45 PM",Πάνω κάτω ανηφόρες χωρίς στοπ,Run,"",8592,15.80,177.0,150,,,,activities/7581065797.fit.gz,,,8592.0,8365.0,15800.0,3.684,1.889,755.0,745.0,253.6,371.6,44.4,0.1,,,123.0,77.0,,148.0,,,1063.0,,23.0,150.0,,,,,,,,,,,0.0,,0.0,,1.0,20104.3,1652194816.0,2.0,22.3,22.3,-3.4,0.18,1017.2,4.2,6.3,5.0,0.0,1652152832.0,1652203520.0,0.31,,,0.0,,0.6,16093.0,1.0,372.5,,,,0.0,1.839,8735.9,,,,,,,,,,,,,,,,,,,,,""
7120664474,"May 10, 2022, 6:33:46 AM",Morning Activity,Weight Training,,1645,0,144.0,4,,,,activities/7581042018.fit.gz,,,1645.0,1645.0,0.0,0.0,0.0,0.0,,,,0.0,0.0,,,,,,101.0,,,120.0,,26.0,4.0,,,,,,,,,,,,,0.0,,1.0,,,,,,,,,,,,,,,,,,,,,,,,,,,0.0,0.0,0.0,,,,,,,,,,,,,,,,,,,,,""
7111835333,"May 9, 2022, 6:17:59 AM",Wake up legs ,Weight Training,"",1999,0,152.0,7,,,,activities/7571483444.fit.gz,,,1999.0,1999.0,0.0,0.0,0.0,0.0,,,,0.0,0.0,,,,,,114.0,,,182.0,,27.0,7.0,,,,,,,,,,,0.0,,0.0,,1.0,,,,,,,,,,,,,,,,,,,,,,,,,,,0.0,0.0,0.0,,,,,,,,,,,,,,,,,,,,,""
7107329867,"May 8, 2022, 9:14:00 AM",Lunch Run,Run,,6089,11.74,161.0,64,,,,activities/7566546583.fit.gz,,,6089.0,5466.0,11741.7,3.2,2.148,387.0,392.0,212.6,447.6,49.6,-0.1,,,122.0,79.0,,140.0,,,724.0,,28.0,64.0,,,,,,,,,,,,,0.0,,1.0,13281.6,1652000384.0,2.0,19.5,19.5,8.6,0.49,1018.2,3.6,5.0,4.0,0.0,1651980160.0,1652030592.0,0.24,,,0.0,,0.68,16093.0,5.0,359.1,,,,0.0,1.928,10420.1,,,,,,,,,,,,,,,,,,,,,""
7102146433,"May 7, 2022, 9:39:08 AM",Lunch Run,Run,,9489,13.81,186.0,162,,,,activities/7560867432.fit.gz,,,9489.0,8845.0,13813.1,3.868,1.562,1087.0,1075.0,495.0,1344.6,50.0,0.1,,,124.0,69.0,,145.0,,,1114.0,,24.0,162.0,,,,,,,,,,,,,0.0,,1.0,21248.3,1651913984.0,2.0,16.6,16.6,7.2,0.54,1019.2,3.9,5.4,24.0,0.0,1651893760.0,1651944192.0,0.21,,,0.0,,0.4,16093.0,6.0,352.2,,,,0.0,1.456,12739.1,,,,,,,,,,,,,,,,,,,,,""
7098033974,"May 6, 2022, 3:16:21 PM",Evening Run,Run,,2650,6.43,156.0,24,,,,activities/7556387851.fit.gz,,,2650.0,2335.0,6435.9,4.708,2.756,33.0,31.0,103.0,123.2,8.9,0.0,,,96.0,88.0,,139.0,,,339.0,,25.0,24.0,,,,,,,,,,,,,0.0,,1.0,6483.2,1651849216.0,2.0,20.5,20.5,5.8,0.38,1019.3,4.3,5.9,58.0,0.0,1651807488.0,1651857664.0,0.18,,,0.0,,0.87,16093.0,1.0,340.4,,,,0.0,2.429,0.0,,,,,,,,,,,,,,,,,,,,,""
7092728860,"May 5, 2022, 2:14:45 PM",Afternoon Run,Run,"",5841,9.50,182.0,128,,,,activities/7550615075.fit.gz,,,5841.0,5628.0,9504.1,4.07,1.689,644.0,639.0,246.8,453.2,49.9,0.0,,,123.0,73.0,,152.0,,,749.0,,25.0,128.0,,,,,,,,,,,0.0,,0.0,,1.0,13642.9,1651759232.0,1.0,20.3,20.3,7.4,0.43,1020.6,3.3,3.5,152.0,0.0,1651721216.0,1651771264.0,0.15,,,0.0,,0.17,16093.0,3.0,352.3,,,,0.0,1.627,5798.6,,,,,,,,,,,,,,,,,,,,,""
7089013787,"May 4, 2022, 4:36:46 PM",Evening Ride,Ride,,2699,15.01,148.0,10,,,,activities/7546572057.fit.gz,,,2699.0,2681.0,15011.3,9.722,5.599,122.0,121.0,74.2,110.6,12.0,0.0,,,,,,119.0,,,258.0,,19.0,10.0,,,,,,,,,,,,,0.0,,1.0,,1651680000.0,2.0,18.7,18.7,9.4,0.55,1017.4,2.4,2.5,187.0,0.0,1651634816.0,1651684864.0,0.12,,,0.0,,0.58,16093.0,0.0,348.9,,,,0.0,5.562,0.0,,,,,,,,,,,,,,,,,,,,,""
7081955749,"May 3, 2022, 3:20:24 PM","15 warm , 30 intense trail , 10 easy ",Run,"",3797,7.29,180.0,68,,,,activities/7538972714.fit.gz,,,3797.0,3546.0,7298.3,4.306,2.058,261.0,264.0,253.8,457.8,48.3,0.0,,,124.0,77.0,,146.0,,,491.0,,20.0,68.0,,,,,,,,,,,0.0,,0.0,,1.0,8846.6,1651590016.0,3.0,18.0,18.0,8.1,0.52,1012.6,2.4,2.8,115.0,0.0,1651548416.0,1651598336.0,0.09,,,0.0,,0.91,16093.0,1.0,342.1,,,,0.0,1.922,6418.4,,,,,,,,,,,,,,,,,,,,,""
7075183271,"May 2, 2022, 9:04:02 AM",Flampouri parnitha 🤢🌧️☔,Run,"",7926,11.30,181.0,108,,,,activities/7531606275.fit.gz,,,7926.0,7521.0,11299.5,3.716,1.502,800.0,794.0,497.0,1155.2,49.8,0.0,,,124.0,70.0,,142.0,,,877.0,,17.0,108.0,,,,,,,,,,,0.0,,0.0,,1.0,16395.6,1651481984.0,3.0,14.1,14.1,6.8,0.62,1012.5,3.3,5.7,2.0,0.1,1651462144.0,1651511936.0,0.06,,,0.06,5.0,1.0,16093.0,4.0,356.9,,,,0.0,1.426,10593.1,,,,,,,,,,,,,,,,,,,,,""
7069962440,"May 1, 2022, 11:05:54 AM",Afternoon Run,Run,,2179,3.84,158.0,15,,,,activities/7525887301.fit.gz,,,2179.0,1926.0,3848.6,2.882,1.998,11.0,721.0,282.6,995.0,10.2,-18.5,,,117.0,79.0,,138.0,,,259.0,,29.0,15.0,,,,,,,,,,,,,0.0,,1.0,4420.0,1651402752.0,2.0,16.5,16.5,7.0,0.53,1016.9,5.4,6.1,32.0,0.0,1651375744.0,1651425408.0,0.03,,,0.0,,0.5,16093.0,6.0,348.5,,,,0.0,1.766,3399.7,,,,,,,,,,,,,,,,,,,,,""
7069960859,"May 1, 2022, 9:56:09 AM",First ymittos uphill after 🤕,Run,"",3782,5.19,178.0,140,,,,activities/7525885581.fit.gz,,,3782.0,3648.0,5198.0,3.692,1.425,759.0,48.0,274.8,986.2,49.3,13.7,,,121.0,64.0,,163.0,,,598.0,,28.0,140.0,,,,,,,,,,,0.0,,0.0,,1.0,9943.0,1651395584.0,2.0,19.7,19.7,9.1,0.5,1018.2,3.9,5.2,9.0,0.0,1651375744.0,1651425408.0,0.03,,,0.0,,0.39,16093.0,6.0,353.6,,,,0.0,1.374,4515.8,,,,,,,,,,,,,,,,,,,,,""
7063033036,"Apr 29, 2022, 8:09:36 AM",Lunch Run,Run,,1840,5.01,160.0,43,,,,activities/7518351197.fit.gz,,,1840.0,1840.0,5009.6,5.025,2.723,56.0,65.0,181.0,196.4,14.3,-0.2,,,88.0,83.0,,151.0,,,294.0,,27.0,43.0,,,,,,,,,,,,,0.0,,1.0,5097.7,1651219200.0,3.0,22.0,22.0,10.6,0.49,1014.6,1.2,1.9,55.0,0.0,1651203840.0,1651253376.0,0.96,,,0.01,5.0,0.89,16093.0,3.0,340.0,,,,0.0,2.723,0.0,,,,,,,,,,,,,,,,,,,,,""
7055556161,"Apr 28, 2022, 3:28:47 PM",Evening Run,Run,,6387,11.34,174.0,122,,,,activities/7510241079.fit.gz,,,6387.0,6305.0,11342.9,3.261,1.799,577.0,570.0,199.4,566.4,25.4,0.1,,,124.0,74.0,,149.0,,,790.0,,27.0,122.0,,,,,,,,,,,,,0.0,,1.0,13836.2,1651158016.0,1.0,24.8,24.8,8.5,0.36,1013.0,1.8,2.2,258.0,0.0,1651117440.0,1651166976.0,0.93,,,0.0,,0.15,16093.0,2.0,346.1,,,,0.0,1.776,0.0,,,,,,,,,,,,,,,,,,,,,""
7055552487,"Apr 28, 2022, 9:32:17 AM",Hiit full body,Weight Training,,5234,0,162.0,25,,,,activities/7510237232.fit.gz,,,5234.0,5234.0,0.0,0.0,0.0,0.0,,,,0.0,0.0,,,,,,119.0,,,434.0,,28.0,25.0,,,,,,,,,,,0.0,,0.0,,1.0,,,,,,,,,,,,,,,,,,,,,,,,,,,0.0,0.0,0.0,,,,,,,,,,,,,,,,,,,,,""
7055551250,"Apr 27, 2022, 10:01:44 AM",Afternoon Activity,Stand Up Paddling,,3027,2.00,147.0,10,,,,activities/7510235980.fit.gz,,,3027.0,1658.0,2001.6,2.08,1.207,68.8,56.6,-5.9,14.9,49.7,0.6,,,64.0,30.0,,126.0,,,301.0,,30.0,10.0,,,,,,,,,,,,,0.0,,1.0,,1651053568.0,1.0,20.9,20.9,13.2,0.61,1014.9,2.5,2.6,249.0,0.0,1651031168.0,1651080448.0,0.9,,,0.0,,0.0,16093.0,8.0,341.0,,,,0.0,0.661,0.0,,,,,,,,,,,,,,,,,,,,,""
7044671689,"Apr 26, 2022, 3:50:26 PM",Recovery after ⬆️ 1000,Run,,3392,6.50,176.0,60,,,,activities/7498510601.fit.gz,,,3392.0,3379.0,6502.0,3.205,1.924,301.0,298.0,201.8,376.2,34.0,0.0,,,124.0,76.0,,146.0,,,437.0,,26.0,60.0,,,,,,,,,,,0.0,,0.0,,1.0,7823.3,1650985216.0,1.0,22.1,22.1,6.6,0.37,1013.2,2.2,2.4,267.0,0.0,1650944768.0,1650994048.0,0.86,,,0.0,,0.05,16093.0,2.0,352.5,,,,0.0,1.917,0.0,,,,,,,,,,,,,,,,,,,,,""
7044669646,"Apr 26, 2022, 9:24:19 AM",Diataseis,Weight Training,,751,0,112.0,1,,,,activities/7498508366.fit.gz,,,751.0,751.0,0.0,0.0,0.0,0.0,,,,0.0,0.0,,,,,,88.0,,,38.0,,32.0,1.0,,,,,,,,,,,0.0,,0.0,,1.0,,,,,,,,,,,,,,,,,,,,,,,,,,,0.0,0.0,0.0,,,,,,,,,,,,,,,,,,,,,""
7044669283,"Apr 26, 2022, 8:05:07 AM",Upper body,Weight Training,,2851,0,134.0,7,,,,activities/7498507955.fit.gz,,,2851.0,2851.0,0.0,0.0,0.0,0.0,,,,0.0,0.0,,,,,,103.0,,,186.0,,26.0,7.0,,,,,,,,,,,0.0,,0.0,,1.0,,,,,,,,,,,,,,,,,,,,,,,,,,,0.0,0.0,0.0,,,,,,,,,,,,,,,,,,,,,""
7037834762,"Apr 25, 2022, 9:37:17 AM",Stavros to home,Run,,3776,7.62,172.0,76,,,,activities/7491126377.fit.gz,,,3776.0,3579.0,7619.5,6.7,2.129,46.0,1049.0,209.6,1213.0,26.2,-13.2,,,122.0,77.0,,149.0,,,508.0,,27.0,76.0,,,,,,,,,,,0.0,,0.0,,1.0,7972.0,1650877184.0,1.0,16.2,16.2,3.7,0.44,1011.8,1.6,2.0,252.0,0.0,1650858496.0,1650907520.0,0.83,,,0.0,,0.3,16093.0,6.0,335.7,,,,0.0,2.018,5541.8,,,,,,,,,,,,,,,,,,,,,""
7037478020,"Apr 25, 2022, 7:13:45 AM",Kamini to stavros,Run,,6407,7.78,180.0,166,,,,activities/7490738924.fit.gz,,,6407.0,6097.0,7782.1,3.2,1.276,1075.0,58.0,199.8,1226.4,49.9,13.1,,,118.0,56.0,,155.0,,,898.0,,25.0,166.0,,,,,,,,,,,0.0,,0.0,,1.0,14137.1,1650870016.0,1.0,18.0,18.0,8.9,0.55,1012.4,0.8,0.8,93.0,0.0,1650858496.0,1650907520.0,0.83,,,0.0,,0.16,16093.0,3.0,338.0,,,,0.0,1.215,6034.3,,,,,,,,,,,,,,,,,,,,,""
7034853604,"Apr 24, 2022, 3:20:49 PM",Evening Run,Run,,5049,6.40,159.0,19,,,,activities/7487840353.fit.gz,,,5049.0,4539.0,6399.8,3.49,1.41,314.0,297.0,200.6,375.6,25.4,0.1,,,116.0,63.0,,124.0,,,401.0,,25.0,19.0,,,,,,,,,,,,,0.0,,1.0,7803.5,1650812416.0,2.0,21.5,21.5,10.0,0.48,1011.1,2.1,2.1,254.0,0.0,1650772096.0,1650821120.0,0.79,,,0.0,,0.62,16093.0,1.0,340.2,,,,0.0,1.268,1339.8,,,,,,,,,,,,,,,,,,,,,""
7031630817,"Apr 24, 2022, 7:27:25 AM",Upper body,Weight Training,,1036,0,148.0,4,,,,activities/7484340672.fit.gz,,,1036.0,1036.0,0.0,0.0,0.0,0.0,,,,0.0,0.0,,,,,,119.0,,,105.0,,27.0,4.0,,,,,,,,,,,0.0,,0.0,,1.0,,,,,,,,,,,,,,,,,,,,,,,,,,,0.0,0.0,0.0,,,,,,,,,,,,,,,,,,,,,""
7029066982,"Apr 23, 2022, 4:06:29 PM",Evening Run,Run,,2164,6.01,173.0,70,,,,activities/7481505602.fit.gz,,,2164.0,2164.0,6012.4,3.246,2.778,19.0,18.0,179.2,183.2,8.8,0.0,,,87.0,83.0,,159.0,,,354.0,,24.0,70.0,,,,,,,,,,,,,0.0,,1.0,6052.0,1650729600.0,2.0,18.8,18.8,12.6,0.67,1010.9,2.0,2.5,245.0,0.0,1650685824.0,1650734592.0,0.76,,,0.0,,0.32,16093.0,0.0,343.3,,,,0.0,2.778,0.0,,,,,,,,,,,,,,,,,,,,,""
7029056923,"Apr 23, 2022, 9:23:51 AM",Lunch Activity,Yoga,,991,0,115.0,2,,,,activities/7481494454.fit.gz,,,991.0,991.0,0.0,0.0,0.0,0.0,,,,0.0,0.0,,,,,,99.0,,,60.0,,29.0,2.0,,,,,,,,,,,,,0.0,,1.0,,,,,,,,,,,,,,,,,,,,,,,,,,,0.0,0.0,0.0,,,,,,,,,,,,,,,,,,,,,""
7029060441,"Apr 23, 2022, 8:06:47 AM",Full body,Weight Training,,4142,0,161.0,28,,,,activities/7481498349.fit.gz,,,4142.0,4142.0,0.0,0.0,0.0,0.0,,,,0.0,0.0,,,,,,128.0,,,404.0,,26.0,28.0,,,,,,,,,,,0.0,,0.0,,1.0,,,,,,,,,,,,,,,,,,,,,,,,,,,0.0,0.0,0.0,,,,,,,,,,,,,,,,,,,,,""
7021807816,"Apr 22, 2022, 7:10:21 AM",Run 500 village ,Run,,5379,9.41,175.0,138,,,,activities/7473636301.fit.gz,,,5379.0,5370.0,9413.8,3.806,1.753,500.0,492.0,201.2,458.0,48.1,0.1,,,123.0,71.0,,156.0,,,729.0,,26.0,138.0,,,,,,,,,,,0.0,,0.0,,1.0,11928.4,,,,,,,,,,,,,,,,,,,,,,,,,,0.0,1.75,0.0,,,,,,,,,,,,,,,,,,,,,""
7016158132,"Apr 21, 2022, 6:31:12 AM",1st Road + trail after 🤒🤧,Run,,2184,5.10,183.0,78,,,,activities/7467522565.fit.gz,,,2184.0,2182.0,5099.4,3.785,2.337,165.0,163.0,104.6,213.2,30.3,0.0,,,123.0,80.0,,162.0,,,331.0,,23.0,78.0,,,,,,,,,,,0.0,,0.0,,1.0,5906.8,,,,,,,,,,,,,,,,,,,,,,,,,,0.0,2.335,821.9,,,,,,,,,,,,,,,,,,,,,""
7013665345,"Apr 20, 2022, 3:04:02 PM",First ride after 🤒🤧,Ride,,7272,22.53,165.0,52,,,,activities/7464841972.fit.gz,,,7272.0,5212.0,22532.1,14.198,4.323,635.0,645.0,91.2,289.8,21.0,0.0,,,,,,133.0,,,541.0,,19.0,52.0,,,,,,,,,,,0.0,,0.0,,1.0,,,,,,,,,,,,,,,,,,,,,,,,,,,0.0,3.098,1579.7,,,,,,,,,,,,,,,,,,,,,""
7005375072,"Apr 19, 2022, 5:59:28 AM",Morning Run,Run,,2268,5.60,182.0,71,,,,activities/7455877059.fit.gz,,,2268.0,2264.0,5607.0,4.113,2.477,61.0,62.0,196.4,213.4,20.2,0.0,,,87.0,84.0,,157.0,,,326.0,,17.0,71.0,,,,,,,,,,,,,0.0,,1.0,5738.2,,,,,,,,,,,,,,,,,,,,,,,,,,0.0,2.472,4995.3,,,,,,,,,,,,,,,,,,,,,""
7005374950,"Apr 18, 2022, 5:57:32 AM",Morning Run,Run,,2104,5.13,166.0,50,,,,activities/7455876947.fit.gz,,,2104.0,2104.0,5135.8,3.901,2.441,49.0,58.0,199.2,218.4,14.1,-0.2,,,89.0,84.0,,151.0,,,300.0,,17.0,50.0,,,,,,,,,,,,,0.0,,1.0,5235.2,,,,,,,,,,,,,,,,,,,,,,,,,,0.0,2.441,4782.0,,,,,,,,,,,,,,,,,,,,,""
7005374867,"Apr 17, 2022, 4:20:13 PM",Evening Activity,Weight Training,,1049,0,165.0,10,,,,activities/7455876866.fit.gz,,,1049.0,1049.0,0.0,0.0,0.0,0.0,,,,0.0,0.0,,,,,,136.0,,,133.0,,26.0,10.0,,,,,,,,,,,,,0.0,,1.0,,,,,,,,,,,,,,,,,,,,,,,,,,,0.0,0.0,0.0,,,,,,,,,,,,,,,,,,,,,""
7005374762,"Apr 17, 2022, 3:48:20 PM",Evening Ride,Ride,,1806,0,172.0,42,,,,activities/7455876764.fit.gz,,,1806.0,1806.0,0.0,0.0,0.0,0.0,,,,0.0,0.0,,,,,,150.0,,,279.0,,28.0,42.0,,,,,,,,,,,,,0.0,,1.0,,,,,,,,,,,,,,,,,,,,,,,,,,,0.0,0.0,0.0,,,,,,,,,,,,,,,,,,,,,""
6992500604,"Apr 16, 2022, 4:54:14 PM",Evening Run,Run,,1262,3.00,155.0,16,,,,activities/7441805788.fit.gz,,,1262.0,1246.0,3006.2,3.737,2.413,46.0,52.0,197.6,211.6,22.9,-0.2,,,85.0,82.0,,140.0,,,175.0,,23.0,16.0,,,,,,,,,,,,,0.0,,1.0,3084.1,,,,,,,,,,,,,,,,,,,,,,,,,,0.0,2.382,2794.9,,,,,,,,,,,,,,,,,,,,,""
6992122247,"Apr 16, 2022, 2:42:58 PM",Afternoon Activity,Stand Up Paddling,,2692,2.28,126.0,5,,,,activities/7441393013.fit.gz,,,2692.0,2112.0,2281.5,1.695,1.08,0.0,0.4,-1.1,0.4,7.4,0.0,,,60.0,30.0,,104.0,,,189.0,,25.0,5.0,,,,,,,,,,,,,0.0,,1.0,,,,,,,,,,,,,,,,,,,,,,,,,,,0.0,0.848,0.0,,,,,,,,,,,,,,,,,,,,,""
6992120768,"Apr 16, 2022, 1:19:37 PM",Afternoon Activity,Stand Up Paddling,,1678,1.35,136.0,5,,,,activities/7441391415.fit.gz,,,1678.0,1395.0,1355.4,1.786,0.972,0.0,0.0,-0.9,0.4,12.2,0.0,,,51.0,28.0,,121.0,,,160.0,,29.0,5.0,,,,,,,,,,,,,0.0,,1.0,,,,,,,,,,,,,,,,,,,,,,,,,,,0.0,0.808,0.0,,,,,,,,,,,,,,,,,,,,,""
6992119974,"Apr 15, 2022, 3:16:43 PM",Evening Activity,Weight Training,,2329,0,140.0,7,,,,activities/7441390555.fit.gz,,,2329.0,2329.0,0.0,0.0,0.0,0.0,,,,0.0,0.0,,,,,,109.0,,,186.0,,28.0,7.0,,,,,,,,,,,,,0.0,,1.0,,,,,,,,,,,,,,,,,,,,,,,,,,,0.0,0.0,0.0,,,,,,,,,,,,,,,,,,,,,""
6986028826,"Apr 15, 2022, 9:15:21 AM",Lunch Activity,Weight Training,,1939,0,141.0,6,,,,activities/7434779770.fit.gz,,,1939.0,1939.0,0.0,0.0,0.0,0.0,,,,0.0,0.0,,,,,,113.0,,,170.0,,25.0,6.0,,,,,,,,,,,,,0.0,,1.0,,,,,,,,,,,,,,,,,,,,,,,,,,,0.0,0.0,0.0,,,,,,,,,,,,,,,,,,,,,""
6986028269,"Apr 15, 2022, 8:06:29 AM",Lunch Run,Run,,3137,5.52,166.0,34,,,,activities/7434779146.fit.gz,,,3137.0,3098.0,5526.1,2.826,1.784,212.0,212.0,185.8,388.4,46.7,0.0,,,124.0,68.0,,138.0,,,380.0,,25.0,34.0,,,,,,,,,,,,,0.0,,1.0,6531.4,,,,,,,,,,,,,,,,,,,,,,,,,,0.0,1.762,5019.3,,,,,,,,,,,,,,,,,,,,,""
6970764365,"Apr 12, 2022, 2:45:19 PM",Afternoon Hike,Hike,,6507,10.09,,,,,,activities/6970764365.gpx,,,6507.0,6424.0,10098.7,10.984,1.572,398.1,400.1,102.9,401.6,46.0,0.0,,,,,,,,,,,,,,,,,,,,,,,0.0,,0.0,,1.0,,,,,,,,,,,,,,,,,,,,,,,,,,,0.0,1.552,5224.9,,,,,,,,,,,,,,,,,,,,,""
6959079322,"Apr 10, 2022, 10:02:46 AM",Afternoon Hike,Hike,,4471,6.50,191.0,19,,,,activities/7405575515.fit.gz,,,4471.0,4305.0,6501.1,9.732,1.51,218.1,0.0,246.1,424.8,47.0,0.0,,,125.0,59.0,,121.0,,,360.0,,,19.0,,,,,,,,,,,,,0.0,,1.0,,,,,,,,,,,,,,,,,,,,,,,,,,,0.0,1.454,6501.1,,,,,,,,,,,,,,,,,,,,,""
6959077507,"Apr 7, 2022, 3:08:08 PM",Evening Activity,Weight Training,,3595,0,155.0,14,,,,activities/7405573673.fit.gz,,,3595.0,3595.0,0.0,0.0,0.0,0.0,,,,0.0,0.0,,,,,,117.0,,,273.0,,,14.0,,,,,,,,,,,,,0.0,,1.0,,,,,,,,,,,,,,,,,,,,,,,,,,,0.0,0.0,0.0,,,,,,,,,,,,,,,,,,,,,""
6959075374,"Apr 7, 2022, 2:50:10 PM",Afternoon Ride,Ride,,901,0,161.0,5,,,,activities/7405571170.fit.gz,,,901.0,901.0,0.0,0.0,0.0,0.0,,,,0.0,0.0,,,,,,129.0,,,102.0,,,5.0,,,,,,,,,,,,,0.0,,1.0,,,,,,,,,,,,,,,,,,,,,,,,,,,0.0,0.0,0.0,,,,,,,,,,,,,,,,,,,,,""
6959074775,"Apr 6, 2022, 9:05:46 AM",Lunch Activity,Weight Training,,3633,0,168.0,14,,,,activities/7405570583.fit.gz,,,3633.0,3633.0,0.0,0.0,0.0,0.0,,,,0.0,0.0,,,,,,117.0,,,286.0,,,14.0,,,,,,,,,,,,,0.0,,1.0,,,,,,,,,,,,,,,,,,,,,,,,,,,0.0,0.0,0.0,,,,,,,,,,,,,,,,,,,,,""
6959072365,"Apr 6, 2022, 8:25:25 AM",Lunch Ride,Ride,,1651,0.22,169.0,7,,,,activities/7405568192.fit.gz,,,1651.0,426.0,220.5,2.099,0.518,0.0,13.0,103.8,106.4,0.0,-1.2,,,,,,139.0,,,223.0,,,7.0,,,,,,,,,,,,,0.0,,1.0,,,,,,,,,,,,,,,,,,,,,,,,,,,0.0,0.134,0.0,,,,,,,,,,,,,,,,,,,,,""
6935653319,"Apr 5, 2022, 3:04:25 PM",Evening Hike,Hike,,3024,3.60,148.0,9,,,,activities/7380298816.fit.gz,,,3024.0,2953.0,3604.3,2.426,1.221,53.2,2.0,89.0,121.4,46.1,0.0,,,116.0,56.0,,110.0,,,200.0,,,9.0,,,,,,,,,,,,,0.0,,1.0,,,,,,,,,,,,,,,,,,,,,,,,,,,0.0,1.192,2554.0,,,,,,,,,,,,,,,,,,,,,""
6935652071,"Apr 5, 2022, 12:43:19 PM",Afternoon Ride,Ride,,1212,0,164.0,15,,,,activities/7380297385.fit.gz,,,1212.0,1212.0,0.0,0.0,0.0,0.0,,,,0.0,0.0,,,,,,139.0,,,158.0,,,15.0,,,,,,,,,,,,,0.0,,1.0,,,,,,,,,,,,,,,,,,,,,,,,,,,0.0,0.0,0.0,,,,,,,,,,,,,,,,,,,,,""
6935651129,"Apr 2, 2022, 11:14:20 AM",Afternoon Activity,Weight Training,,3009,0,164.0,9,,,,activities/7380296489.fit.gz,,,3009.0,3009.0,0.0,0.0,0.0,0.0,,,,0.0,0.0,,,,,,106.0,,,192.0,,,9.0,,,,,,,,,,,,,0.0,,1.0,,,,,,,,,,,,,,,,,,,,,,,,,,,0.0,0.0,0.0,,,,,,,,,,,,,,,,,,,,,""
6935648989,"Apr 1, 2022, 2:03:23 PM",Afternoon Activity,Weight Training,,2479,0,130.0,4,,,,activities/7380294111.fit.gz,,,2479.0,2479.0,0.0,0.0,0.0,0.0,,,,0.0,0.0,,,,,,84.0,,,106.0,,,4.0,,,,,,,,,,,,,0.0,,1.0,,,,,,,,,,,,,,,,,,,,,,,,,,,0.0,0.0,0.0,,,,,,,,,,,,,,,,,,,,,""
6935647946,"Apr 1, 2022, 1:19:33 PM",Afternoon Ride,Ride,,2104,0,168.0,37,,,,activities/7380293021.fit.gz,,,2104.0,2104.0,0.0,0.0,0.0,0.0,,,,0.0,0.0,,,,,,143.0,,,283.0,,,37.0,,,,,,,,,,,,,0.0,,1.0,,,,,,,,,,,,,,,,,,,,,,,,,,,0.0,0.0,0.0,,,,,,,,,,,,,,,,,,,,,""
6935647048,"Mar 31, 2022, 4:01:23 PM",Evening Activity,Weight Training,,1658,0,105.0,2,,,,activities/7380291998.fit.gz,,,1658.0,1658.0,0.0,0.0,0.0,0.0,,,,0.0,0.0,,,,,,78.0,,,51.0,,,2.0,,,,,,,,,,,,,0.0,,1.0,,,,,,,,,,,,,,,,,,,,,,,,,,,0.0,0.0,0.0,,,,,,,,,,,,,,,,,,,,,""
6935646176,"Mar 31, 2022, 3:07:50 PM",Evening Ride,Ride,,2104,0,163.0,41,,,,activities/7380291099.fit.gz,,,2104.0,2104.0,0.0,0.0,0.0,0.0,,,,0.0,0.0,,,,,,146.0,,,293.0,,,41.0,,,,,,,,,,,,,0.0,,1.0,,,,,,,,,,,,,,,,,,,,,,,,,,,0.0,0.0,0.0,,,,,,,,,,,,,,,,,,,,,""
6906131906,"Mar 29, 2022, 5:09:04 PM",Evening Ride,Ride,,605,0,136.0,2,,,,activities/7348276606.fit.gz,,,605.0,605.0,0.0,0.0,0.0,0.0,,,,0.0,0.0,,,,,,117.0,,,55.0,,,2.0,,,,,,,,,,,,,0.0,,1.0,,,,,,,,,,,,,,,,,,,,,,,,,,,0.0,0.0,0.0,,,,,,,,,,,,,,,,,,,,,""
6906131625,"Mar 29, 2022, 4:18:39 PM",Evening Activity,Weight Training,,2717,0,142.0,6,,,,activities/7348276235.fit.gz,,,2717.0,2717.0,0.0,0.0,0.0,0.0,,,,0.0,0.0,,,,,,98.0,,,151.0,,,6.0,,,,,,,,,,,,,0.0,,1.0,,,,,,,,,,,,,,,,,,,,,,,,,,,0.0,0.0,0.0,,,,,,,,,,,,,,,,,,,,,""
6906130009,"Mar 29, 2022, 3:54:08 PM",Evening Ride,Ride,,1208,0,139.0,4,,,,activities/7348274517.fit.gz,,,1208.0,1208.0,0.0,0.0,0.0,0.0,,,,0.0,0.0,,,,,,116.0,,,105.0,,,4.0,,,,,,,,,,,,,0.0,,1.0,,,,,,,,,,,,,,,,,,,,,,,,,,,0.0,0.0,0.0,,,,,,,,,,,,,,,,,,,,,""
6891524993,"Mar 27, 2022, 8:53:44 AM",Salamina ride,Ride,"",17363,77.02,155.0,68,,,,activities/7332310399.fit.gz,,,17363.0,14042.0,77027.5,11.606,5.486,503.1,986.0,0.2,207.9,10.7,-0.1,,,,,,122.0,,,1049.0,,,68.0,,,,,,,,,,,0.0,,0.0,,1.0,,,,,,,,,,,,,,,,,,,,,,,,,,,2.0,4.436,0.0,,,,,,,,,,,,,,,,,,,,,""
6884937904,"Mar 26, 2022, 10:29:27 AM",Lunch Ride,Ride,,7235,26.17,167.0,85,,,,activities/7325130440.fit.gz,,,7235.0,6018.0,26171.5,11.968,4.349,663.8,666.0,438.8,1061.3,10.2,0.0,,,,,,141.0,,,652.0,,,85.0,,,,,,,,,,,0.0,,0.0,,1.0,,,,,,,,,,,,,,,,,,,,,,,,,,,0.0,3.617,147.9,,,,,,,,,,,,,,,,,,,,,""
6884934159,"Mar 25, 2022, 8:55:17 AM",Morning Activity,Weight Training,,1094,0,144.0,2,,,,activities/7325126572.fit.gz,,,1094.0,1094.0,0.0,0.0,0.0,0.0,,,,0.0,0.0,,,,,,98.0,,,63.0,,,2.0,,,,,,,,,,,,,0.0,,1.0,,,,,,,,,,,,,,,,,,,,,,,,,,,0.0,0.0,0.0,,,,,,,,,,,,,,,,,,,,,""
6875927264,"Mar 24, 2022, 2:55:41 PM",Afternoon Ride,Ride,,6758,26.51,172.0,93,,,,activities/7315369297.fit.gz,,,6758.0,6355.0,26509.7,13.648,4.171,741.5,793.0,89.8,284.8,22.4,0.0,,,,,,142.0,,,677.0,,,93.0,,,,,,,,,,,0.0,,0.0,,1.0,,,,,,,,,,,,,,,,,,,,,,,,,,,0.0,3.923,1747.5,,,,,,,,,,,,,,,,,,,,,""
6864322064,"Mar 22, 2022, 12:04:36 PM",Afternoon Ride,Ride,,6123,23.11,162.0,58,,,,activities/7302884835.fit.gz,,,6123.0,5618.0,23117.2,14.044,4.115,695.5,809.0,102.8,285.0,15.6,0.0,,,,,,136.0,,,559.0,,,58.0,,,,,,,,,,,0.0,,0.0,,1.0,,,,,,,,,,,,,,,,,,,,,,,,,,,0.0,3.775,4439.6,,,,,,,,,,,,,,,,,,,,,""
6864320506,"Mar 20, 2022, 11:12:54 AM",Afternoon Activity,Weight Training,,4980,0,174.0,18,,,,activities/7302883128.fit.gz,,,4980.0,4980.0,0.0,0.0,0.0,0.0,,,,0.0,0.0,,,,,,113.0,,,336.0,,,18.0,,,,,,,,,,,,,0.0,,1.0,,,,,,,,,,,,,,,,,,,,,,,,,,,0.0,0.0,0.0,,,,,,,,,,,,,,,,,,,,,""
6849589688,"Mar 19, 2022, 3:00:05 PM",Afternoon Ride,Ride,,4706,13.64,168.0,36,,,,activities/7286880692.fit.gz,,,4706.0,3803.0,13643.7,12.092,3.588,352.4,390.0,195.7,449.9,13.2,0.0,,,,,,135.0,,,378.0,,,36.0,,,,,,,,,,,0.0,,0.0,,1.0,,,,,,,,,,,,,,,,,,,,,,,,,,,0.0,2.899,11823.5,,,,,,,,,,,,,,,,,,,,,""
6849587691,"Mar 18, 2022, 3:05:12 PM",Afternoon Activity,Weight Training,,2578,0,128.0,4,,,,activities/7286878599.fit.gz,,,2578.0,2578.0,0.0,0.0,0.0,0.0,,,,0.0,0.0,,,,,,84.0,,,100.0,,,4.0,,,,,,,,,,,,,0.0,,1.0,,,,,,,,,,,,,,,,,,,,,,,,,,,0.0,0.0,0.0,,,,,,,,,,,,,,,,,,,,,""
6838826239,"Mar 17, 2022, 2:04:06 PM",Petroupoli anifores ride,Ride,,8754,28.02,174.0,109,,,,activities/7275300174.fit.gz,,,8754.0,6676.0,28027.2,13.869,4.198,839.1,936.0,90.9,279.1,20.3,0.0,,,,,,143.0,,,695.0,,,109.0,,,,,,,,,,,0.0,,0.0,,1.0,,,,,,,,,,,,,,,,,,,,,,,,,,,0.0,3.202,1561.4,,,,,,,,,,,,,,,,,,,,,""
6837091053,"Mar 16, 2022, 5:43:05 PM",Evening Hike,Hike,,5465,6.14,109.0,8,,,,activities/7273424566.fit.gz,,,5465.0,4671.0,6140.4,2.701,1.315,39.3,9.0,85.0,106.7,28.5,0.0,,,65.0,59.0,,83.0,,,171.0,,,8.0,,,,,,,,,,,,,0.0,,1.0,,,,,,,,,,,,,,,,,,,,,,,,,,,0.0,1.124,0.0,,,,,,,,,,,,,,,,,,,,,""
6816950002,"Mar 13, 2022, 9:16:37 AM",Lunch Ride,Ride,,8627,24.15,167.0,95,,,,activities/7251754506.fit.gz,,,8627.0,7295.0,24156.8,13.057,3.311,493.1,546.0,178.5,411.1,16.1,0.0,,,,,,138.0,,,738.0,,,95.0,,,,,,,,,,,0.0,,0.0,,1.0,,,,,,,,,,,,,,,,,,,,,,,,,,,0.0,2.8,21735.9,,,,,,,,,,,,,,,,,,,,,""
6816946136,"Mar 12, 2022, 10:06:47 AM",Lunch Activity,Weight Training,,5873,0,147.0,15,,,,activities/7251750285.fit.gz,,,5873.0,5873.0,0.0,0.0,0.0,0.0,0.0,243.2,243.2,0.0,0.0,,,,,,102.0,,,335.0,,,15.0,,,,,,,,,,,,,0.0,,1.0,,,,,,,,,,,,,,,,,,,,,,,,,,,0.0,0.0,0.0,,,,,,,,,,,,,,,,,,,,,""
6808114788,"Mar 11, 2022, 2:36:49 PM",Afternoon Ride,Ride,,8326,40.36,163.0,40,,,,activities/7242202654.fit.gz,,,8326.0,7147.0,40364.6,10.881,5.648,233.9,372.0,23.7,138.9,4.2,0.0,,,,,,129.0,,,596.0,,,40.0,,,,,,,,,,,0.0,,0.0,,1.0,,,,,,,,,,,,,,,,,,,,,,,,,,,0.0,4.848,132.5,,,,,,,,,,,,,,,,,,,,,""
6808111703,"Mar 10, 2022, 7:14:47 AM",Morning Activity,Weight Training,,1772,0,127.0,4,,,,activities/7242199422.fit.gz,,,1772.0,1772.0,0.0,0.0,0.0,0.0,,,,0.0,0.0,,,,,,95.0,,,93.0,,,4.0,,,,,,,,,,,,,0.0,,1.0,,,,,,,,,,,,,,,,,,,,,,,,,,,0.0,0.0,0.0,,,,,,,,,,,,,,,,,,,,,""
6808110516,"Mar 9, 2022, 6:08:08 PM",Evening Activity,Weight Training,,2534,0,143.0,5,,,,activities/7242198189.fit.gz,,,2534.0,2534.0,0.0,0.0,0.0,0.0,,,,0.0,0.0,,,,,,89.0,,,111.0,,,5.0,,,,,,,,,,,,,0.0,,1.0,,,,,,,,,,,,,,,,,,,,,,,,,,,0.0,0.0,0.0,,,,,,,,,,,,,,,,,,,,,""
6787631281,"Mar 7, 2022, 11:34:54 AM",Γεράνεια πίντιζα ,Run,,11161,13.55,181.0,162,,,,activities/7220161057.fit.gz,,,11161.0,10683.0,13558.6,4.412,1.269,1039.6,1184.0,-0.7,1022.2,49.9,0.1,,,124.0,66.0,,147.0,,,1189.0,,,162.0,,,,,,,,,,,0.0,,0.0,,1.0,19757.8,,,,,,,,,,,,,,,,,,,,,,,,,,0.0,1.215,5473.4,,,,,,,,,,,,,,,,,,,,,""
6782375732,"Mar 6, 2022, 11:49:09 AM",Rapentosa,Run,,8089,11.51,169.0,28,,,,activities/7214438798.fit.gz,,,8089.0,7384.0,11518.7,3.044,1.56,299.4,611.0,172.6,354.9,47.8,0.1,,,123.0,75.0,,125.0,,,664.0,,,28.0,,,,,,,,,,,0.0,,0.0,,1.0,12399.5,,,,,,,,,,,,,,,,,,,,,,,,,,0.0,1.424,9948.4,,,,,,,,,,,,,,,,,,,,,""
6776679004,"Mar 5, 2022, 11:21:05 AM",Afternoon Run,Run,,8446,17.15,172.0,139,,,,activities/7208274477.fit.gz,,,8446.0,8419.0,17150.9,3.951,2.037,691.7,933.0,184.0,402.1,41.3,0.2,,,118.0,75.0,,144.0,,,971.0,,,139.0,,,,,,,,,,,0.0,,0.0,,1.0,20567.9,,,,,,,,,,,,,,,,,,,,,,,,,,0.0,2.031,11850.9,,,,,,,,,,,,,,,,,,,,,""
6776674379,"Mar 4, 2022, 3:05:30 PM",Afternoon Run,Run,,3732,8.42,183.0,39,,,,activities/7208269567.fit.gz,,,3732.0,3190.0,8424.8,4.618,2.641,157.2,199.0,255.9,267.8,12.0,0.0,,,96.0,87.0,,142.0,,,397.0,,,39.0,,,,,,,,,,,,,0.0,,1.0,8752.7,,,,,,,,,,,,,,,,,,,,,,,,,,0.0,2.257,5971.3,,,,,,,,,,,,,,,,,,,,,""
6776671999,"Mar 3, 2022, 3:08:41 PM",Afternoon Run,Run,,2999,7.60,171.0,39,,,,activities/7208266843.fit.gz,,,2999.0,2712.0,7608.6,4.922,2.806,59.4,251.0,104.1,120.0,5.4,0.0,,,98.0,87.0,,144.0,,,358.0,,,39.0,,,,,,,,,,,,,0.0,,1.0,7669.2,,,,,,,,,,,,,,,,,,,,,,,,,,0.0,2.537,0.0,,,,,,,,,,,,,,,,,,,,,""
6757160397,"Mar 1, 2022, 3:27:30 PM",Afternoon Ride,Ride,,5617,30.53,134.0,20,,,,activities/7187281943.fit.gz,,,5617.0,5552.0,30533.0,11.196,5.499,221.8,349.0,65.1,147.9,3.8,0.0,,,,,,119.0,,,402.0,,,20.0,,,,,,,,,,,0.0,,0.0,,1.0,,,,,,,,,,,,,,,,,,,,,,,,,,,0.0,5.436,0.0,,,,,,,,,,,,,,,,,,,,,""
6757157382,"Feb 28, 2022, 5:43:48 PM",Evening Run,Run,,1806,4.55,162.0,9,,,,activities/7187278819.fit.gz,,,1806.0,1803.0,4549.3,3.009,2.523,0.0,,,,0.0,0.0,,,90.0,86.0,,130.0,,,194.0,,,9.0,,,,,,,,,,,,,0.0,,1.0,,,,,,,,,,,,,,,,,,,,,,,,,,,0.0,2.519,0.0,,,,,,,,,,,,,,,,,,,,,""
6745412450,"Feb 27, 2022, 10:07:35 AM",Lunch Run,Run,,3717,6.70,182.0,66,,,,activities/7174524480.fit.gz,,,3717.0,3657.0,6699.6,3.581,1.832,370.6,572.0,207.6,409.9,29.2,-0.4,,,124.0,72.0,,146.0,,,445.0,,,66.0,,,,,,,,,,,0.0,,0.0,,1.0,8881.3,,,,,,,,,,,,,,,,,,,,,,,,,,0.0,1.802,3209.4,,,,,,,,,,,,,,,,,,,,,""
6740210575,"Feb 26, 2022, 9:35:36 AM",Lunch Ride,Ride,,9514,44.29,166.0,90,,,,activities/7168884703.fit.gz,,,9514.0,9064.0,44297.9,11.75,4.887,851.6,962.0,142.2,859.9,11.8,0.0,,,,,,136.0,,,822.0,,,90.0,,,,,,,,,,,0.0,,0.0,,1.0,,,,,,,,,,,,,,,,,,,,,,,,,,,0.0,4.656,462.3,,,,,,,,,,,,,,,,,,,,,""
6740206042,"Feb 26, 2022, 9:35:17 AM",Lunch Ride,Ride,,7,0.00,98.0,0,,,,activities/7168879987.fit.gz,,,7.0,7.0,1.9,0.285,0.266,0.0,0.0,209.8,209.8,0.0,0.0,,,,,,92.0,,,,,,0.0,,,,,,,,,,,,,0.0,,1.0,,,,,,,,,,,,,,,,,,,,,,,,,,,0.0,0.266,0.0,,,,,,,,,,,,,,,,,,,,,""
6736603331,"Feb 25, 2022, 3:24:44 PM",Afternoon Ride,Ride,,4153,22.25,149.0,21,,,,activities/7165006460.fit.gz,,,4153.0,3744.0,22254.5,10.437,5.944,172.0,280.0,78.6,160.5,4.5,0.1,,,,,,127.0,,,340.0,,,21.0,,,,,,,,,,,0.0,,0.0,,1.0,,,,,,,,,,,,,,,,,,,,,,,,,,,0.0,5.359,0.0,,,,,,,,,,,,,,,,,,,,,""
6734810286,"Feb 24, 2022, 11:26:31 AM",Afternoon Activity,Weight Training,,3168,0,124.0,5,,,,activities/7163064823.fit.gz,,,3168.0,3168.0,0.0,0.0,0.0,0.0,,,,0.0,0.0,,,,,,83.0,,,118.0,,,5.0,,,,,,,,,,,,,0.0,,1.0,,,,,,,,,,,,,,,,,,,,,,,,,,,0.0,0.0,0.0,,,,,,,,,,,,,,,,,,,,,""
6734809366,"Feb 23, 2022, 11:19:04 AM",Afternoon Run,Run,,2438,5.87,170.0,28,,,,activities/7163063852.fit.gz,,,2438.0,2427.0,5872.5,4.978,2.42,33.5,200.0,104.1,120.0,6.0,0.0,,,97.0,85.0,,142.0,,,284.0,,,28.0,,,,,,,,,,,,,0.0,,1.0,5920.6,,,,,,,,,,,,,,,,,,,,,,,,,,0.0,2.409,0.0,,,,,,,,,,,,,,,,,,,,,""
6722415283,"Feb 22, 2022, 4:15:12 PM",Anifores asfalto,Run,"",4089,9.65,207.0,161,,,,activities/7149724224.fit.gz,,,4089.0,3874.0,9651.5,6.624,2.491,206.1,354.0,251.3,268.7,11.6,-0.1,,,124.0,82.0,,170.0,,,628.0,,,161.0,,,,,,,,,,,0.0,,0.0,,1.0,10144.0,,,,,,,,,,,,,,,,,,,,,,,,,,0.0,2.36,9651.5,,,,,,,,,,,,,,,,,,,,,""
6710765502,"Feb 20, 2022, 9:13:51 AM",Lunch Run,Run,,7796,12.41,183.0,92,,,,activities/7137195338.fit.gz,,,7796.0,7671.0,12414.7,3.298,1.618,647.5,895.0,273.4,721.9,37.9,-0.2,,,124.0,70.0,,139.0,,,817.0,,,92.0,,,,,,,,,,,0.0,,0.0,,1.0,15911.5,,,,,,,,,,,,,,,,,,,,,,,,,,0.0,1.592,10030.9,,,,,,,,,,,,,,,,,,,,,""
6707125230,"Feb 19, 2022, 10:54:02 AM",Kithaironas birthday run,Run,"",13822,21.00,203.0,282,,,,activities/7133256998.fit.gz,,,13822.0,10523.0,21004.2,3.983,1.996,911.0,1223.0,619.4,1400.0,32.8,0.1,,,128.0,73.0,,155.0,,,1583.0,,,282.0,,,,,,,,,,,0.0,,0.0,,1.0,24965.6,,,,,,,,,,,,,,,,,,,,,,,,,,0.0,1.52,5037.9,,,,,,,,,,,,,,,,,,,,,""
6707119216,"Feb 18, 2022, 4:27:52 PM",Evening Activity,Weight Training,,4005,0,136.0,7,,,,activities/7133250550.fit.gz,,,4005.0,4005.0,0.0,0.0,0.0,0.0,,,,0.0,0.0,,,,,,88.0,,,174.0,,,7.0,,,,,,,,,,,,,0.0,,1.0,,,,,,,,,,,,,,,,,,,,,,,,,,,0.0,0.0,0.0,,,,,,,,,,,,,,,,,,,,,""
6697031919,"Feb 17, 2022, 2:07:54 PM",Afternoon Run,Run,,3780,7.08,168.0,46,,,,activities/7122373743.fit.gz,,,3780.0,3474.0,7087.6,4.32,2.04,318.3,371.0,201.3,449.5,39.7,0.2,,,122.0,75.0,,139.0,,,439.0,,,46.0,,,,,,,,,,,,,0.0,,1.0,8590.2,,,,,,,,,,,,,,,,,,,,,,,,,,0.0,1.875,6336.6,,,,,,,,,,,,,,,,,,,,,""
6692978659,"Feb 16, 2022, 4:21:27 PM",Evening Run,Run,,3507,9.17,171.0,57,,,,activities/7118023863.fit.gz,,,3507.0,3137.0,9177.3,5.546,2.926,181.7,218.0,255.3,265.9,12.0,0.0,,,116.0,83.0,,146.0,,,430.0,,,57.0,,,,,,,,,,,0.0,,0.0,,1.0,9589.2,,,,,,,,,,,,,,,,,,,,,,,,,,0.0,2.617,0.0,,,,,,,,,,,,,,,,,,,,,""
6688231534,"Feb 15, 2022, 4:53:24 PM",Evening Run,Run,,3345,7.52,176.0,68,,,,activities/7112939928.fit.gz,,,3345.0,2952.0,7523.8,4.668,2.549,172.0,293.0,251.0,279.8,11.7,-0.1,,,114.0,84.0,,153.0,,,418.0,,,68.0,,,,,,,,,,,,,0.0,,1.0,7962.6,,,,,,,,,,,,,,,,,,,,,,,,,,0.0,2.249,4585.2,,,,,,,,,,,,,,,,,,,,,""
6676961698,"Feb 13, 2022, 10:41:11 AM",Trelos + golgothas,Run,,7498,13.53,196.0,234,,,,activities/7100765631.fit.gz,,,7498.0,7266.0,13530.1,3.679,1.862,743.0,876.0,245.4,985.6,40.9,0.0,,,124.0,73.0,,160.0,,,1100.0,,,234.0,,,,,,,,,,,0.0,,0.0,,1.0,17737.7,,,,,,,,,,,,,,,,,,,,,,,,,,0.0,1.804,12622.3,,,,,,,,,,,,,,,,,,,,,""
6672144524,"Feb 12, 2022, 12:27:02 PM",Ano glufada,Run,,10295,19.55,197.0,279,,,,activities/7095554548.fit.gz,,,10295.0,9409.0,19551.1,3.744,2.078,575.7,768.0,100.4,595.6,45.4,0.0,,,125.0,79.0,,159.0,,,1295.0,,,279.0,,,,,,,,,,,0.0,,0.0,,1.0,21138.8,,,,,,,,,,,,,,,,,,,,,,,,,,0.0,1.899,15026.9,,,,,,,,,,,,,,,,,,,,,""
6669359573,"Feb 11, 2022, 3:24:52 PM",Afternoon Run,Run,,2983,6.26,168.0,47,,,,activities/7092568408.fit.gz,,,2983.0,2487.0,6259.2,4.87,2.517,125.3,130.0,255.3,265.7,12.2,0.0,,,97.0,85.0,,148.0,,,349.0,,,47.0,,,,,,,,,,,,,0.0,,1.0,6515.8,,,,,,,,,,,,,,,,,,,,,,,,,,0.0,2.098,0.0,,,,,,,,,,,,,,,,,,,,,""
6656503245,"Feb 9, 2022, 2:06:47 PM",Long  1 8 ,Run,,8112,18.01,187.0,292,,,,activities/7078785909.fit.gz,,,8112.0,7942.0,18018.5,4.485,2.269,736.3,1037.0,177.4,449.5,42.7,0.0,,,111.0,78.0,,162.0,,,1185.0,,,292.0,,,,,,,,,,,0.0,,0.0,,1.0,21415.7,,,,,,,,,,,,,,,,,,,,,,,,,,0.0,2.221,12924.8,,,,,,,,,,,,,,,,,,,,,""
6656499646,"Feb 8, 2022, 4:43:46 PM",Evening Run,Run,,3317,7.25,162.0,20,,,,activities/7078782098.fit.gz,,,3317.0,2777.0,7252.4,5.242,2.612,57.4,299.0,104.1,120.1,5.8,0.0,,,98.0,86.0,,136.0,,,316.0,,,20.0,,,,,,,,,,,,,0.0,,1.0,7326.1,,,,,,,,,,,,,,,,,,,,,,,,,,0.0,2.186,0.0,,,,,,,,,,,,,,,,,,,,,""
6640969565,"Feb 6, 2022, 12:15:22 PM",Long pirovoleia crew,Run,,9481,23.00,178.0,261,,,,activities/7062143310.fit.gz,,,9481.0,9335.0,23006.3,4.447,2.465,562.6,786.0,183.9,415.4,9.1,0.0,,,110.0,82.0,,157.0,,,1248.0,,,261.0,,,,,,,,,,,0.0,,0.0,,1.0,24173.0,,,,,,,,,,,,,,,,,,,,,,,,,,0.0,2.427,21733.4,,,,,,,,,,,,,,,,,,,,,""
6634833096,"Feb 5, 2022, 12:10:27 PM",Ανηφόρες μετά από κρασιά και 400άρια 🫣,Run,,4205,8.56,185.0,85,,,,activities/7055540276.fit.gz,,,4205.0,3941.0,8565.4,4.523,2.173,465.2,524.0,252.0,449.4,36.2,0.0,,,118.0,74.0,,150.0,,,600.0,,,85.0,,,,,,,,,,,0.0,,0.0,,1.0,11205.5,,,,,,,,,,,,,,,,,,,,,,,,,,0.0,2.037,2075.2,,,,,,,,,,,,,,,,,,,,,""
6632994542,"Feb 4, 2022, 3:38:55 PM",Afternoon Run,Run,,4875,12.02,177.0,55,,,,activities/7053575332.fit.gz,,,4875.0,4703.0,12020.2,4.986,2.556,234.8,330.0,255.7,267.4,10.9,0.0,,,124.0,89.0,,145.0,,,567.0,,,55.0,,,,,,,,,,,0.0,,0.0,,1.0,12477.1,,,,,,,,,,,,,,,,,,,,,,,,,,0.0,2.466,12020.2,,,,,,,,,,,,,,,,,,,,,""
6625783622,"Feb 3, 2022, 3:24:43 PM",Afternoon Run,Run,,2864,7.10,177.0,52,,,,activities/7045877908.fit.gz,,,2864.0,2670.0,7101.1,4.481,2.66,53.2,325.0,195.1,209.3,11.3,0.0,,,98.0,85.0,,147.0,,,363.0,,,52.0,,,,,,,,,,,,,0.0,,1.0,7198.4,,,,,,,,,,,,,,,,,,,,,,,,,,0.0,2.479,7102.4,,,,,,,,,,,,,,,,,,,,,""
6625781131,"Feb 2, 2022, 4:52:19 PM",Evening Activity,Weight Training,,4982,0,138.0,11,,,,activities/7045875169.fit.gz,,,4982.0,4982.0,0.0,0.0,0.0,0.0,,,,0.0,0.0,,,,,,93.0,,,245.0,,,11.0,,,,,,,,,,,,,0.0,,1.0,,,,,,,,,,,,,,,,,,,,,,,,,,,0.0,0.0,0.0,,,,,,,,,,,,,,,,,,,,,""
6614941856,"Feb 1, 2022, 1:13:59 PM",Afternoon Run,Run,,2424,6.47,163.0,49,,,,activities/7034331336.fit.gz,,,2424.0,2295.0,6470.1,4.585,2.819,54.0,199.0,104.1,120.1,6.6,0.0,,,95.0,86.0,,149.0,,,322.0,,,49.0,,,,,,,,,,,,,0.0,,1.0,6536.8,,,,,,,,,,,,,,,,,,,,,,,,,,0.0,2.669,0.0,,,,,,,,,,,,,,,,,,,,,""
6614940456,"Jan 31, 2022, 3:42:00 PM",Afternoon Run,Run,,3395,6.75,159.0,17,,,,activities/7034329826.fit.gz,,,3395.0,2429.0,6758.0,4.994,2.782,53.7,179.0,104.1,120.1,6.1,0.0,,,98.0,86.0,,133.0,,,257.0,,,17.0,,,,,,,,,,,,,0.0,,1.0,6825.5,,,,,,,,,,,,,,,,,,,,,,,,,,0.0,1.991,0.0,,,,,,,,,,,,,,,,,,,,,""
6604275463,"Jan 30, 2022, 9:22:49 AM",Lunch Run,Run,,8901,18.00,200.0,247,,,,activities/7022897100.fit.gz,,,8901.0,8337.0,18006.1,3.788,2.16,687.0,897.0,205.9,449.5,41.1,0.0,,,92.0,75.0,,157.0,,,1130.0,,,247.0,,,,,,,,,,,0.0,,0.0,,1.0,21062.0,,,,,,,,,,,,,,,,,,,,,,,,,,0.0,2.023,13537.7,,,,,,,,,,,,,,,,,,,,,""
6594941786,"Jan 28, 2022, 2:09:48 PM",Afternoon Run,Run,,3802,7.99,162.0,50,,,,activities/7012889623.fit.gz,,,3802.0,3348.0,7996.0,5.01,2.388,70.8,344.0,195.2,210.3,12.8,0.0,,,98.0,84.0,,145.0,,,417.0,,,50.0,,,,,,,,,,,0.0,,0.0,,1.0,8121.0,,,,,,,,,,,,,,,,,,,,,,,,,,0.0,2.103,7997.4,,,,,,,,,,,,,,,,,,,,,""
6589996253,"Jan 27, 2022, 2:20:53 PM",Afternoon Run,Run,,4469,10.20,187.0,44,,,,activities/7007610528.fit.gz,,,4469.0,3829.0,10202.5,4.806,2.665,81.6,326.0,100.0,120.1,5.1,0.0,,,98.0,85.0,,141.0,,,434.0,,,44.0,,,,,,,,,,,,,0.0,,1.0,10274.2,,,,,,,,,,,,,,,,,,,,,,,,,,0.0,2.283,0.0,,,,,,,,,,,,,,,,,,,,,""
6584806269,"Jan 26, 2022, 1:09:50 PM",Afternoon Run,Run,,5491,8.05,180.0,65,,,,activities/7002067435.fit.gz,,,5491.0,4548.0,8054.1,4.018,1.771,355.7,447.0,237.4,449.4,45.7,0.0,,,118.0,75.0,,142.0,,,562.0,,,65.0,,,,,,,,,,,,,0.0,,1.0,9924.0,,,,,,,,,,,,,,,,,,,,,,,,,,0.0,1.467,5797.0,,,,,,,,,,,,,,,,,,,,,""
6584803575,"Jan 25, 2022, 3:01:44 PM",Afternoon Run,Run,,3730,8.62,178.0,76,,,,activities/7002064558.fit.gz,,,3730.0,3336.0,8626.8,4.593,2.586,73.1,318.0,104.1,120.1,5.9,0.0,,,97.0,83.0,,152.0,,,444.0,,,76.0,,,,,,,,,,,,,0.0,,1.0,8706.6,,,,,,,,,,,,,,,,,,,,,,,,,,0.0,2.313,0.0,,,,,,,,,,,,,,,,,,,,,""
6574921600,"Jan 24, 2022, 3:02:16 PM",Afternoon Run,Run,,4836,8.50,172.0,55,,,,activities/6991550587.fit.gz,,,4836.0,4701.0,8500.2,3.394,1.808,258.3,396.0,208.4,449.5,29.0,0.0,,,122.0,79.0,,141.0,,,555.0,,,55.0,,,,,,,,,,,,,0.0,,1.0,9325.6,,,,,,,,,,,,,,,,,,,,,,,,,,0.0,1.758,6757.5,,,,,,,,,,,,,,,,,,,,,""
6574918848,"Jan 24, 2022, 8:23:56 AM",Morning Activity,Weight Training,,2604,0,145.0,4,,,,activities/6991547732.fit.gz,,,2604.0,2604.0,0.0,0.0,0.0,0.0,,,,0.0,0.0,,,,,,84.0,,,105.0,,,4.0,,,,,,,,,,,,,0.0,,1.0,,,,,,,,,,,,,,,,,,,,,,,,,,,0.0,0.0,0.0,,,,,,,,,,,,,,,,,,,,,""
6568758100,"Jan 23, 2022, 9:28:01 AM",Rocky long,Run,,11423,22.38,190.0,331,,,,activities/6984889297.fit.gz,,,11423.0,11064.0,22388.3,3.978,2.024,1081.2,1309.0,182.8,402.6,43.1,0.0,,,118.0,75.0,,156.0,,,1435.0,,,331.0,,,,,,3.0,,,,,0.0,92.0,0.0,,1.0,28324.2,,,,,,,,,,,,,,,,,,,,,,,,,,0.0,1.96,18182.8,,,,,,,,,,,,,,,,,,,,,""
6562618312,"Jan 22, 2022, 9:40:39 AM",Uphill 5',Run,,5606,7.02,185.0,75,,,,activities/6978289890.fit.gz,,,5606.0,5161.0,7027.6,3.166,1.362,638.7,725.0,232.0,363.3,48.0,0.0,,,123.0,68.0,,140.0,,,612.0,,,75.0,,,,,,,,,,,0.0,,0.0,,1.0,12192.7,,,,,,,,,,,,,,,,,,,,,,,,,,0.0,1.254,1834.7,,,,,,,,,,,,,,,,,,,,,""
6562368777,"Jan 21, 2022, 4:32:21 PM",Evening Activity,Weight Training,,2392,0,122.0,3,,,,activities/6978024967.fit.gz,,,2392.0,2392.0,0.0,0.0,0.0,0.0,,,,0.0,0.0,,,,,,71.0,,,61.0,,,3.0,,,,,,,,,,,,,0.0,,1.0,,,,,,,,,,,,,,,,,,,,,,,,,,,0.0,0.0,0.0,,,,,,,,,,,,,,,,,,,,,""
6558902293,"Jan 21, 2022, 3:27:34 PM",Afternoon Run,Run,,2600,7.12,143.0,9,,,,activities/6974306366.fit.gz,,,2600.0,2560.0,7126.5,5.284,2.784,52.5,249.0,104.1,120.1,6.5,0.0,,,99.0,87.0,,126.0,,,234.0,,,9.0,,,,,,,,,,,,,0.0,,1.0,7189.9,,,,,,,,,,,,,,,,,,,,,,,,,,0.0,2.741,0.0,,,,,,,,,,,,,,,,,,,,,""
6553833625,"Jan 20, 2022, 2:09:24 PM",Afternoon Run,Run,,4063,10.60,190.0,100,,,,activities/6968898686.fit.gz,,,4063.0,3910.0,10601.3,4.473,2.711,225.1,325.0,232.6,369.1,16.3,0.0,,,96.0,83.0,,155.0,,,566.0,,,100.0,,,,,,,,,,,0.0,,0.0,,1.0,11052.4,,,,,,,,,,,,,,,,,,,,,,,,,,0.0,2.609,10571.3,,,,,,,,,,,,,,,,,,,,,""
6544923237,"Jan 18, 2022, 4:38:11 PM",Evening Run,Run,,5069,14.09,185.0,79,,,,activities/6959387806.fit.gz,,,5069.0,4965.0,14096.3,4.693,2.839,273.6,354.0,254.8,266.7,13.5,0.0,,,96.0,87.0,,145.0,,,629.0,,,79.0,,,,,,,,,,,,,0.0,,1.0,14644.4,,,,,,,,,,,,,,,,,,,,,,,,,,0.0,2.781,0.0,,,,,,,,,,,,,,,,,,,,,""
6540466390,"Jan 17, 2022, 5:45:51 PM",Evening Run,Run,,3949,10.01,179.0,64,,,,activities/6954626244.fit.gz,,,3949.0,3652.0,10009.2,5.046,2.741,119.3,408.0,101.5,129.6,8.3,0.0,,,124.0,85.0,,147.0,,,452.0,,,64.0,,,,,,,,,,,,,0.0,,1.0,10194.7,,,,,,,,,,,,,,,,,,,,,,,,,,0.0,2.535,0.0,,,,,,,,,,,,,,,,,,,,,""
6532751933,"Jan 16, 2022, 11:26:00 AM",Long penteli,Run,,6661,11.00,187.0,143,,,,activities/6946336325.fit.gz,,,6661.0,5612.0,11007.4,4.22,1.961,561.9,828.0,430.5,750.8,50.0,-0.1,,,121.0,77.0,,154.0,,,759.0,,,143.0,,,,,,,,,,,0.0,,0.0,,1.0,14030.5,,,,,,,,,,,,,,,,,,,,,,,,,,0.0,1.653,5008.4,,,,,,,,,,,,,,,,,,,,,""
6527157769,"Jan 15, 2022, 11:38:03 AM",Afternoon Run,Run,,6049,10.58,182.0,65,,,,activities/6940331250.fit.gz,,,6049.0,5555.0,10583.3,4.556,1.905,605.5,767.0,206.0,449.4,35.0,0.2,,,124.0,74.0,,137.0,,,637.0,,,65.0,,,,,,,,,,,0.0,,0.0,,1.0,14327.5,,,,,,,,,,,,,,,,,,,,,,,,,,0.0,1.75,5009.8,,,,,,,,,,,,,,,,,,,,,""
6527154072,"Jan 14, 2022, 4:18:21 PM",Evening Run,Run,,2471,7.00,165.0,39,,,,activities/6940327231.fit.gz,,,2471.0,2468.0,7008.1,3.963,2.84,59.0,197.0,104.1,120.1,5.0,0.0,,,90.0,87.0,,143.0,,,328.0,,,39.0,,,,,,,,,,,,,0.0,,1.0,7065.4,,,,,,,,,,,,,,,,,,,,,,,,,,0.0,2.836,0.0,,,,,,,,,,,,,,,,,,,,,""
6517235860,"Jan 13, 2022, 2:07:15 PM",First run 🤒🤕😷,Run,,3447,7.49,168.0,39,,,,activities/6929725387.fit.gz,,,3447.0,3419.0,7497.1,4.028,2.193,293.0,360.0,252.8,369.0,29.7,0.1,,,124.0,78.0,,138.0,,,395.0,,,39.0,,,,,,,,,,,0.0,,0.0,,1.0,8946.0,,,,,,,,,,,,,,,,,,,,,,,,,,0.0,2.175,7072.1,,,,,,,,,,,,,,,,,,,,,""
6517234358,"Jan 12, 2022, 5:49:05 PM",Evening Activity,Weight Training,,2762,0,156.0,7,,,,activities/6929723713.fit.gz,,,2762.0,2762.0,0.0,0.0,0.0,0.0,,,,0.0,0.0,,,,,,102.0,,,172.0,,,7.0,,,,,,,,,,,,,0.0,,1.0,,,,,,,,,,,,,,,,,,,,,,,,,,,0.0,0.0,0.0,,,,,,,,,,,,,,,,,,,,,""
6508325157,"Jan 11, 2022, 6:53:25 PM",Evening Activity,Weight Training,,2616,0,129.0,6,,,,activities/6920227640.fit.gz,,,2616.0,2616.0,0.0,0.0,0.0,0.0,,,,0.0,0.0,,,,,,100.0,,,151.0,,,6.0,,,,,,,,,,,,,0.0,,1.0,,,,,,,,,,,,,,,,,,,,,,,,,,,0.0,0.0,0.0,,,,,,,,,,,,,,,,,,,,,""
6508323708,"Jan 11, 2022, 5:46:18 PM",Evening Run,Run,,2863,7.44,168.0,58,,,,activities/6920226152.fit.gz,,,2863.0,2632.0,7447.1,4.468,2.829,34.4,293.0,104.1,120.1,5.5,-0.1,,,102.0,88.0,,151.0,,,355.0,,,58.0,,,,,,,,,,,,,0.0,,1.0,7469.0,,,,,,,,,,,,,,,,,,,,,,,,,,0.0,2.601,0.0,,,,,,,,,,,,,,,,,,,,,""
6508321844,"Jan 9, 2022, 10:56:14 AM",Lunch Run,Run,,1220,3.00,167.0,27,,,,activities/6920224284.fit.gz,,,1220.0,1220.0,3004.3,2.96,2.463,17.8,134.0,110.9,115.6,5.2,-0.1,,,87.0,85.0,,149.0,,,169.0,,,27.0,,,,,,,,,,,,,0.0,,1.0,3022.3,,,,,,,,,,,,,,,,,,,,,,,,,,0.0,2.463,0.0,,,,,,,,,,,,,,,,,,,,,""
6508321244,"Jan 8, 2022, 5:47:50 PM",Evening Activity,Weight Training,,2090,0,110.0,3,,,,activities/6920223503.fit.gz,,,2090.0,2090.0,0.0,0.0,0.0,0.0,,,,0.0,0.0,,,,,,78.0,,,65.0,,,3.0,,,,,,,,,,,,,0.0,,1.0,,,,,,,,,,,,,,,,,,,,,,,,,,,0.0,0.0,0.0,,,,,,,,,,,,,,,,,,,,,""
6508320055,"Jan 8, 2022, 11:23:49 AM",Afternoon Activity,Weight Training,,1479,0,127.0,1,,,,activities/6920222429.fit.gz,,,1479.0,1479.0,0.0,0.0,0.0,0.0,,,,0.0,0.0,,,,,,69.0,,,34.0,,,1.0,,,,,,,,,,,,,0.0,,1.0,,,,,,,,,,,,,,,,,,,,,,,,,,,0.0,0.0,0.0,,,,,,,,,,,,,,,,,,,,,""
6508319288,"Jan 7, 2022, 5:51:37 PM",Evening Activity,Weight Training,,2078,0,141.0,4,,,,activities/6920221578.fit.gz,,,2078.0,2078.0,0.0,0.0,0.0,0.0,,,,0.0,0.0,,,,,,88.0,,,91.0,,,4.0,,,,,,,,,,,,,0.0,,1.0,,,,,,,,,,,,,,,,,,,,,,,,,,,0.0,0.0,0.0,,,,,,,,,,,,,,,,,,,,,""
6508317725,"Jan 6, 2022, 10:15:43 AM",Lunch Activity,Weight Training,,1928,0,108.0,2,,,,activities/6920219961.fit.gz,,,1928.0,1928.0,0.0,0.0,0.0,0.0,,,,0.0,0.0,,,,,,71.0,,,43.0,,,2.0,,,,,,,,,,,,,0.0,,1.0,,,,,,,,,,,,,,,,,,,,,,,,,,,0.0,0.0,0.0,,,,,,,,,,,,,,,,,,,,,""
6459844413,"Jan 2, 2022, 9:51:37 AM",Lunch Run,Run,,4081,9.01,187.0,137,,,,activities/6868291055.fit.gz,,,4081.0,3697.0,9009.1,4.302,2.437,123.7,1058.0,381.8,1185.1,39.7,-8.7,,,123.0,81.0,,163.0,,,534.0,,,137.0,,,,,,,,,,,0.0,,0.0,,1.0,9618.3,,,,,,,,,,,,,,,,,,,,,,,,,,0.0,2.208,6809.1,,,,,,,,,,,,,,,,,,,,,""
6459291447,"Jan 2, 2022, 8:25:32 AM",Stavros ,Run,,3878,4.88,198.0,62,,,,activities/6867705042.fit.gz,,,3878.0,3816.0,4889.0,3.765,1.281,781.5,46.0,406.4,1181.3,49.9,15.8,,,123.0,63.0,,140.0,,,450.0,,,62.0,,,,,,,,,,,0.0,,0.0,,1.0,9510.4,,,,,,,,,,,,,,,,,,,,,,,,,,0.0,1.261,3524.6,,,,,,,,,,,,,,,,,,,,,""
6454686343,"Jan 1, 2022, 8:30:09 AM",Morning Run,Run,,5564,9.20,182.0,97,,,,activities/6862732297.fit.gz,,,5564.0,4679.0,9200.3,3.418,1.966,444.1,512.0,205.9,382.6,27.7,0.2,,,123.0,77.0,,151.0,,,559.0,,,97.0,,,,,,,,,,,,,0.0,,1.0,11219.1,,,,,,,,,,,,,,,,,,,,,,,,,,0.0,1.654,0.0,,,,,,,,,,,,,,,,,,,,,""
6451110792,"Dec 31, 2021, 10:21:00 AM",Lunch Ride,Ride,,8223,31.80,162.0,76,,,,activities/6858844441.fit.gz,,,8223.0,6385.0,31802.0,11.898,4.981,278.0,301.0,34.5,199.0,7.8,0.0,,,,,,137.0,,,657.0,,,76.0,,,,,,,,,,,0.0,,0.0,,1.0,,,,,,,,,,,,,,,,,,,,,,,,,,,0.0,3.867,0.0,,,,,,,,,,,,,,,,,,,,,""
6446993297,"Dec 30, 2021, 11:57:04 AM",Γκοριλας,Run,"",10335,12.20,177.0,71,,,,activities/6854397231.fit.gz,,,10335.0,9660.0,12200.2,3.945,1.263,881.7,1157.0,745.5,1626.6,44.8,0.0,,,124.0,70.0,,126.0,,,826.0,,,71.0,,,,,,,,,,,0.0,,0.0,,1.0,17566.8,,,,,,,,,,,,,,,,,,,,,,,,,,0.0,1.18,7281.2,,,,,,,,,,,,,,,,,,,,,""
6446988882,"Dec 29, 2021, 4:31:39 PM",Evening Activity,Weight Training,,2097,0,171.0,9,,,,activities/6854392490.fit.gz,,,2097.0,2097.0,0.0,0.0,0.0,0.0,,,,0.0,0.0,,,,,,114.0,,,172.0,,,9.0,,,,,,,,,,,,,0.0,,1.0,,,,,,,,,,,,,,,,,,,,,,,,,,,0.0,0.0,0.0,,,,,,,,,,,,,,,,,,,,,""
6439016662,"Dec 28, 2021, 4:06:49 PM",Evening Run,Run,,5262,13.01,191.0,98,,,,activities/6845788657.fit.gz,,,5262.0,4877.0,13017.2,5.38,2.669,309.1,415.0,208.4,219.9,12.2,0.0,,,123.0,84.0,,150.0,,,625.0,,,98.0,,,,,,,,,,,,,0.0,,1.0,13741.0,,,,,,,,,,,,,,,,,,,,,,,,,,0.0,2.474,0.0,,,,,,,,,,,,,,,,,,,,,""
6439013967,"Dec 27, 2021, 5:44:53 PM",Evening Activity,Weight Training,,3128,0,156.0,11,,,,activities/6845785830.fit.gz,,,3128.0,3128.0,0.0,0.0,0.0,0.0,,,,0.0,0.0,,,,,,111.0,,,227.0,,,11.0,,,,,,,,,,,,,0.0,,1.0,,,,,,,,,,,,,,,,,,,,,,,,,,,0.0,0.0,0.0,,,,,,,,,,,,,,,,,,,,,""
6428901087,"Dec 26, 2021, 10:16:04 AM",Lunch Run,Run,,6505,13.80,189.0,190,,,,activities/6834827250.fit.gz,,,6505.0,6284.0,13801.5,4.447,2.196,557.1,728.0,437.6,939.4,49.2,0.0,,,121.0,75.0,,159.0,,,889.0,,,190.0,,,,,,,,,,,0.0,,0.0,,1.0,16063.5,,,,,,,,,,,,,,,,,,,,,,,,,,0.0,2.122,11986.5,,,,,,,,,,,,,,,,,,,,,""
6425968696,"Dec 25, 2021, 10:36:16 AM",Xmas Athens ride,Ride,,10043,23.65,154.0,25,,,,activities/6831608977.fit.gz,,,10043.0,5950.0,23656.8,11.017,3.976,392.2,475.0,48.2,238.8,16.7,0.7,,,,,,119.0,,,533.0,,,25.0,,,,,,,,,,,0.0,,0.0,,1.0,,,,,,,,,,,,,,,,,,,,,,,,,,,0.0,2.356,98.9,,,,,,,,,,,,,,,,,,,,,""
6425967004,"Dec 25, 2021, 9:06:19 AM",Lunch Ride,Ride,,1218,5.66,127.0,2,,,,activities/6831607255.fit.gz,,,1218.0,1018.0,5664.5,9.888,5.564,0.0,169.0,57.4,191.9,0.5,-2.4,,,,,,104.0,,,66.0,,,2.0,,,,,,,,,,,0.0,,0.0,,1.0,,,,,,,,,,,,,,,,,,,,,,,,,,,0.0,4.651,0.0,,,,,,,,,,,,,,,,,,,,,""
6418035107,"Dec 23, 2021, 10:11:51 AM",Lunch Run,Run,,4598,9.49,183.0,133,,,,activities/6823026639.fit.gz,,,4598.0,4459.0,9495.3,3.712,2.129,346.9,478.0,208.1,369.1,40.4,-0.1,,,123.0,76.0,,157.0,,,675.0,,,133.0,,,,,,,,,,,0.0,,0.0,,1.0,11237.5,,,,,,,,,,,,,,,,,,,,,,,,,,0.0,2.065,8111.3,,,,,,,,,,,,,,,,,,,,,""
6418033546,"Dec 22, 2021, 11:06:54 AM",Afternoon Run,Run,,2999,8.52,172.0,46,,,,activities/6823024950.fit.gz,,,2999.0,2999.0,8522.7,4.013,2.842,52.5,192.0,104.7,120.1,3.0,-0.1,,,93.0,86.0,,143.0,,,397.0,,,46.0,,,,,,,,,,,,,0.0,,1.0,8545.0,,,,,,,,,,,,,,,,,,,,,,,,,,0.0,2.842,0.0,,,,,,,,,,,,,,,,,,,,,""
6418032327,"Dec 21, 2021, 4:35:53 PM",Evening Activity,Weight Training,,2434,0,133.0,5,,,,activities/6823023674.fit.gz,,,2434.0,2434.0,0.0,0.0,0.0,0.0,,,,0.0,0.0,,,,,,94.0,,,126.0,,,5.0,,,,,,,,,,,,,0.0,,1.0,,,,,,,,,,,,,,,,,,,,,,,,,,,0.0,0.0,0.0,,,,,,,,,,,,,,,,,,,,,""
6402040765,"Dec 19, 2021, 8:18:08 AM",Kastorios 22,Run,,8238,22.59,183.0,363,,,,activities/6805796499.fit.gz,,,8238.0,8220.0,22597.2,5.044,2.749,753.9,1270.0,379.8,1063.2,25.9,0.0,,,115.0,83.0,,167.0,,,1311.0,,,363.0,,,,,,,,,,,0.0,,0.0,,1.0,24807.9,,,,,,,,,,,,,,,,,,,,,,,,,,0.0,2.743,0.0,,,,,,,,,,,,,,,,,,,,,""
6402036288,"Dec 19, 2021, 7:50:30 AM",Morning Run,Run,,1175,2.39,163.0,23,,,,activities/6805791845.fit.gz,,,1175.0,1033.0,2397.4,4.013,2.321,47.7,130.0,464.5,488.5,8.3,-0.2,,,90.0,82.0,,149.0,,,156.0,,,23.0,,,,,,,,,,,,,0.0,,1.0,2490.5,,,,,,,,,,,,,,,,,,,,,,,,,,0.0,2.04,0.0,,,,,,,,,,,,,,,,,,,,,""
6398509322,"Dec 17, 2021, 8:46:14 AM",Morning Run,Run,,2006,5.15,158.0,20,,,,activities/6801979176.fit.gz,,,2006.0,1861.0,5156.1,5.106,2.771,43.9,114.0,104.1,120.1,8.2,0.0,,,95.0,86.0,,139.0,,,239.0,,,20.0,,,,,,,,,,,,,0.0,,1.0,5212.1,,,,,,,,,,,,,,,,,,,,,,,,,,0.0,2.57,0.0,,,,,,,,,,,,,,,,,,,,,""
6398507997,"Dec 16, 2021, 3:33:09 PM",Afternoon Run,Run,,2704,7.66,172.0,55,,,,activities/6801977760.fit.gz,,,2704.0,2697.0,7659.3,3.665,2.84,63.8,232.0,104.1,120.1,5.5,0.0,,,91.0,86.0,,150.0,,,393.0,,,55.0,,,,,,,,,,,,,0.0,,1.0,7715.8,,,,,,,,,,,,,,,,,,,,,,,,,,0.0,2.833,0.0,,,,,,,,,,,,,,,,,,,,,""
6386198355,"Dec 15, 2021, 9:09:10 AM",Lunch Run,Run,,5525,12.20,164.0,92,,,,activities/6788734256.fit.gz,,,5525.0,5129.0,12204.2,3.72,2.379,283.2,432.0,273.6,449.5,30.3,0.0,,,121.0,81.0,,144.0,,,609.0,,,92.0,,,,,,,,,,,0.0,,0.0,,1.0,13283.5,,,,,,,,,,,,,,,,,,,,,,,,,,0.0,2.209,11384.6,,,,,,,,,,,,,,,,,,,,,""
6383649280,"Dec 14, 2021, 3:57:22 PM",Afternoon Run,Run,,3269,7.11,166.0,46,,,,activities/6785997090.fit.gz,,,3269.0,2974.0,7117.0,5.008,2.393,48.7,209.0,104.1,120.1,6.3,0.0,,,118.0,88.0,,147.0,,,340.0,,,46.0,,,,,,,,,,,,,0.0,,1.0,7184.1,,,,,,,,,,,,,,,,,,,,,,,,,,0.0,2.177,0.0,,,,,,,,,,,,,,,,,,,,,""
6382158132,"Dec 13, 2021, 6:04:53 PM",Evening Run,Run,,2844,6.48,172.0,13,,,,activities/6784392570.fit.gz,,,2844.0,2550.0,6487.3,5.054,2.544,41.6,251.0,104.8,120.1,33.8,0.0,,,98.0,83.0,,126.0,,,230.0,,,13.0,,,,,,,,,,,,,0.0,,1.0,6537.3,,,,,,,,,,,,,,,,,,,,,,,,,,0.0,2.281,0.0,,,,,,,,,,,,,,,,,,,,,""
6373540917,"Dec 12, 2021, 9:06:15 AM",Lunch Run,Run,,3190,5.30,190.0,161,,,,activities/6775072802.fit.gz,,,3190.0,3038.0,5306.7,4.37,1.747,50.2,776.0,499.0,1151.4,26.8,-12.3,,,102.0,79.0,,174.0,,,492.0,,,161.0,,,,,,,,,,,,,0.0,,1.0,6052.2,,,,,,,,,,,,,,,,,,,,,,,,,,0.0,1.664,5306.7,,,,,,,,,,,,,,,,,,,,,""
6373539536,"Dec 12, 2021, 7:54:03 AM",Morning Run,Run,,4052,5.24,189.0,50,,,,activities/6775070939.fit.gz,,,4052.0,3858.0,5241.1,3.104,1.359,660.3,281.0,501.0,1129.1,38.4,12.0,,,115.0,66.0,,139.0,,,435.0,,,50.0,,,,,,,,,,,0.0,,0.0,,1.0,9359.7,,,,,,,,,,,,,,,,,,,,,,,,,,0.0,1.293,5242.7,,,,,,,,,,,,,,,,,,,,,""
6369598843,"Dec 11, 2021, 9:40:21 AM",Lunch Run,Run,,3427,7.75,190.0,102,,,,activities/6770749410.fit.gz,,,3427.0,3293.0,7753.6,4.041,2.355,310.4,363.0,213.6,449.4,35.1,0.1,,,90.0,81.0,,157.0,,,503.0,,,102.0,,,,,,,,,,,,,0.0,,1.0,8963.3,,,,,,,,,,,,,,,,,,,,,,,,,,0.0,2.262,6365.2,,,,,,,,,,,,,,,,,,,,,""
6369597062,"Dec 10, 2021, 4:45:19 PM",Evening Activity,Weight Training,,2755,0,163.0,5,,,,activities/6770747489.fit.gz,,,2755.0,2755.0,0.0,0.0,0.0,0.0,,,,0.0,0.0,,,,,,87.0,,,119.0,,,5.0,,,,,,,,,,,,,0.0,,1.0,,,,,,,,,,,,,,,,,,,,,,,,,,,0.0,0.0,0.0,,,,,,,,,,,,,,,,,,,,,""
6362949703,"Dec 9, 2021, 2:23:09 PM",7 λεπτά 🐅🐆,Run,,3581,6.76,172.0,17,,,,activities/6763572753.fit.gz,,,3581.0,3288.0,6764.3,4.618,2.057,518.5,624.0,240.2,412.5,44.8,0.0,,,123.0,72.0,,123.0,,,344.0,,,17.0,,,,,,,,,,,0.0,,0.0,,1.0,10072.2,,,,,,,,,,,,,,,,,,,,,,,,,,0.0,1.889,5633.0,,,,,,,,,,,,,,,,,,,,,""
6362944277,"Dec 9, 2021, 1:56:21 PM",Afternoon Run,Run,,1380,2.75,150.0,5,,,,activities/6763566917.fit.gz,,,1380.0,1293.0,2749.0,2.849,2.126,121.2,167.0,240.7,363.6,14.8,0.0,,,89.0,81.0,,123.0,,,145.0,,,5.0,,,,,,,,,,,0.0,,0.0,,1.0,3299.7,,,,,,,,,,,,,,,,,,,,,,,,,,0.0,1.992,2082.5,,,,,,,,,,,,,,,,,,,,,""
6360143040,"Dec 8, 2021, 8:03:10 PM",Night Ride,Ride,,517,3.85,117.0,1,,,,activities/6760536210.fit.gz,,,517.0,517.0,3850.5,11.557,7.448,8.7,154.0,98.0,254.6,7.3,-3.9,,,,,,102.0,,,33.0,,,1.0,,,,,,,,,,,0.0,,0.0,,1.0,,,,,,,,,,,,,,,,,,,,,,,,,,,0.0,7.448,0.0,,,,,,,,,,,,,,,,,,,,,""
6360142567,"Dec 8, 2021, 7:14:27 PM",Night Run,Run,,2553,8.20,154.0,22,,,,activities/6760535720.fit.gz,,,2553.0,2546.0,8202.3,5.254,3.222,171.9,244.0,254.5,268.5,14.3,0.0,,,90.0,86.0,,134.0,,,286.0,,,22.0,,,,,,,,,,,,,0.0,,1.0,8580.1,,,,,,,,,,,,,,,,,,,,,,,,,,0.0,3.213,172.5,,,,,,,,,,,,,,,,,,,,,""
6360141378,"Dec 8, 2021, 6:21:28 PM",Evening Ride,Ride,,2861,8.20,148.0,14,,,,activities/6760534430.fit.gz,,,2861.0,2125.0,8202.9,9.797,3.86,241.8,196.0,104.8,272.7,20.2,1.8,,,,,,129.0,,,220.0,,,14.0,,,,,,,,,,,0.0,,0.0,,1.0,,,,,,,,,,,,,,,,,,,,,,,,,,,0.0,2.867,3461.5,,,,,,,,,,,,,,,,,,,,,""
6360140332,"Dec 7, 2021, 4:33:24 PM",Evening Run,Run,,2302,6.26,161.0,47,,,,activities/6760533293.fit.gz,,,2302.0,2164.0,6267.6,3.94,2.896,41.5,185.0,84.8,106.4,5.3,0.1,,,90.0,87.0,,149.0,,,295.0,,,47.0,,,,,,,,,,,,,0.0,,1.0,6312.8,,,,,,,,,,,,,,,,,,,,,,,,,,0.0,2.723,0.0,,,,,,,,,,,,,,,,,,,,,""
6346086339,"Dec 5, 2021, 9:51:50 AM",Lunch Run,Run,,7432,14.99,196.0,198,,,,activities/6745299609.fit.gz,,,7432.0,6718.0,14996.5,4.438,2.232,457.8,651.0,178.3,372.7,49.6,-0.2,,,125.0,76.0,,155.0,,,934.0,,,198.0,,,,,,,,,,,0.0,,0.0,,1.0,16679.5,,,,,,,,,,,,,,,,,,,,,,,,,,0.0,2.018,10312.5,,,,,,,,,,,,,,,,,,,,,""
6341852426,"Dec 4, 2021, 11:10:37 AM",Afternoon Run,Run,,5832,8.89,192.0,155,,,,activities/6740749402.fit.gz,,,5832.0,5378.0,8893.8,4.271,1.654,441.4,1383.0,202.8,1151.2,44.1,-6.2,,,110.0,74.0,,159.0,,,710.0,,,155.0,,,,,,,,,,,0.0,,0.0,,1.0,10725.7,,,,,,,,,,,,,,,,,,,,,,,,,,0.0,1.525,8790.3,,,,,,,,,,,,,,,,,,,,,""
6341849481,"Dec 4, 2021, 10:38:54 AM",Lunch Run,Run,,1819,1.70,181.0,18,,,,activities/6740746209.fit.gz,,,1819.0,1815.0,1707.3,2.517,0.941,488.6,86.0,549.7,1046.4,43.5,29.1,,,121.0,58.0,,123.0,,,176.0,,,18.0,,,,,,,,,,,0.0,,0.0,,1.0,4960.4,,,,,,,,,,,,,,,,,,,,,,,,,,0.0,0.939,1707.3,,,,,,,,,,,,,,,,,,,,,""
6341848283,"Dec 4, 2021, 10:14:08 AM",Lunch Run,Run,,1167,2.76,163.0,14,,,,activities/6740744894.fit.gz,,,1167.0,1151.0,2760.4,4.269,2.398,111.5,106.0,498.4,603.8,14.1,1.9,,,92.0,82.0,,142.0,,,147.0,,,14.0,,,,,,,,,,,0.0,,0.0,,1.0,3176.2,,,,,,,,,,,,,,,,,,,,,,,,,,0.0,2.365,2760.4,,,,,,,,,,,,,,,,,,,,,""
6341847383,"Dec 3, 2021, 3:52:23 PM",Afternoon Ride,Ride,,1257,5.65,169.0,25,,,,activities/6740743812.fit.gz,,,1257.0,1235.0,5658.2,9.016,4.582,56.8,234.0,104.2,275.0,10.5,-2.7,,,,,,147.0,,,173.0,,,25.0,,,,,,,,,,,,,0.0,,1.0,,,,,,,,,,,,,,,,,,,,,,,,,,,0.0,4.501,2287.0,,,,,,,,,,,,,,,,,,,,,""
6341846381,"Dec 3, 2021, 3:34:31 PM",Afternoon Run,Run,,901,2.49,178.0,37,,,,activities/6740742757.fit.gz,,,901.0,901.0,2498.1,3.214,2.773,54.3,41.0,255.1,267.5,8.4,0.0,,,87.0,85.0,,166.0,,,148.0,,,37.0,,,,,,,,,,,,,0.0,,1.0,2632.0,,,,,,,,,,,,,,,,,,,,,,,,,,0.0,2.773,0.0,,,,,,,,,,,,,,,,,,,,,""
6341845435,"Dec 3, 2021, 2:29:17 PM",Afternoon Ride,Ride,,3800,6.92,154.0,19,,,,activities/6740741794.fit.gz,,,3800.0,1852.0,6928.1,8.921,3.741,256.1,136.0,105.4,275.0,10.9,2.2,,,,,,135.0,,,214.0,,,19.0,,,,,,,,,,,0.0,,0.0,,1.0,,,,,,,,,,,,,,,,,,,,,,,,,,,0.0,1.823,2414.8,,,,,,,,,,,,,,,,,,,,,""
6334303016,"Dec 2, 2021, 2:08:13 PM",Afternoon Run,Run,,3725,8.40,195.0,58,,,,activities/6732649419.fit.gz,,,3725.0,3709.0,8405.9,3.688,2.266,343.5,542.0,240.5,449.4,25.6,0.0,,,115.0,80.0,,145.0,,,449.0,,,58.0,,,,,,,,,,,0.0,,0.0,,1.0,9970.5,,,,,,,,,,,,,,,,,,,,,,,,,,0.0,2.257,6055.7,,,,,,,,,,,,,,,,,,,,,""
6326657108,"Nov 30, 2021, 4:30:36 PM",Evening Ride,Ride,,2716,13.10,128.0,9,,,,activities/6724478266.fit.gz,,,2716.0,2716.0,13100.8,9.306,4.824,165.7,316.0,78.5,156.4,5.2,0.1,,,,,,115.0,,,199.0,,,9.0,,,,,,,,,,,,,0.0,,1.0,,,,,,,,,,,,,,,,,,,,,,,,,,,0.0,4.824,112.9,,,,,,,,,,,,,,,,,,,,,""
6326656092,"Nov 30, 2021, 7:17:31 AM",Morning Activity,Weight Training,,1703,0,148.0,4,,,,activities/6724477316.fit.gz,,,1703.0,1703.0,0.0,0.0,0.0,0.0,,,,0.0,0.0,,,,,,100.0,,,100.0,,,4.0,,,,,,,,,,,,,0.0,,1.0,,,,,,,,,,,,,,,,,,,,,,,,,,,0.0,0.0,0.0,,,,,,,,,,,,,,,,,,,,,""
6326655473,"Nov 29, 2021, 6:15:47 PM",Evening Run,Run,,2871,6.01,145.0,9,,,,activities/6724476638.fit.gz,,,2871.0,2363.0,6011.3,5.201,2.544,22.1,419.0,100.8,121.7,5.3,-0.1,,,97.0,85.0,,129.0,,,217.0,,,9.0,,,,,,,,,,,,,0.0,,1.0,6033.3,,,,,,,,,,,,,,,,,,,,,,,,,,0.0,2.094,0.0,,,,,,,,,,,,,,,,,,,,,""
6326653187,"Nov 29, 2021, 11:57:18 AM",Afternoon Activity,Weight Training,,2763,0,161.0,8,,,,activities/6724474320.fit.gz,,,2763.0,2763.0,0.0,0.0,0.0,0.0,,,,0.0,0.0,,,,,,106.0,,,177.0,,,8.0,,,,,,,,,,,,,0.0,,1.0,,,,,,,,,,,,,,,,,,,,,,,,,,,0.0,0.0,0.0,,,,,,,,,,,,,,,,,,,,,""
6318434319,"Nov 28, 2021, 3:07:39 PM",Afternoon Ride,Ride,,4157,22.79,168.0,61,,,,activities/6715635737.fit.gz,,,4157.0,4063.0,22793.9,10.125,5.61,284.4,356.0,63.0,273.1,12.3,0.0,,,,,,136.0,,,466.0,,,61.0,,,,,,,,,,,0.0,,0.0,,1.0,,,,,,,,,,,,,,,,,,,,,,,,,,,0.0,5.483,1211.5,,,,,,,,,,,,,,,,,,,,,""
6305724357,"Nov 25, 2021, 1:55:45 PM",3λεπτα ,Run,,5414,9.02,206.0,130,,,,activities/6701974977.fit.gz,,,5414.0,4872.0,9021.9,3.635,1.852,628.7,728.0,228.3,406.7,48.6,0.0,,,123.0,75.0,,155.0,,,725.0,,,130.0,,,,,,,,,,,0.0,,0.0,,1.0,13250.6,,,,,,,,,,,,,,,,,,,,,,,,,,0.0,1.666,5660.6,,,,,,,,,,,,,,,,,,,,,""
6305721353,"Nov 24, 2021, 6:34:20 PM",Evening Activity,Weight Training,,1599,0,132.0,2,,,,activities/6701971917.fit.gz,,,1599.0,1599.0,0.0,0.0,0.0,0.0,,,,0.0,0.0,,,,,,75.0,,,50.0,,,2.0,,,,,,,,,,,,,0.0,,1.0,,,,,,,,,,,,,,,,,,,,,,,,,,,0.0,0.0,0.0,,,,,,,,,,,,,,,,,,,,,""
6298086775,"Nov 23, 2021, 5:46:05 PM",Evening Activity,Weight Training,,1859,0,134.0,4,,,,activities/6693774774.fit.gz,,,1859.0,1859.0,0.0,0.0,0.0,0.0,0.0,110.0,110.0,0.0,0.0,,,,,,93.0,,,96.0,,,4.0,,,,,,,,,,,,,0.0,,1.0,,,,,,,,,,,,,,,,,,,,,,,,,,,0.0,0.0,0.0,,,,,,,,,,,,,,,,,,,,,""
6298085775,"Nov 23, 2021, 4:38:39 PM",Evening Ride,Ride,,3236,16.14,147.0,15,,,,activities/6693773791.fit.gz,,,3236.0,3236.0,16140.7,9.312,4.988,200.3,461.0,80.3,151.9,4.9,0.0,,,,,,123.0,,,282.0,,,15.0,,,,,,,,,,,0.0,,0.0,,1.0,,,,,,,,,,,,,,,,,,,,,,,,,,,0.0,4.988,214.1,,,,,,,,,,,,,,,,,,,,,""
6298084406,"Nov 22, 2021, 6:03:38 PM",Evening Run,Run,,2454,6.05,161.0,31,,,,activities/6693772303.fit.gz,,,2454.0,2157.0,6054.2,4.649,2.807,23.9,260.0,102.0,126.1,3.7,0.0,,,96.0,85.0,,144.0,,,267.0,,,31.0,,,,,,,,,,,,,0.0,,1.0,6076.3,,,,,,,,,,,,,,,,,,,,,,,,,,0.0,2.467,226.0,,,,,,,,,,,,,,,,,,,,,""
6287683509,"Nov 21, 2021, 9:46:01 AM",Lunch Run,Run,,8698,17.06,197.0,286,,,,activities/6682569552.fit.gz,,,8698.0,8134.0,17066.9,4.124,2.098,770.7,928.0,207.0,449.4,49.2,0.0,,,120.0,77.0,,161.0,,,1178.0,,,286.0,,,,,,,,,,,0.0,,0.0,,1.0,21150.8,,,,,,,,,,,,,,,,,,,,,,,,,,0.0,1.962,14162.8,,,,,,,,,,,,,,,,,,,,,""
6282189677,"Nov 20, 2021, 8:13:36 AM",Morning Ride,Ride,,7841,34.87,156.0,75,,,,activities/6676683663.fit.gz,,,7841.0,6646.0,34871.0,11.057,5.247,500.6,603.0,84.8,547.9,14.6,0.0,,,,,,138.0,,,659.0,,,75.0,,,,,,,,,,,0.0,,0.0,,1.0,,,,,,,,,,,,,,,,,,,,,,,,,,,0.0,4.447,0.0,,,,,,,,,,,,,,,,,,,,,""
6282185842,"Nov 19, 2021, 4:08:39 PM",Evening Run,Run,,3179,8.02,151.0,14,,,,activities/6676679648.fit.gz,,,3179.0,2803.0,8020.5,4.951,2.861,65.0,470.0,99.8,120.1,8.7,0.0,,,99.0,87.0,,130.0,,,284.0,,,14.0,,,,,,,,,,,,,0.0,,1.0,8088.6,,,,,,,,,,,,,,,,,,,,,,,,,,0.0,2.523,0.0,,,,,,,,,,,,,,,,,,,,,""
6275084079,"Nov 18, 2021, 1:34:34 PM",Υψομετρικά με Ρυθμό 🏃🏼‍♀️🏃🏽‍♂️,Run,,6073,11.44,191.0,140,,,,activities/6669071291.fit.gz,,,6073.0,5876.0,11448.4,4.313,1.948,661.2,760.0,240.7,449.4,49.8,0.0,,,121.0,78.0,,152.0,,,760.0,,,140.0,,,,,,,,,,,0.0,,0.0,,1.0,15118.2,,,,,,,,,,,,,,,,,,,,,,,,,,0.0,1.885,7685.3,,,,,,,,,,,,,,,,,,,,,""
6275081510,"Nov 17, 2021, 5:47:55 PM",Evening Activity,Weight Training,,3491,0,140.0,7,,,,activities/6669068595.fit.gz,,,3491.0,3491.0,0.0,0.0,0.0,0.0,,,,0.0,0.0,,,,,,93.0,,,182.0,,,7.0,,,,,,,,,,,,,0.0,,1.0,,,,,,,,,,,,,,,,,,,,,,,,,,,0.0,0.0,0.0,,,,,,,,,,,,,,,,,,,,,""
6269830636,"Nov 17, 2021, 11:14:55 AM",Afternoon Ride,Ride,,2755,12.16,146.0,12,,,,activities/6663466497.fit.gz,,,2755.0,2572.0,12164.6,10.851,4.73,218.7,283.0,74.0,272.7,10.1,0.0,,,,,,122.0,,,226.0,,,12.0,,,,,,,,,,,0.0,,0.0,,1.0,,,,,,,,,,,,,,,,,,,,,,,,,,,0.0,4.415,1120.5,,,,,,,,,,,,,,,,,,,,,""
6266508653,"Nov 16, 2021, 4:40:27 PM",Evening Run,Run,,3173,8.17,169.0,42,,,,activities/6659929895.fit.gz,,,3173.0,2957.0,8172.7,5.55,2.764,161.5,286.0,255.3,265.4,11.3,0.0,,,98.0,87.0,,145.0,,,380.0,,,42.0,,,,,,,,,,,0.0,,0.0,,1.0,8538.1,,,,,,,,,,,,,,,,,,,,,,,,,,0.0,2.576,0.0,,,,,,,,,,,,,,,,,,,,,""
6264315012,"Nov 15, 2021, 5:40:27 PM",Evening Run,Run,,1639,3.69,170.0,17,,,,activities/6657589160.fit.gz,,,1639.0,1503.0,3689.9,4.862,2.455,14.7,373.0,101.8,108.4,18.9,0.1,,,95.0,86.0,,142.0,,,187.0,,,17.0,,,,,,,,,,,,,0.0,,1.0,3716.5,,,,,,,,,,,,,,,,,,,,,,,,,,0.0,2.251,0.0,,,,,,,,,,,,,,,,,,,,,""
6254884155,"Nov 14, 2021, 6:10:47 AM",Morning Run,Run,,4641,9.14,184.0,84,,,,activities/6647494723.fit.gz,,,4641.0,4336.0,9147.2,4.056,2.11,430.8,474.0,152.3,402.2,25.7,0.0,,,116.0,77.0,,148.0,,,542.0,,,84.0,,,,,,,,,,,0.0,,0.0,,1.0,11099.4,,,,,,,,,,,,,,,,,,,,,,,,,,0.0,1.971,8281.8,,,,,,,,,,,,,,,,,,,,,""
6251451004,"Nov 13, 2021, 10:48:56 AM",Uphills me lefteri,Run,,6719,9.99,187.0,105,,,,activities/6643807403.fit.gz,,,6719.0,5841.0,9997.9,3.326,1.712,639.5,732.0,241.5,445.4,44.9,0.0,,,123.0,74.0,,146.0,,,697.0,,,105.0,,,,,,,,,,,0.0,,0.0,,1.0,14141.5,,,,,,,,,,,,,,,,,,,,,,,,,,0.0,1.488,5534.4,,,,,,,,,,,,,,,,,,,,,""
6248365047,"Nov 12, 2021, 3:34:18 PM",Afternoon Run,Run,,4314,11.34,172.0,70,,,,activities/6640509100.fit.gz,,,4314.0,3929.0,11342.1,4.58,2.887,228.1,359.0,255.0,268.9,18.3,0.0,,,96.0,86.0,,148.0,,,494.0,,,70.0,,,,,,,,,,,,,0.0,,1.0,11847.4,,,,,,,,,,,,,,,,,,,,,,,,,,0.0,2.629,8459.3,,,,,,,,,,,,,,,,,,,,,""
6243623601,"Nov 11, 2021, 2:43:16 PM",Afternoon Run,Run,,3530,8.08,178.0,48,,,,activities/6635456679.fit.gz,,,3530.0,3441.0,8082.5,3.643,2.349,342.8,426.0,240.6,443.1,38.5,0.0,,,114.0,81.0,,139.0,,,407.0,,,48.0,,,,,,,,,,,0.0,,0.0,,1.0,9726.5,,,,,,,,,,,,,,,,,,,,,,,,,,0.0,2.29,6484.8,,,,,,,,,,,,,,,,,,,,,""
6234813820,"Nov 9, 2021, 4:35:17 PM",Evening Run,Run,,2621,5.51,149.0,7,,,,activities/6626086724.fit.gz,,,2621.0,2303.0,5518.9,5.466,2.396,29.2,314.0,98.2,128.6,4.4,0.1,,,99.0,87.0,,125.0,,,207.0,,,7.0,,,,,,,,,,,,,0.0,,1.0,5557.6,,,,,,,,,,,,,,,,,,,,,,,,,,0.0,2.106,86.3,,,,,,,,,,,,,,,,,,,,,""
6233791823,"Nov 9, 2021, 6:02:27 AM",Morning Ride,Ride,,5381,26.50,138.0,18,,,,activities/6625007072.fit.gz,,,5381.0,4715.0,26504.0,10.868,5.621,267.5,345.0,84.5,314.2,5.4,0.0,,,,,,121.0,,,366.0,,,18.0,,,,,,,,,,,0.0,,0.0,,1.0,,,,,,,,,,,,,,,,,,,,,,,,,,,0.0,4.925,0.0,,,,,,,,,,,,,,,,,,,,,""
6233790429,"Nov 8, 2021, 11:35:46 AM",Afternoon Activity,Weight Training,,2776,0,144.0,6,,,,activities/6625005648.fit.gz,,,2776.0,2776.0,0.0,0.0,0.0,0.0,,,,0.0,0.0,,,,,,96.0,,,150.0,,,6.0,,,,,,,,,,,,,0.0,,1.0,,,,,,,,,,,,,,,,,,,,,,,,,,,0.0,0.0,0.0,,,,,,,,,,,,,,,,,,,,,""
6223749113,"Nov 7, 2021, 9:29:55 AM",Lunch Run,Run,,5484,12.19,182.0,139,,,,activities/6614255699.fit.gz,,,5484.0,5436.0,12196.8,3.696,2.244,447.4,576.0,153.1,378.7,47.0,0.0,,,118.0,78.0,,153.0,,,757.0,,,139.0,,,,,,,,,,,0.0,,0.0,,1.0,13910.4,,,,,,,,,,,,,,,,,,,,,,,,,,0.0,2.224,10653.1,,,,,,,,,,,,,,,,,,,,,""
6218782088,"Nov 6, 2021, 10:23:18 AM",Lunch Run,Run,,3789,6.00,180.0,94,,,,activities/6608912021.fit.gz,,,3789.0,3387.0,6000.8,3.973,1.772,412.9,475.0,225.9,439.9,49.2,0.0,,,121.0,74.0,,157.0,,,509.0,,,94.0,,,,,,,,,,,0.0,,0.0,,1.0,8826.9,,,,,,,,,,,,,,,,,,,,,,,,,,0.0,1.584,2833.1,,,,,,,,,,,,,,,,,,,,,""
6215486111,"Nov 5, 2021, 2:55:36 PM",Afternoon Run,Run,,2996,6.24,150.0,12,,,,activities/6605389172.fit.gz,,,2996.0,2464.0,6248.2,4.716,2.536,224.7,254.0,208.6,369.1,34.0,0.0,,,95.0,80.0,,126.0,,,257.0,,,12.0,,,,,,,,,,,0.0,,0.0,,1.0,7326.9,,,,,,,,,,,,,,,,,,,,,,,,,,0.0,2.086,5110.3,,,,,,,,,,,,,,,,,,,,,""
6211431862,"Nov 4, 2021, 3:31:20 PM",Afternoon Run,Run,,3975,10.99,179.0,95,,,,activities/6601049236.fit.gz,,,3975.0,3603.0,10998.1,5.464,3.052,236.9,251.0,255.1,267.8,10.2,0.0,,,92.0,86.0,,155.0,,,515.0,,,95.0,,,,,,,,,,,0.0,,0.0,,1.0,11532.5,,,,,,,,,,,,,,,,,,,,,,,,,,0.0,2.767,0.0,,,,,,,,,,,,,,,,,,,,,""
6211429642,"Nov 3, 2021, 6:11:16 PM",Evening Activity,Weight Training,,2428,0,138.0,5,,,,activities/6601046847.fit.gz,,,2428.0,2428.0,0.0,0.0,0.0,0.0,,,,0.0,0.0,,,,,,97.0,,,131.0,,,5.0,,,,,,,,,,,,,0.0,,1.0,,,,,,,,,,,,,,,,,,,,,,,,,,,0.0,0.0,0.0,,,,,,,,,,,,,,,,,,,,,""
6202529845,"Nov 2, 2021, 4:33:17 PM",Evening Run,Run,,3545,8.00,167.0,13,,,,activities/6591489554.fit.gz,,,3545.0,3141.0,8002.6,5.108,2.548,155.8,314.0,255.0,267.8,17.9,0.0,,,98.0,82.0,,124.0,,,265.0,,,13.0,,,,,,,,,,,,,0.0,,1.0,8386.0,,,,,,,,,,,,,,,,,,,,,,,,,,0.0,2.257,0.0,,,,,,,,,,,,,,,,,,,,,""
6198220164,"Nov 1, 2021, 6:06:02 PM",Evening Run,Run,,3687,6.26,149.0,8,,,,activities/6586886120.fit.gz,,,3687.0,2199.0,6267.9,5.635,2.85,53.6,254.0,104.9,151.1,5.7,-0.4,,,103.0,86.0,,121.0,,,189.0,,,8.0,,,,,,,,,,,0.0,,0.0,,1.0,6300.3,,,,,,,,,,,,,,,,,,,,,,,,,,0.0,1.7,0.0,,,,,,,,,,,,,,,,,,,,,""
6193167554,"Oct 31, 2021, 2:07:34 PM",Afternoon Run,Run,,6288,15.00,184.0,183,,,,activities/6581452870.fit.gz,,,6288.0,5905.0,15008.0,4.349,2.542,336.8,534.0,152.0,378.7,27.1,0.0,,,96.0,82.0,,158.0,,,800.0,,,183.0,,,,,,,,,,,0.0,,0.0,,1.0,16031.5,,,,,,,,,,,,,,,,,,,,,,,,,,0.0,2.387,13482.6,,,,,,,,,,,,,,,,,,,,,""
6185736046,"Oct 30, 2021, 6:23:58 AM",Uphills poik,Run,,3670,6.19,197.0,46,,,,activities/6573516038.fit.gz,,,3670.0,3538.0,6197.2,3.763,1.752,448.3,549.0,240.6,435.7,46.6,-0.1,,,125.0,73.0,,134.0,,,424.0,,,46.0,,,,,,,,,,,0.0,,0.0,,1.0,9162.6,,,,,,,,,,,,,,,,,,,,,,,,,,0.0,1.689,3249.8,,,,,,,,,,,,,,,,,,,,,""
6185735300,"Oct 29, 2021, 4:33:20 PM",Evening Activity,Weight Training,,1759,0,134.0,4,,,,activities/6573515170.fit.gz,,,1759.0,1759.0,0.0,0.0,0.0,0.0,,,,0.0,0.0,,,,,,100.0,,,111.0,,,4.0,,,,,,,,,,,,,0.0,,1.0,,,,,,,,,,,,,,,,,,,,,,,,,,,0.0,0.0,0.0,,,,,,,,,,,,,,,,,,,,,""
6177714936,"Oct 28, 2021, 7:45:31 AM",Morning Ride,Ride,,7747,36.80,153.0,42,,,,activities/6564969978.fit.gz,,,7747.0,6977.0,36803.7,11.136,5.275,471.3,595.0,84.3,381.1,8.1,0.0,,,,,,124.0,,,520.0,,,42.0,,,,,,,,,,,0.0,,0.0,,1.0,,,,,,,,,,,,,,,,,,,,,,,,,,,0.0,4.751,0.0,,,,,,,,,,,,,,,,,,,,,""
6174647365,"Oct 27, 2021, 2:50:44 PM",Afternoon Run,Run,,4379,10.17,185.0,115,,,,activities/6561720767.fit.gz,,,4379.0,4151.0,10177.7,3.632,2.452,308.4,431.0,208.9,369.1,26.7,-0.1,,,89.0,82.0,,155.0,,,581.0,,,115.0,,,,,,,,,,,0.0,,0.0,,1.0,11349.3,,,,,,,,,,,,,,,,,,,,,,,,,,0.0,2.324,8484.8,,,,,,,,,,,,,,,,,,,,,""
6169815549,"Oct 26, 2021, 3:19:08 PM",Evening Run,Run,,3272,7.24,163.0,16,,,,activities/6556605288.fit.gz,,,3272.0,2799.0,7244.0,6.063,2.588,138.5,144.0,254.7,268.3,18.1,0.0,,,104.0,87.0,,133.0,,,270.0,,,16.0,,,,,,,,,,,,,0.0,,1.0,7556.0,,,,,,,,,,,,,,,,,,,,,,,,,,0.0,2.214,4886.0,,,,,,,,,,,,,,,,,,,,,""
6158999433,"Oct 24, 2021, 7:37:23 AM",Morning Run,Run,,9366,13.66,190.0,295,,,,activities/6545094008.fit.gz,,,9366.0,8432.0,13667.7,3.856,1.621,928.3,1337.0,497.7,1342.6,48.3,0.0,,,118.0,70.0,,162.0,,,1188.0,,,295.0,,,,,,,,,,,0.0,,0.0,,1.0,19903.2,,,,,,,,,,,,,,,,,,,,,,,,,,0.0,1.459,12609.3,,,,,,,,,,,,,,,,,,,,,""
6153566707,"Oct 23, 2021, 8:16:21 AM",Lunch Run,Run,,4907,9.02,178.0,100,,,,activities/6539300127.fit.gz,,,4907.0,3830.0,9019.3,3.895,2.355,283.3,406.0,232.0,449.4,21.7,0.0,,,123.0,81.0,,154.0,,,535.0,,,100.0,,,,,,,,,,,0.0,,0.0,,1.0,10170.3,,,,,,,,,,,,,,,,,,,,,,,,,,0.0,1.838,7443.0,,,,,,,,,,,,,,,,,,,,,""
6150509642,"Oct 22, 2021, 2:43:12 PM",Afternoon Run,Run,,3639,8.10,188.0,95,,,,activities/6536053071.fit.gz,,,3639.0,3639.0,8106.8,4.222,2.228,392.6,452.0,261.5,402.6,34.9,0.0,,,123.0,78.0,,153.0,,,511.0,,,95.0,,,,,,,,,,,0.0,,0.0,,1.0,10190.3,,,,,,,,,,,,,,,,,,,,,,,,,,0.0,2.228,6804.3,,,,,,,,,,,,,,,,,,,,,""
6146351658,"Oct 21, 2021, 3:09:06 PM",Evening Run,Run,,4965,11.62,170.0,38,,,,activities/6531636866.fit.gz,,,4965.0,4359.0,11619.9,5.522,2.666,240.7,280.0,254.9,267.7,18.7,0.0,,,101.0,87.0,,139.0,,,470.0,,,38.0,,,,,,,,,,,0.0,,0.0,,1.0,12189.9,,,,,,,,,,,,,,,,,,,,,,,,,,0.0,2.34,9258.0,,,,,,,,,,,,,,,,,,,,,""
6138540281,"Oct 19, 2021, 3:13:03 PM",Evening Ride,Ride,,3175,18.01,155.0,16,,,,activities/6523370358.fit.gz,,,3175.0,3021.0,18010.4,11.543,5.962,122.9,245.0,65.1,160.3,3.4,0.0,,,,,,122.0,,,268.0,,,16.0,,,,,,,,,,,0.0,,0.0,,1.0,,,,,,,,,,,,,,,,,,,,,,,,,,,0.0,5.673,0.0,,,,,,,,,,,,,,,,,,,,,""
6132643483,"Oct 18, 2021, 5:33:41 PM",Evening Run,Run,,4480,7.00,150.0,12,,,,activities/6517158399.fit.gz,,,4480.0,2964.0,6999.2,5.0,2.361,51.3,433.0,88.2,117.8,4.7,0.0,,,99.0,85.0,,122.0,,,249.0,,,12.0,,,,,,,,,,,0.0,,0.0,,1.0,7071.9,,,,,,,,,,,,,,,,,,,,,,,,,,0.0,1.562,0.0,,,,,,,,,,,,,,,,,,,,,""
6125914267,"Oct 17, 2021, 8:22:07 AM",Lunch Run,Run,,8876,17.35,186.0,162,,,,activities/6509983314.fit.gz,,,8876.0,8320.0,17355.6,4.5,2.086,723.4,854.0,210.1,443.4,39.1,0.1,,,123.0,75.0,,148.0,,,984.0,,,162.0,,,,,,,,,,,0.0,,0.0,,1.0,20980.4,,,,,,,,,,,,,,,,,,,,,,,,,,0.0,1.955,14338.6,,,,,,,,,,,,,,,,,,,,,""
6119586554,"Oct 16, 2021, 5:34:20 AM",Morning Run,Run,,4593,8.35,173.0,43,,,,activities/6503261990.fit.gz,,,4593.0,4266.0,8354.7,3.5,1.958,300.5,504.0,376.0,604.5,31.0,-0.1,,,125.0,78.0,,137.0,,,472.0,,,43.0,,,,,,,,,,,0.0,,0.0,,1.0,9985.5,,,,,,,,,,,,,,,,,,,,,,,,,,0.0,1.819,8354.7,,,,,,,,,,,,,,,,,,,,,""
6115362768,"Oct 15, 2021, 7:09:11 AM",Balos emergency run ,Run,,4860,10.00,182.0,95,,,,activities/6498781307.fit.gz,,,4860.0,4274.0,10004.9,4.5,2.341,355.7,461.0,212.8,369.1,42.0,0.0,,,91.0,76.0,,151.0,,,527.0,,,95.0,,,,,,,,,,,0.0,,0.0,,1.0,11647.5,,,,,,,,,,,,,,,,,,,,,,,,,,0.0,2.059,8544.8,,,,,,,,,,,,,,,,,,,,,""
6115361565,"Oct 14, 2021, 3:12:24 PM",Evening Activity,Weight Training,,4420,0,165.0,12,,,,activities/6498780024.fit.gz,,,4420.0,4420.0,0.0,0.0,0.0,0.0,,,,0.0,0.0,,,,,,102.0,,,250.0,,,12.0,,,,,,,,,,,,,0.0,,1.0,,,,,,,,,,,,,,,,,,,,,,,,,,,0.0,0.0,0.0,,,,,,,,,,,,,,,,,,,,,""
6102727223,"Oct 12, 2021, 1:59:36 PM",Afternoon Run,Run,,5482,12.00,168.0,51,,,,activities/6485451402.fit.gz,,,5482.0,5210.0,12002.9,4.8,2.304,299.4,416.0,254.2,402.2,24.0,-0.1,,,123.0,83.0,,139.0,,,485.0,,,51.0,,,,,,,,,,,0.0,,0.0,,1.0,12836.7,,,,,,,,,,,,,,,,,,,,,,,,,,0.0,2.19,12004.5,,,,,,,,,,,,,,,,,,,,,""
6098425080,"Oct 11, 2021, 5:02:21 PM",Evening Run,Run,,2508,5.01,153.0,9,,,,activities/6480912664.fit.gz,,,2508.0,2107.0,5009.4,4.8,2.378,30.1,463.0,97.8,128.7,5.1,0.2,,,99.0,84.0,,130.0,,,217.0,,,9.0,,,,,,,,,,,0.0,,0.0,,1.0,5061.7,,,,,,,,,,,,,,,,,,,,,,,,,,0.0,1.997,,,,,,,,,,,,,,,,,,,,,,""
6092369713,"Oct 10, 2021, 12:05:32 PM",Afternoon Run,Run,,2134,0.69,170.0,6,,,,activities/6474424172.fit.gz,,,2134.0,662.0,690.3,1.8,1.043,29.2,59.0,218.1,269.5,23.0,-2.5,,,118.0,64.0,,136.0,,,73.0,,,6.0,,,,,,,,,,,,,0.0,,1.0,849.0,,,,,,,,,,,,,,,,,,,,,,,,,,0.0,0.323,,,,,,,,,,,,,,,,,,,,,,""
6092368964,"Oct 10, 2021, 10:00:04 AM",Check up and down legs ,Run,,7460,15.13,197.0,195,,,,activities/6474423309.fit.gz,,,7460.0,7429.0,15135.0,4.3,2.037,712.6,885.0,210.7,446.9,49.0,0.2,,,121.0,76.0,,153.0,,,957.0,,,195.0,,,,,,,,,,,0.0,,0.0,,1.0,18964.4,,,,,,,,,,,,,,,,,,,,,,,,,,0.0,2.029,,,,,,,,,,,,,,,,,,,,,,""
6086465669,"Oct 9, 2021, 10:47:37 AM","Checking legs , χρωστούμενα km βδομάδας ",Run,,3658,6.17,179.0,52,,,,activities/6468157923.fit.gz,,,3658.0,2827.0,6174.5,4.7,2.184,230.6,273.0,206.0,354.8,45.1,0.6,,,90.0,78.0,,147.0,,,370.0,,,52.0,,,,,,,,,,,0.0,,0.0,,1.0,7054.4,,,,,,,,,,,,,,,,,,,,,,,,,,0.0,1.688,,,,,,,,,,,,,,,,,,,,,,""
6083045323,"Oct 8, 2021, 3:49:54 PM",Evening Run,Run,,3807,8.53,166.0,34,,,,activities/6464554579.fit.gz,,,3807.0,2971.0,8530.0,5.6,2.871,181.2,281.0,254.4,268.3,14.3,0.0,,,96.0,86.0,,139.0,,,364.0,,,34.0,,,,,,,,,,,,,0.0,,1.0,8943.9,,,,,,,,,,,,,,,,,,,,,,,,,,0.0,2.241,,,,,,,,,,,,,,,,,,,,,,""
6078326474,"Oct 7, 2021, 4:36:03 PM",Evening Activity,Weight Training,,2217,0,157.0,5,,,,activities/6459592899.fit.gz,,,2217.0,2217.0,0.0,0.0,0.0,0.0,,,,0.0,0.0,,,,,,100.0,,,132.0,,,5.0,,,,,,,,,,,,,0.0,,1.0,,,,,,,,,,,,,,,,,,,,,,,,,,,0.0,0.0,,,,,,,,,,,,,,,,,,,,,,""
6078324532,"Oct 7, 2021, 3:08:59 PM",Evening Ride,Ride,,4019,20.29,151.0,25,,,,activities/6459590857.fit.gz,,,4019.0,3732.0,20297.6,12.6,5.439,151.0,178.0,84.4,158.3,4.2,0.0,,,,,,129.0,,,352.0,,,25.0,,,,,,,,,,,0.0,,0.0,,1.0,,,,,,,,,,,,,,,,,,,,,,,,,,,0.0,5.05,,,,,,,,,,,,,,,,,,,,,,""
6069016753,"Oct 5, 2021, 2:57:59 PM",Afternoon Ride,Ride,,4965,21.05,143.0,16,,,,activities/6449774970.fit.gz,,,4965.0,4088.0,21052.0,9.2,5.15,157.5,214.0,80.0,147.6,4.1,0.0,,,,,,121.0,,,310.0,,,16.0,,,,,,,,,,,,,0.0,,1.0,,,,,,,,,,,,,,,,,,,,,,,,,,,0.0,4.24,,,,,,,,,,,,,,,,,,,,,,""
6058202570,"Oct 3, 2021, 8:05:00 AM","Tihio race 31 km 
Κράμπες edition ",Run,,16587,30.89,203.0,654,,,,activities/6438403777.fit.gz,,,16587.0,15779.0,30897.5,4.5,1.958,1589.1,2116.0,542.8,1525.8,49.5,0.0,,,123.0,69.0,,165.0,,,2191.0,,,654.0,,,,,,,,,,,0.0,,0.0,,1.0,39497.5,,,,,,,,,,,,,,,,,,,,,,,,,,0.0,1.863,,,,,,,,,,,,,,,,,,,,,,""
6058193272,"Oct 3, 2021, 7:36:07 AM",Morning Run,Run,,721,1.79,161.0,5,,,,activities/6438394319.fit.gz,,,721.0,672.0,1792.1,5.2,2.667,39.9,49.0,642.0,670.9,9.7,0.0,,,90.0,83.0,,137.0,,,95.0,,,5.0,,,,,,,,,,,,,0.0,,1.0,1890.5,,,,,,,,,,,,,,,,,,,,,,,,,,0.0,2.486,,,,,,,,,,,,,,,,,,,,,,""
6052724218,"Oct 1, 2021, 4:22:59 PM",Evening Run,Run,,1662,3.20,146.0,5,,,,activities/6432632645.fit.gz,,,1662.0,1373.0,3208.8,5.5,2.337,10.6,196.0,102.1,108.8,3.6,0.0,,,94.0,85.0,,131.0,,,147.0,,,5.0,,,,,,,,,,,,,0.0,,1.0,3222.1,,,,,,,,,,,,,,,,,,,,,,,,,,0.0,1.931,,,,,,,,,,,,,,,,,,,,,,""
6041249143,"Sep 30, 2021, 5:31:35 AM",Morning Run,Run,,3045,6.00,168.0,34,,,,activities/6420582603.fit.gz,,,3045.0,2312.0,6000.3,5.5,2.595,164.7,188.0,252.0,369.1,24.3,0.1,,,99.0,83.0,,142.0,,,294.0,,,34.0,,,,,,,,,,,0.0,,0.0,,1.0,6477.6,,,,,,,,,,,,,,,,,,,,,,,,,,0.0,1.971,,,,,,,,,,,,,,,,,,,,,,""
6037009840,"Sep 29, 2021, 5:10:34 AM",Morning Ride,Ride,,4529,23.11,139.0,19,,,,activities/6416154446.fit.gz,,,4529.0,3831.0,23110.7,11.5,6.033,187.5,238.0,84.4,234.5,5.1,0.0,,,,,,126.0,,,331.0,,,19.0,,,,,,,,,,,0.0,,0.0,,1.0,,,,,,,,,,,,,,,,,,,,,,,,,,,0.0,5.103,,,,,,,,,,,,,,,,,,,,,,""
6034295553,"Sep 28, 2021, 5:26:07 PM",Evening Run,Run,,3535,7.31,176.0,33,,,,activities/6413311495.fit.gz,,,3535.0,2254.0,7310.1,5.0,3.243,157.0,167.0,256.0,267.8,11.7,0.0,,,97.0,86.0,,143.0,,,278.0,,,33.0,,,,,,,,,,,0.0,,0.0,,1.0,7683.8,,,,,,,,,,,,,,,,,,,,,,,,,,0.0,2.068,,,,,,,,,,,,,,,,,,,,,,""
6020514021,"Sep 26, 2021, 5:10:47 AM",Long run trail girls ymittos,Run,,9456,17.00,187.0,182,,,,activities/6398860507.fit.gz,,,9456.0,8686.0,17002.9,3.2,1.958,512.9,682.0,262.7,747.7,47.9,0.0,,,121.0,71.0,,149.0,,,987.0,,,182.0,,,,,,,,,,,0.0,,0.0,,1.0,19021.5,,,,,,,,,,,,,,,,,,,,,,,,,,0.0,1.798,,,,,,,,,,,,,,,,,,,,,,""
6018065669,"Sep 25, 2021, 2:08:04 PM",Uphills ,Run,,8504,15.74,189.0,226,,,,activities/6396261844.fit.gz,,,8504.0,8092.0,15743.5,3.9,1.946,882.8,995.0,240.4,449.4,39.6,0.0,,,122.0,76.0,,157.0,,,1038.0,,,226.0,,,,,,,,,,,0.0,,0.0,,1.0,20571.1,,,,,,,,,,,,,,,,,,,,,,,,,,0.0,1.851,,,,,,,,,,,,,,,,,,,,,,""
6012439519,"Sep 24, 2021, 3:17:17 PM",Evening Run,Run,,3568,9.00,188.0,89,,,,activities/6390357831.fit.gz,,,3568.0,3392.0,9008.1,5.4,2.656,240.9,373.0,252.8,449.5,35.4,-0.6,,,121.0,82.0,,155.0,,,475.0,,,89.0,,,,,,,,,,,0.0,,0.0,,1.0,9936.4,,,,,,,,,,,,,,,,,,,,,,,,,,0.0,2.525,,,,,,,,,,,,,,,,,,,,,,""
6012437779,"Sep 23, 2021, 5:31:53 PM",Evening Run,Run,,1204,3.00,163.0,22,,,,activities/6390356073.fit.gz,,,1204.0,1204.0,3005.5,3.9,2.496,15.0,178.0,102.0,108.7,12.5,0.1,,,88.0,84.0,,147.0,,,170.0,,,22.0,,,,,,,,,,,,,0.0,,1.0,3032.3,,,,,,,,,,,,,,,,,,,,,,,,,,0.0,2.496,,,,,,,,,,,,,,,,,,,,,,""
6006852516,"Sep 23, 2021, 1:20:45 PM",Afternoon Ride,Ride,,5358,27.42,145.0,26,,,,activities/6384493731.fit.gz,,,5358.0,5000.0,27426.1,11.6,5.485,294.3,333.0,84.4,342.9,6.1,0.0,,,,,,125.0,,,427.0,,,26.0,,,,,,,,,,,0.0,,0.0,,1.0,,,,,,,,,,,,,,,,,,,,,,,,,,,0.0,5.119,,,,,,,,,,,,,,,,,,,,,,""
6000652535,"Sep 21, 2021, 4:15:05 PM",Evening Ride,Ride,,3047,13.02,139.0,8,,,,activities/6378004673.fit.gz,,,3047.0,2707.0,13022.8,8.0,4.811,84.7,176.0,80.6,110.4,4.1,0.0,,,,,,109.0,,,184.0,,,8.0,,,,,,,,,,,,,0.0,,1.0,,,,,,,,,,,,,,,,,,,,,,,,,,,0.0,4.274,,,,,,,,,,,,,,,,,,,,,,""
5985694614,"Sep 19, 2021, 6:09:57 AM",Divris hard trail race,Run,"",19922,30.76,196.0,672,,,,activities/6362312111.fit.gz,,,19922.0,18864.0,30768.4,4.567,1.631,2185.2,2736.0,815.3,1770.0,49.0,0.0,,,123.0,68.0,,157.0,,,2104.0,,,672.0,,,,,,,,,,,,,0.0,,1.0,45631.1,,,,,,,,,,,,,,,,,,,,,,,,,,0.0,1.544,15705.2,,,,,,,,,,,,0.0,,,,,,,,,""
5975535396,"Sep 17, 2021, 4:13:57 PM",Evening Run,Run,,2473,5.39,173.0,32,,,,activities/6351639370.fit.gz,,,2473.0,2248.0,5396.1,5.0,2.4,174.3,235.0,232.0,366.2,35.8,0.0,,,102.0,80.0,,144.0,,,292.0,,,32.0,,,,,,,,,,,0.0,,0.0,,1.0,6149.3,,,,,,,,,,,,,,,,,,,,,,,,,,0.0,2.182,,,,,,,,,,,,,,,,,,,,,,""
5970804660,"Sep 16, 2021, 3:37:50 PM",Evening Run,Run,,4640,9.23,195.0,128,,,,activities/6346677832.fit.gz,,,4640.0,3954.0,9234.6,4.3,2.336,381.1,425.0,251.5,449.5,49.5,0.1,,,106.0,80.0,,160.0,,,631.0,,,128.0,,,,,,,,,,,0.0,,0.0,,1.0,11097.5,,,,,,,,,,,,,,,,,,,,,,,,,,0.0,1.99,,,,,,,,,,,,,,,,,,,,,,""
5961203240,"Sep 14, 2021, 5:20:37 PM",Evening Run,Run,,4431,10.00,170.0,40,,,,activities/6336645142.fit.gz,,,4431.0,3741.0,10001.0,4.6,2.673,0.0,197.0,101.3,103.1,2.5,0.0,,,92.0,85.0,,140.0,,,418.0,,,40.0,,,,,,,,,,,,,0.0,,1.0,9996.8,,,,,,,,,,,,,,,,,,,,,,,,,,0.0,2.257,,,,,,,,,,,,,,,,,,,,,,""
5954888719,"Sep 13, 2021, 4:48:46 PM",Evening Run,Run,,3356,6.70,172.0,37,,,,activities/6330056874.fit.gz,,,3356.0,2655.0,6699.5,4.7,2.523,185.8,265.0,254.2,385.4,28.6,0.0,,,123.0,81.0,,140.0,,,327.0,,,37.0,,,,,,,,,,,0.0,,0.0,,1.0,7576.0,,,,,,,,,,,,,,,,,,,,,,,,,,0.0,1.996,,,,,,,,,,,,,,,,,,,,,,""
5946337028,"Sep 12, 2021, 5:18:32 AM",Morning Run,Run,,8476,10.72,181.0,107,,,,activities/6321079099.fit.gz,,,8476.0,7014.0,10720.9,4.1,1.529,704.5,1033.0,497.9,1130.7,39.1,0.0,,,124.0,70.0,,140.0,,,833.0,,,107.0,,,,,,,,,,,,,0.0,,1.0,15313.3,,,,,,,,,,,,,,,,,,,,,,,,,,0.0,1.265,,,,,,,,,,,,,,,,,,,,,,""
5940737896,"Sep 11, 2021, 7:03:34 AM",Morning Run,Run,,5214,7.00,183.0,106,,,,activities/6315202485.fit.gz,,,5214.0,3760.0,7005.0,3.5,1.863,425.3,503.0,232.0,435.7,49.1,0.1,,,105.0,74.0,,157.0,,,556.0,,,106.0,,,,,,,,,,,0.0,,0.0,,1.0,9985.5,,,,,,,,,,,,,,,,,,,,,,,,,,0.0,1.343,,,,,,,,,,,,,,,,,,,,,,""
5933265325,"Sep 9, 2021, 3:49:13 PM",Έρως,Run,"",4239,9.45,193.0,122,,,,activities/6307363187.fit.gz,,,4239.0,3806.0,9450.7,3.7,2.483,299.7,406.0,252.8,449.5,40.7,0.0,,,122.0,79.0,,160.0,,,637.0,,,122.0,,,,,,,,,,,0.0,,0.0,,1.0,10834.2,,,,,,,,,,,,,,,,,,,,,,,,,,0.0,2.229,8689.7,,,,,,,,,,,,,,,,,,,,,""
5928712441,"Sep 8, 2021, 6:09:25 PM",Night Run,Run,,5226,10.00,178.0,55,,,,activities/6302600839.fit.gz,,,5226.0,4007.0,10004.8,4.7,2.497,0.0,355.0,5.8,8.3,6.6,0.0,,,121.0,84.0,,145.0,,,504.0,,,55.0,,,,,,,,,,,,,0.0,,1.0,10017.7,,,,,,,,,,,,,,,,,,,,,,,,,,0.0,1.914,,,,,,,,,,,,,,,,,,,,,,""
5919309672,"Sep 7, 2021, 6:20:31 AM",Morning Run,Run,,601,2.01,173.0,19,,,,activities/6292795868.fit.gz,,,601.0,601.0,2018.4,3.7,3.358,15.0,44.0,111.0,114.8,3.7,0.1,,,91.0,88.0,,159.0,,,105.0,,,19.0,,,,,,,,,,,0.0,,0.0,,1.0,2038.1,,,,,,,,,,,,,,,,,,,,,,,,,,0.0,3.358,,,,,,,,,,,,,,,,,,,,,,""
5919309297,"Sep 7, 2021, 6:04:49 AM",Morning Run,Run,,604,2.07,161.0,15,,,,activities/6292795469.fit.gz,,,604.0,604.0,2069.4,4.1,3.426,14.9,63.0,110.9,115.0,4.3,0.0,,,91.0,88.0,,152.0,,,99.0,,,15.0,,,,,,,,,,,,,0.0,,1.0,2085.9,,,,,,,,,,,,,,,,,,,,,,,,,,0.0,3.426,,,,,,,,,,,,,,,,,,,,,,""
5919308987,"Sep 7, 2021, 5:20:55 AM",Morning Run,Run,,2175,4.62,159.0,17,,,,activities/6292795085.fit.gz,,,2175.0,1581.0,4625.1,4.4,2.925,33.8,146.0,110.8,115.3,3.3,0.0,,,92.0,86.0,,139.0,,,205.0,,,17.0,,,,,,,,,,,,,0.0,,1.0,4660.0,,,,,,,,,,,,,,,,,,,,,,,,,,0.0,2.126,,,,,,,,,,,,,,,,,,,,,,""
5919307677,"Sep 6, 2021, 5:26:24 PM",Evening Ride,Ride,,4006,20.18,134.0,13,,,,activities/6292793772.fit.gz,,,4006.0,3797.0,20183.8,9.4,5.316,136.7,163.0,80.6,125.6,4.3,0.0,,,,,,116.0,,,283.0,,,13.0,,,,,,,,,,,,,0.0,,1.0,,,,,,,,,,,,,,,,,,,,,,,,,,,0.0,5.038,,,,,,,,,,,,,,,,,,,,,,""
5908942158,"Sep 5, 2021, 7:31:48 AM",Poikilo rocky 8,Run,,3500,8.28,192.0,161,,,,activities/6281936225.fit.gz,,,3500.0,3500.0,8287.5,4.2,2.368,402.4,472.0,182.7,435.6,44.3,0.0,,,92.0,76.0,,168.0,,,622.0,,,161.0,,,,,,,,,,,0.0,,0.0,,1.0,10380.0,,,,,,,,,,,,,,,,,,,,,,,,,,0.0,2.368,6391.8,,,,,,,,,,,,,,,,,,,,,""
5908939284,"Sep 5, 2021, 6:59:22 AM",Morning Run,Run,,691,1.71,170.0,9,,,,activities/6281933449.fit.gz,,,691.0,684.0,1710.0,3.4,2.5,26.5,71.0,177.1,189.8,13.3,0.3,,,87.0,84.0,,143.0,,,101.0,,,9.0,,,,,,,,,,,,,0.0,,1.0,1773.4,,,,,,,,,,,,,,,,,,,,,,,,,,0.0,2.475,,,,,,,,,,,,,,,,,,,,,,""
5908937444,"Sep 3, 2021, 5:05:03 PM",Evening Run,Run,,1203,3.20,154.0,15,,,,activities/6281931365.fit.gz,,,1203.0,1203.0,3202.5,3.2,2.662,24.1,73.0,111.1,114.7,2.9,0.0,,,87.0,84.0,,141.0,,,175.0,,,15.0,,,,,,,,,,,,,0.0,,1.0,3224.0,,,,,,,,,,,,,,,,,,,,,,,,,,0.0,2.662,,,,,,,,,,,,,,,,,,,,,,""
5894883529,"Sep 2, 2021, 5:12:46 PM",Evening Run,Run,,3812,7.00,186.0,30,,,,activities/6267214712.fit.gz,,,3812.0,2758.0,7004.9,5.5,2.54,50.1,160.0,110.9,115.6,11.5,0.0,,,97.0,84.0,,138.0,,,341.0,,,30.0,,,,,,,,,,,,,0.0,,1.0,7070.4,,,,,,,,,,,,,,,,,,,,,,,,,,,1.838,,,,,,,,,,,,,,,,,,,,,,""
5890312864,"Sep 1, 2021, 2:51:56 PM",Afternoon Ride,Ride,,5695,31.38,164.0,61,,,,activities/6262459131.fit.gz,,,5695.0,5463.0,31385.9,11.0,5.745,295.2,345.0,84.4,298.3,5.4,0.0,,,,,,135.0,,,549.0,,,61.0,,,,,,,,,,,0.0,,0.0,,1.0,,,,,,,,,,,,,,,,,,,,,,,,,,,,5.511,,,,,,,,,,,,,,,,,,,,,,""
5877437672,"Aug 29, 2021, 9:59:05 AM",Lunch Activity,Weight Training,,2052,0,171.0,11,,,,activities/6249055640.fit.gz,,,2052.0,2052.0,0.0,0.0,0.0,0.0,,,,0.0,0.0,,,,,,120.0,,,193.0,,,11.0,,,,,,,,,,,,,0.0,,1.0,,,,,,,,,,,,,,,,,,,,,,,,,,,,0.0,,,,,,,,,,,,,,,,,,,,,,""
5877436631,"Aug 28, 2021, 3:00:04 PM",Skyros Run,Run,,2992,10.04,190.0,177,,,,activities/6249054459.fit.gz,,,2992.0,2992.0,10041.5,5.6,3.356,150.6,269.0,9.6,70.6,11.9,0.0,,,91.0,87.0,,175.0,,,576.0,,,177.0,,,,,,,,,,,0.0,,0.0,,1.0,10306.6,,,,,,,,,,,,,,,,,,,,,,,,,,,3.356,,,,,,,,,,,,,,,,,,,,,,""
5877435251,"Aug 28, 2021, 2:17:32 PM",Afternoon Run,Run,,919,1.94,158.0,9,,,,activities/6249053055.fit.gz,,,919.0,892.0,1948.2,5.5,2.184,24.6,224.0,68.8,79.4,28.6,0.1,,,83.0,80.0,,139.0,,,124.0,,,9.0,,,,,,,,,,,,,0.0,,1.0,2036.8,,,,,,,,,,,,,,,,,,,,,,,,,,,2.12,,,,,,,,,,,,,,,,,,,,,,""
5877434566,"Aug 27, 2021, 5:08:40 PM",Evening Run,Run,,1096,2.80,155.0,11,,,,activities/6249052343.fit.gz,,,1096.0,1015.0,2803.8,5.0,2.762,34.7,72.0,13.4,18.5,7.6,0.0,,,90.0,82.0,,138.0,,,144.0,,,11.0,,,,,,,,,,,,,0.0,,1.0,2847.9,,,,,,,,,,,,,,,,,,,,,,,,,,,2.558,,,,,,,,,,,,,,,,,,,,,,""
5877433480,"Aug 27, 2021, 8:54:27 AM",Lunch Activity,Weight Training,,3010,0,140.0,5,,,,activities/6249051139.fit.gz,,,3010.0,3010.0,0.0,0.0,0.0,0.0,,,,0.0,0.0,,,,,,82.0,,,126.0,,,5.0,,,,,,,,,,,,,0.0,,1.0,,,,,,,,,,,,,,,,,,,,,,,,,,,,0.0,,,,,,,,,,,,,,,,,,,,,,""
5852485956,"Aug 25, 2021, 4:08:35 PM",Evening Run,Run,,3122,8.00,178.0,54,,,,activities/6222883204.fit.gz,,,3122.0,2873.0,8002.6,4.9,2.785,98.1,134.0,13.4,18.5,11.9,0.0,,,121.0,84.0,,150.0,,,440.0,,,54.0,,,,,,,,,,,,,0.0,,1.0,8149.8,,,,,,,,,,,,,,,,,,,,,,,,,,,2.563,,,,,,,,,,,,,,,,,,,,,,""
5852483567,"Aug 25, 2021, 7:39:17 AM",Morning Activity,Weight Training,,2190,0,128.0,3,,,,activities/6222880747.fit.gz,,,2190.0,2190.0,0.0,0.0,0.0,0.0,,,,0.0,0.0,,,,,,81.0,,,85.0,,,3.0,,,,,,,,,,,,,0.0,,1.0,,,,,,,,,,,,,,,,,,,,,,,,,,,,0.0,,,,,,,,,,,,,,,,,,,,,,""
5852482009,"Aug 23, 2021, 5:17:41 PM",Evening Run,Run,,4044,7.44,178.0,48,,,,activities/6222879170.fit.gz,,,4044.0,2397.0,7444.7,4.9,3.106,0.0,168.0,101.3,103.1,1.5,0.0,,,93.0,86.0,,149.0,,,361.0,,,48.0,,,,,,,,,,,,,0.0,,1.0,7440.0,,,,,,,,,,,,,,,,,,,,,,,,,,,1.841,,,,,,,,,,,,,,,,,,,,,,""
5852480245,"Aug 22, 2021, 7:05:40 AM",Acheron river,Run,"",15812,8.29,133.0,8,,,,activities/6222877185.fit.gz,,,15812.0,4045.0,8296.1,3.831,2.051,186.6,102.0,66.6,205.2,49.7,-1.6,,,118.0,58.0,,90.0,,,657.0,,,8.0,,,,,,,,,,,0.0,,0.0,,1.0,9718.1,,,,,,,,,,,,,,,,,,,,,,,,,,,0.525,8263.7,,,,,,,,,,,,,,,,,,,,,""
5831218129,"Aug 21, 2021, 4:30:05 PM",Evening Run,Run,,5182,14.00,183.0,135,,,,activities/6200636198.fit.gz,,,5182.0,4794.0,14008.8,4.8,2.922,144.4,305.0,179.0,198.6,11.0,-0.1,,,91.0,83.0,,157.0,,,738.0,,,135.0,,,,,,,,,,,,,0.0,,1.0,14227.8,,,,,,,,,,,,,,,,,,,,,,,,,,,2.703,,,,,,,,,,,,,,,,,,,,,,""
5831216217,"Aug 20, 2021, 5:04:57 PM",Evening Run,Run,,2277,7.00,180.0,51,,,,activities/6200634145.fit.gz,,,2277.0,2277.0,7007.8,4.6,3.078,89.0,144.0,154.2,198.7,8.4,-0.2,,,91.0,84.0,,149.0,,,352.0,,,51.0,,,,,,,,,,,,,0.0,,1.0,7127.5,,,,,,,,,,,,,,,,,,,,,,,,,,,3.078,,,,,,,,,,,,,,,,,,,,,,""
5820585116,"Aug 19, 2021, 6:26:21 PM",Night Run,Run,,2750,7.12,150.0,17,,,,activities/6189499588.fit.gz,,,2750.0,2539.0,7121.1,5.3,2.805,68.9,139.0,177.9,199.2,8.3,-0.3,,,98.0,82.0,,135.0,,,296.0,,,17.0,,,,,,,,,,,,,0.0,,1.0,7215.3,,,,,,,,,,,,,,,,,,,,,,,,,,,2.589,,,,,,,,,,,,,,,,,,,,,,""
5820584017,"Aug 18, 2021, 6:34:18 AM",Drakolimni,Hike,,14451,14.30,153.0,24,,,,activities/6189498448.fit.gz,,,14451.0,8064.0,14303.0,28.9,1.774,278.2,468.0,944.9,2001.4,45.5,-7.4,,,124.0,57.0,,105.0,,,523.0,,,24.0,,,,,,,,,,,0.0,,0.0,,1.0,,,,,,,,,,,,,,,,,,,,,,,,,,,,0.99,14269.9,,,,,,,,,,,,,,,,,,,,,""
5820582195,"Aug 17, 2021, 5:50:44 AM",Gkamila,Hike,,39817,28.50,155.0,68,,,,activities/6189496529.fit.gz,,,39817.0,19914.0,28507.2,23.3,1.432,2565.9,419.0,960.3,2388.3,49.8,3.7,,,125.0,57.0,,112.0,,,1445.0,,,68.0,,,,,,,,,,,0.0,,0.0,,1.0,,,,,,,,,,,,,,,,,,,,,,,,,,,,0.716,27332.2,,,,,,,,,,,,,,,,,,,,,""
5820577596,"Aug 16, 2021, 4:52:16 PM",Evening Activity,Weight Training,,2018,0,142.0,5,,,,activities/6189491767.fit.gz,,,2018.0,2018.0,0.0,0.0,0.0,0.0,,,,0.0,0.0,,,,,,98.0,,,130.0,,,5.0,,,,,,,,,,,,,0.0,,1.0,,,,,,,,,,,,,,,,,,,,,,,,,,,,0.0,,,,,,,,,,,,,,,,,,,,,,""
5820576824,"Aug 15, 2021, 5:35:33 PM",Evening Run,Run,,4451,14.00,173.0,134,,,,activities/6189490989.fit.gz,,,4451.0,4451.0,14006.3,4.1,3.147,163.6,343.0,180.1,185.2,9.0,0.0,,,87.0,83.0,,157.0,,,709.0,,,134.0,,,,,,,,,,,,,0.0,,1.0,14305.4,,,,,,,,,,,,,,,,,,,,,,,,,,,3.147,,,,,,,,,,,,,,,,,,,,,,""
5792786899,"Aug 14, 2021, 1:19:14 PM",Καμίνι - όρμος του Οδυσσέα,Ride,,16204,80.05,164.0,202,,,,activities/6160397519.fit.gz,,,16204.0,12609.0,80055.5,11.3,6.349,450.0,508.0,-0.1,199.1,11.0,0.0,,,,,,143.0,,,1186.0,,,202.0,,,,,,,,,,,0.0,,0.0,,1.0,,,,,,,,,,,,,,,,,,,,,,,,,,,,4.94,,,,,,,,,,,,,,,,,,,,,,""
5792783065,"Aug 13, 2021, 11:22:56 AM",Afternoon Activity,Weight Training,,1829,0,166.0,8,,,,activities/6160393467.fit.gz,,,1829.0,1829.0,0.0,0.0,0.0,0.0,,,,0.0,0.0,,,,,,114.0,,,154.0,,,8.0,,,,,,,,,,,,,0.0,,1.0,,,,,,,,,,,,,,,,,,,,,,,,,,,,0.0,,,,,,,,,,,,,,,,,,,,,,""
5792782140,"Aug 13, 2021, 7:48:49 AM",Morning Run,Run,,1875,5.00,174.0,53,,,,activities/6160392353.fit.gz,,,1875.0,1862.0,5002.9,3.3,2.687,53.8,151.0,180.4,185.2,4.1,0.0,,,87.0,83.0,,157.0,,,320.0,,,53.0,,,,,,,,,,,,,0.0,,1.0,5061.1,,,,,,,,,,,,,,,,,,,,,,,,,,,2.668,,,,,,,,,,,,,,,,,,,,,,""
5792781265,"Aug 12, 2021, 5:08:42 PM",Evening Run,Run,,4527,12.00,185.0,115,,,,activities/6160391496.fit.gz,,,4527.0,4253.0,12001.8,4.7,2.822,251.9,348.0,208.3,219.7,11.2,0.0,,,91.0,83.0,,156.0,,,626.0,,,115.0,,,,,,,,,,,,,0.0,,1.0,12579.5,,,,,,,,,,,,,,,,,,,,,,,,,,,2.651,,,,,,,,,,,,,,,,,,,,,,""
5792779263,"Aug 12, 2021, 10:25:43 AM",Afternoon Activity,Weight Training,,3324,0,161.0,10,,,,activities/6160389386.fit.gz,,,3324.0,3324.0,0.0,0.0,0.0,0.0,,,,0.0,0.0,,,,,,107.0,,,231.0,,,10.0,,,,,,,,,,,,,0.0,,1.0,,,,,,,,,,,,,,,,,,,,,,,,,,,,0.0,,,,,,,,,,,,,,,,,,,,,,""
5792777243,"Aug 11, 2021, 5:07:40 PM",Evening Run,Run,,2137,6.20,169.0,41,,,,activities/6160387333.fit.gz,,,2137.0,2132.0,6200.2,4.6,2.908,63.3,142.0,180.2,185.7,4.1,-0.1,,,90.0,84.0,,148.0,,,322.0,,,41.0,,,,,,,,,,,,,0.0,,1.0,6265.2,,,,,,,,,,,,,,,,,,,,,,,,,,,2.901,,,,,,,,,,,,,,,,,,,,,,""
5771914675,"Aug 10, 2021, 5:08:48 PM",Evening Run,Run,,1725,5.00,167.0,52,,,,activities/6138573305.fit.gz,,,1725.0,1725.0,5003.5,3.3,2.901,51.6,108.0,180.3,184.6,7.7,0.0,,,88.0,84.0,,158.0,,,294.0,,,52.0,,,,,,,,,,,,,0.0,,1.0,5059.1,,,,,,,,,,,,,,,,,,,,,,,,,,,2.901,,,,,,,,,,,,,,,,,,,,,,""
5771913936,"Aug 10, 2021, 4:20:09 PM",Evening Ride,Ride,,2693,14.00,173.0,43,,,,activities/6138572490.fit.gz,,,2693.0,2615.0,14005.7,12.5,5.356,186.0,231.0,133.7,202.2,12.6,-0.1,,,,,,142.0,,,347.0,,,43.0,,,,,,,,,,,0.0,,0.0,,1.0,,,,,,,,,,,,,,,,,,,,,,,,,,,,5.201,,,,,,,,,,,,,,,,,,,,,,""
5765434437,"Aug 9, 2021, 5:44:48 PM",Evening Run,Run,,907,2.52,147.0,11,,,,activities/6131803683.fit.gz,,,907.0,907.0,2520.0,3.4,2.778,29.8,62.0,180.4,184.8,3.8,0.0,,,87.0,84.0,,142.0,,,131.0,,,11.0,,,,,,,,,,,,,0.0,,1.0,2563.0,,,,,,,,,,,,,,,,,,,,,,,,,,,2.778,,,,,,,,,,,,,,,,,,,,,,""
5765430724,"Aug 9, 2021, 4:44:15 PM",Evening Ride,Ride,,3575,17.06,152.0,25,,,,activities/6131799783.fit.gz,,,3575.0,3474.0,17063.8,11.8,4.912,215.6,239.0,132.0,225.5,13.0,-0.1,,,,,,129.0,,,347.0,,,25.0,,,,,,,,,,,0.0,,0.0,,1.0,,,,,,,,,,,,,,,,,,,,,,,,,,,,4.773,,,,,,,,,,,,,,,,,,,,,,""
5765428220,"Aug 9, 2021, 9:42:05 AM",Lunch Activity,Weight Training,,3067,0,149.0,7,,,,activities/6131797139.fit.gz,,,3067.0,3067.0,0.0,0.0,0.0,0.0,,,,0.0,0.0,,,,,,99.0,,,185.0,,,7.0,,,,,,,,,,,,,0.0,,1.0,,,,,,,,,,,,,,,,,,,,,,,,,,,,0.0,,,,,,,,,,,,,,,,,,,,,,""
5760352176,"Aug 8, 2021, 4:37:27 PM",Village r,Run,,4989,10.15,176.0,91,,,,activities/6126457756.fit.gz,,,4989.0,4809.0,10153.5,3.5,2.111,498.3,612.0,248.0,579.5,49.8,0.0,,,84.0,77.0,,148.0,,,619.0,,,91.0,,,,,,,,,,,0.0,,0.0,,1.0,12886.5,,,,,,,,,,,,,,,,,,,,,,,,,,,2.035,0.0,,,,,,,,,,,,,,,,,,,,,""
5760348824,"Aug 8, 2021, 10:36:51 AM",Afternoon Activity,Weight Training,,1718,0,141.0,2,,,,activities/6126454288.fit.gz,,,1718.0,1718.0,0.0,0.0,0.0,0.0,,,,0.0,0.0,,,,,,74.0,,,55.0,,,2.0,,,,,,,,,,,,,0.0,,1.0,,,,,,,,,,,,,,,,,,,,,,,,,,,,0.0,,,,,,,,,,,,,,,,,,,,,,""
5757360373,"Aug 6, 2021, 4:43:21 PM",Evening Run,Run,,4205,10.00,183.0,75,,,,activities/6123324697.fit.gz,,,4205.0,3638.0,10004.3,4.7,2.75,227.5,267.0,208.5,220.2,14.5,0.0,,,92.0,83.0,,150.0,,,486.0,,,75.0,,,,,,,,,,,,,0.0,,1.0,10535.6,,,,,,,,,,,,,,,,,,,,,,,,,,,2.379,,,,,,,,,,,,,,,,,,,,,,""
5757357914,"Aug 6, 2021, 8:30:38 AM",Lunch Activity,Weight Training,,3205,0,160.0,4,,,,activities/6123322193.fit.gz,,,3205.0,3205.0,0.0,0.0,0.0,0.0,,,,0.0,0.0,,,,,,75.0,,,106.0,,,4.0,,,,,,,,,,,,,0.0,,1.0,,,,,,,,,,,,,,,,,,,,,,,,,,,,0.0,,,,,,,,,,,,,,,,,,,,,,""
5757356435,"Aug 5, 2021, 5:13:32 PM",Evening Run,Run,,2973,7.10,169.0,41,,,,activities/6123320642.fit.gz,,,2973.0,2417.0,7100.7,5.2,2.938,77.3,136.0,179.9,199.2,14.6,0.2,,,99.0,84.0,,145.0,,,344.0,,,41.0,,,,,,,,,,,,,0.0,,1.0,7233.4,,,,,,,,,,,,,,,,,,,,,,,,,,,2.388,,,,,,,,,,,,,,,,,,,,,,""
5757354560,"Aug 5, 2021, 10:40:20 AM",Afternoon Activity,Weight Training,,4257,0,137.0,7,,,,activities/6123318644.fit.gz,,,4257.0,4257.0,0.0,0.0,0.0,0.0,,,,0.0,0.0,,,,,,81.0,,,165.0,,,7.0,,,,,,,,,,,,,0.0,,1.0,,,,,,,,,,,,,,,,,,,,,,,,,,,,0.0,,,,,,,,,,,,,,,,,,,,,,""
5757352131,"Aug 4, 2021, 5:15:54 PM",Evening Run,Run,,2969,7.95,165.0,49,,,,activities/6123316215.fit.gz,,,2969.0,2873.0,7949.3,3.3,2.767,97.4,176.0,179.5,199.2,7.5,0.0,,,86.0,82.0,,145.0,,,406.0,,,49.0,,,,,,,,,,,,,0.0,,1.0,8071.6,,,,,,,,,,,,,,,,,,,,,,,,,,,2.677,,,,,,,,,,,,,,,,,,,,,,""
5757350585,"Aug 3, 2021, 5:39:53 PM",Evening Run,Run,,4499,10.49,185.0,78,,,,activities/6123314606.fit.gz,,,4499.0,3747.0,10490.0,5.9,2.8,251.6,358.0,208.2,219.8,24.6,0.0,,,110.0,83.0,,152.0,,,511.0,,,78.0,,,,,,,,,,,,,0.0,,1.0,11116.7,,,,,,,,,,,,,,,,,,,,,,,,,,,2.332,,,,,,,,,,,,,,,,,,,,,,""
5757346998,"Aug 2, 2021, 5:33:13 PM",Evening Run,Run,,1841,5.30,157.0,38,,,,activities/6123310923.fit.gz,,,1841.0,1833.0,5301.0,3.4,2.892,54.5,116.0,180.4,196.7,4.2,-0.3,,,85.0,82.0,,147.0,,,262.0,,,38.0,,,,,,,,,,,,,0.0,,1.0,5327.4,,,,,,,,,,,,,,,,,,,,,,,,,,,2.879,,,,,,,,,,,,,,,,,,,,,,""
5757345301,"Aug 2, 2021, 8:49:43 AM",Lunch Activity,Weight Training,,5052,0,129.0,6,,,,activities/6123309105.fit.gz,,,5052.0,5052.0,0.0,0.0,0.0,0.0,,,,0.0,0.0,,,,,,73.0,,,134.0,,,6.0,,,,,,,,,,,,,0.0,,1.0,,,,,,,,,,,,,,,,,,,,,,,,,,,,0.0,,,,,,,,,,,,,,,,,,,,,,""
5723075381,"Aug 1, 2021, 5:03:47 PM",Village ai Dimitris,Run,,4704,9.00,171.0,75,,,,activities/6087460509.fit.gz,,,4704.0,4044.0,9006.4,3.8,2.227,481.9,518.0,243.2,578.2,43.9,0.0,,,96.0,77.0,,147.0,,,479.0,,,75.0,,,,,,,,,,,0.0,,0.0,,1.0,11738.5,,,,,,,,,,,,,,,,,,,,,,,,,,,1.915,0.0,,,,,,,,,,,,,,,,,,,,,""
5723073448,"Aug 1, 2021, 9:06:12 AM",Lunch Activity,Weight Training,,3252,0,115.0,5,,,,activities/6087458410.fit.gz,,,3252.0,3252.0,0.0,0.0,0.0,0.0,,,,0.0,0.0,,,,,,81.0,,,112.0,,,5.0,,,,,,,,,,,,,0.0,,1.0,,,,,,,,,,,,,,,,,,,,,,,,,,,,0.0,,,,,,,,,,,,,,,,,,,,,,""
5719533611,"Jul 31, 2021, 5:29:18 PM",400 ,Run,,3323,7.00,179.0,41,,,,activities/6083750897.fit.gz,,,3323.0,2408.0,6999.6,5.5,2.907,145.8,147.0,208.4,219.4,44.6,0.0,,,97.0,84.0,,146.0,,,309.0,,,41.0,,,,,,,,,,,0.0,,0.0,,1.0,7412.6,,,,,,,,,,,,,,,,,,,,,,,,,,,2.106,,,,,,,,,,,,,,,,,,,,,,""
5719532076,"Jul 29, 2021, 8:37:20 AM",Lunch Activity,Weight Training,,4961,0,121.0,8,,,,activities/6083749420.fit.gz,,,4961.0,4961.0,0.0,0.0,0.0,0.0,,,,0.0,0.0,,,,,,81.0,,,172.0,,,8.0,,,,,,,,,,,,,0.0,,1.0,,,,,,,,,,,,,,,,,,,,,,,,,,,,0.0,,,,,,,,,,,,,,,,,,,,,,""
5719530173,"Jul 29, 2021, 6:02:49 AM",Morning Run,Run,,3049,8.30,172.0,95,,,,activities/6083747412.fit.gz,,,3049.0,3001.0,8305.0,3.2,2.767,82.5,246.0,180.3,199.0,5.3,-0.2,,,87.0,84.0,,159.0,,,468.0,,,95.0,,,,,,,,,,,,,0.0,,1.0,8353.6,,,,,,,,,,,,,,,,,,,,,,,,,,,2.724,,,,,,,,,,,,,,,,,,,,,,""
5703150366,"Jul 28, 2021, 4:29:53 PM",35 χαλαρά μετά το 15' 30 sec γρήγορα 6 ευθείες γρηγορες,Run,"",3903,7.69,183.0,97,,,,activities/6066346008.fit.gz,,,3903.0,2625.0,7691.8,5.7,2.93,185.7,161.0,208.2,220.7,25.0,0.0,,,94.0,83.0,,162.0,,,416.0,,,97.0,,,,,,,,,,,0.0,,0.0,,1.0,8132.8,,,,,,,,,,,,,,,,,,,,,,,,,,,1.971,,,,,,,,,,,,,,,,,,,,,,""
5703148815,"Jul 28, 2021, 8:31:55 AM",Lunch Activity,Weight Training,,4149,0,146.0,8,,,,activities/6066344452.fit.gz,,,4149.0,4149.0,0.0,0.0,0.0,0.0,,,,0.0,0.0,,,,,,92.0,,,180.0,,,8.0,,,,,,,,,,,,,0.0,,1.0,,,,,,,,,,,,,,,,,,,,,,,,,,,,0.0,,,,,,,,,,,,,,,,,,,,,,""
5687424773,"Jul 25, 2021, 4:46:18 AM",Zagori 21km,Run,"",10471,21.41,199.0,365,,,,activities/6049934235.fit.gz,,,10471.0,10213.0,21415.9,5.9,2.097,1141.1,1632.0,727.5,1341.7,45.7,0.0,,,124.0,71.0,,162.0,,,1394.0,,,365.0,,,,,,,,,,,0.0,,0.0,,1.0,28113.9,,,,,,,,,,,,,,,,,,,,,,,,,,,2.045,,,,,,,,,,,,,,,,,,,,,,""
5687099017,"Jul 25, 2021, 4:27:23 AM",Morning Run,Run,,567,1.49,155.0,4,,,,activities/6049591615.fit.gz,,,567.0,567.0,1497.7,3.1,2.641,0.0,,,,0.0,0.0,,,86.0,82.0,,137.0,,,73.0,,,4.0,,,,,,,,,,,,,0.0,,1.0,,,,,,,,,,,,,,,,,,,,,,,,,,,,2.641,,,,,,,,,,,,,,,,,,,,,,""
5687098548,"Jul 24, 2021, 4:11:40 PM",Evening Run,Run,,1516,3.00,178.0,34,,,,activities/6049591121.fit.gz,,,1516.0,1403.0,3004.3,3.8,2.141,125.4,106.0,1028.0,1094.0,37.4,0.0,,,85.0,79.0,,152.0,,,208.0,,,34.0,,,,,,,,,,,,,0.0,,1.0,3669.0,,,,,,,,,,,,,,,,,,,,,,,,,,,1.982,,,,,,,,,,,,,,,,,,,,,,""
5687097548,"Jul 21, 2021, 3:17:47 PM",Evening Run,Run,,3400,8.35,167.0,52,,,,activities/6049590139.fit.gz,,,3400.0,3348.0,8349.5,3.9,2.494,150.8,250.0,274.1,369.0,15.2,0.0,,,85.0,81.0,,144.0,,,425.0,,,52.0,,,,,,,,,,,0.0,,0.0,,1.0,8677.0,,,,,,,,,,,,,,,,,,,,,,,,,,,2.456,,,,,,,,,,,,,,,,,,,,,,""
5661802878,"Jul 20, 2021, 5:24:40 PM",150 * 3.45,Run,"",3839,6.25,168.0,22,,,,activities/6023172185.fit.gz,,,3839.0,2126.0,6252.8,5.5,2.941,2.2,107.0,99.7,103.1,9.4,0.0,,,99.0,85.0,,139.0,,,247.0,,,22.0,,,,,,,,,,,0.0,,0.0,,1.0,6262.4,,,,,,,,,,,,,,,,,,,,,,,,,,,1.629,,,,,,,,,,,,,,,,,,,,,,""
5646377219,"Jul 18, 2021, 5:29:38 AM",Morning Run,Run,,6253,15.00,172.0,162,,,,activities/6007108395.fit.gz,,,6253.0,5834.0,15005.4,3.8,2.572,286.4,447.0,273.7,410.0,16.1,0.0,,,121.0,81.0,,155.0,,,821.0,,,162.0,,,,,,,,,,,0.0,,0.0,,1.0,15584.0,,,,,,,,,,,,,,,,,,,,,,,,,,,2.4,,,,,,,,,,,,,,,,,,,,,,""
5643272447,"Jul 17, 2021, 4:12:53 PM",Uphills poikilo,Run,"",5823,7.00,179.0,57,,,,activities/6003853648.fit.gz,,,5823.0,3715.0,6999.7,3.7,1.884,443.2,501.0,241.1,449.0,42.8,0.2,,,103.0,74.0,,144.0,,,457.0,,,57.0,,,,,,,,,,,0.0,,0.0,,1.0,9909.1,,,,,,,,,,,,,,,,,,,,,,,,,,,1.202,,,,,,,,,,,,,,,,,,,,,,""
5643270721,"Jul 17, 2021, 9:46:16 AM",Lunch Activity,Weight Training,,2303,0,135.0,4,,,,activities/6003851879.fit.gz,,,2303.0,2303.0,0.0,0.0,0.0,0.0,,,,0.0,0.0,,,,,,89.0,,,107.0,,,4.0,,,,,,,,,,,,,0.0,,1.0,,,,,,,,,,,,,,,,,,,,,,,,,,,,0.0,,,,,,,,,,,,,,,,,,,,,,""
5640218865,"Jul 16, 2021, 3:59:29 PM",Evening Activity,Weight Training,,1073,0,134.0,2,,,,activities/6000665465.fit.gz,,,1073.0,1073.0,0.0,0.0,0.0,0.0,,,,0.0,0.0,,,,,,89.0,,,50.0,,,2.0,,,,,,,,,,,,,0.0,,1.0,,,,,,,,,,,,,,,,,,,,,,,,,,,,0.0,,,,,,,,,,,,,,,,,,,,,,""
5640217971,"Jul 15, 2021, 5:02:51 AM",Morning Run,Run,,2456,5.37,183.0,42,,,,activities/6000664902.fit.gz,,,2456.0,1952.0,5372.5,4.8,2.752,30.5,297.0,102.2,109.6,6.1,-0.1,,,92.0,85.0,,151.0,,,288.0,,,42.0,,,,,,,,,,,,,0.0,,1.0,5395.2,,,,,,,,,,,,,,,,,,,,,,,,,,,2.188,,,,,,,,,,,,,,,,,,,,,,""
5628563673,"Jul 14, 2021, 5:39:01 PM",Evening Run,Run,,4891,11.20,171.0,85,,,,activities/5988504070.fit.gz,,,4891.0,4428.0,11201.0,3.8,2.53,295.3,473.0,240.9,404.6,22.9,0.0,,,111.0,81.0,,148.0,,,569.0,,,85.0,,,,,,,,,,,0.0,,0.0,,1.0,12098.7,,,,,,,,,,,,,,,,,,,,,,,,,,,2.29,,,,,,,,,,,,,,,,,,,,,,""
5628561844,"Jul 13, 2021, 4:58:45 AM",Morning Run,Run,400* 4.00 - 200 * 3.45 ,4364,9.00,179.0,58,,,,activities/5988502355.fit.gz,,,4364.0,3463.0,9003.8,5.3,2.6,57.9,216.0,110.4,115.4,5.9,0.0,,,125.0,80.0,,147.0,,,444.0,,,58.0,,,,,,,,,,,0.0,,0.0,,1.0,9080.3,,,,,,,,,,,,,,,,,,,,,,,,,,,2.063,,,,,,,,,,,,,,,,,,,,,,""
5628560294,"Jul 11, 2021, 5:47:25 AM",Morning Run,Run,,6068,16.00,188.0,153,,,,activities/5988500721.fit.gz,,,6068.0,5558.0,16006.8,5.4,2.88,143.9,657.0,421.7,475.6,8.3,0.0,,,91.0,86.0,,154.0,,,781.0,,,153.0,,,,,,,,,,,0.0,,0.0,,1.0,16142.2,,,,,,,,,,,,,,,,,,,,,,,,,,,2.638,,,,,,,,,,,,,,,,,,,,,,""
5628558624,"Jul 10, 2021, 4:15:43 PM",Προφήτης Ηλίας Γλυφάδα,Run,,4826,7.75,189.0,119,,,,activities/5988498987.fit.gz,,,4826.0,4504.0,7750.8,3.4,1.721,560.4,612.0,176.3,382.0,34.8,-0.2,,,105.0,69.0,,154.0,,,657.0,,,119.0,,,,,,,,,,,0.0,,0.0,,1.0,11243.1,,,,,,,,,,,,,,,,,,,,,,,,,,,1.606,6578.8,,,,,,,,,,,,,,,,,,,,,""
5628557205,"Jul 10, 2021, 10:54:41 AM",Afternoon Activity,Weight Training,,2336,0,141.0,5,,,,activities/5988497550.fit.gz,,,2336.0,2336.0,0.0,0.0,0.0,0.0,,,,0.0,0.0,,,,,,94.0,,,125.0,,,5.0,,,,,,,,,,,,,0.0,,1.0,,,,,,,,,,,,,,,,,,,,,,,,,,,,0.0,,,,,,,,,,,,,,,,,,,,,,""
5617329196,"Jul 9, 2021, 4:35:41 PM",Evening Activity,Workout,"",2062,0,128.0,3,,,,activities/5976811855.fit.gz,,,2062.0,2062.0,0.0,0.0,0.0,0.0,,,,0.0,0.0,,,,,,82.0,,,74.0,,,3.0,,,,,,,,,,,,,0.0,,1.0,,,,,,,,,,,,,,,,,,,,,,,,,,,,0.0,,,,,,,,,,,,,,,,,,,,,,""
5617329242,"Jul 8, 2021, 5:05:04 PM",Evening Run,Run,"",3496,8.00,171.0,55,,,,activities/5976811850.fit.gz,,,3496.0,2500.0,8000.8,5.1,3.2,158.2,214.0,255.2,267.5,24.4,0.0,,,96.0,85.0,,150.0,,,348.0,,,55.0,,,,,,,,,,,,,0.0,,1.0,8392.3,,,,,,,,,,,,,,,,,,,,,,,,,,,2.289,,,,,,,,,,,,,,,,,,,,,,""
5617329253,"Jul 7, 2021, 6:48:32 PM",Night Run,Run,"",4361,7.67,179.0,96,,,,activities/5976811841.fit.gz,,,4361.0,3423.0,7675.8,3.8,2.242,293.1,475.0,236.4,451.8,39.3,-0.5,,,118.0,78.0,,155.0,,,513.0,,,96.0,,,,,,,,,,,0.0,,0.0,,1.0,8928.3,,,,,,,,,,,,,,,,,,,,,,,,,,,1.76,,,,,,,,,,,,,,,,,,,,,,""
5617329230,"Jul 6, 2021, 5:20:10 PM",Evening Run,Run,"",2505,4.63,156.0,10,,,,activities/5976811832.fit.gz,,,2505.0,1656.0,4630.4,4.9,2.796,87.2,74.0,256.4,266.5,11.3,0.0,,,97.0,82.0,,134.0,,,187.0,,,10.0,,,,,,,,,,,,,0.0,,1.0,4829.2,,,,,,,,,,,,,,,,,,,,,,,,,,,1.848,,,,,,,,,,,,,,,,,,,,,,""
5617329183,"Jul 5, 2021, 12:58:16 PM",Afternoon Swim,Swim,"",2445,675,,,,,,activities/5976811821.fit.gz,,,2445.0,2324.0,675.0,0.4,0.29,0.0,,,,0.0,0.0,,,28.0,28.0,,,,,149.0,,,,,,,,,,,,,,,,0.0,,1.0,,,,,,,,,,,,,,,,,,,,,,,,,,,,0.276,,,,,,,,,,,,,,,,,,,,,,""
5617329224,"Jul 5, 2021, 11:48:15 AM",Afternoon Run,Run,"",2564,5.01,167.0,42,,,,activities/5976811815.fit.gz,,,2564.0,2015.0,5009.9,4.8,2.486,81.7,166.0,166.3,181.7,13.7,-0.1,,,92.0,82.0,,149.0,,,283.0,,,42.0,,,,,,,,,,,,,0.0,,1.0,5176.2,,,,,,,,,,,,,,,,,,,,,,,,,,,1.954,,,,,,,,,,,,,,,,,,,,,,""
5616991095,"Jul 3, 2021, 6:13:57 PM",Poikilo Night Run,Run,,3232,9.78,,,,,,activities/5976461529.gpx.gz,,,3232.0,3232.0,9780.7,5.3,3.026,283.7,284.2,239.6,449.1,33.7,0.0,,,120.0,83.0,,,,,,,,,,,,,,,,,,,0.0,,0.0,,1.0,10652.8,,,,,,,,,,,,,,,,,,,,,,,,,,,3.026,,,,,,,,,,,,,,,,,,,,,,""
5616991170,"Jul 1, 2021, 5:05:32 PM",Evening Run,Run,,1936,3.80,,,,,,activities/5976461771.gpx.gz,,,1936.0,1238.0,3801.6,5.3,3.071,22.4,22.8,110.8,115.4,6.5,0.0,,,96.0,85.0,,,,,,,,,,,,,,,,,,,,,0.0,,1.0,3831.5,,,,,,,,,,,,,,,,,,,,,,,,,,,1.964,,,,,,,,,,,,,,,,,,,,,,""
5616991347,"Jun 30, 2021, 6:10:27 PM",Night Run,Run,,4432,10.55,,,,,,activities/5976461418.gpx.gz,,,4432.0,4076.0,10557.1,3.9,2.59,342.2,340.3,185.6,449.1,28.6,0.0,,,106.0,80.0,,,,,,,,,,,,,,,,,,,0.0,,0.0,,1.0,11595.0,,,,,,,,,,,,,,,,,,,,,,,,,,,2.382,,,,,,,,,,,,,,,,,,,,,,""
5616990691,"Jun 29, 2021, 5:15:49 PM",Evening Run,Run,,3607,6.88,,,,,,activities/5976461357.gpx.gz,,,3607.0,2227.0,6888.7,5.2,3.093,140.4,133.6,255.3,267.7,12.8,0.1,,,118.0,82.0,,,,,,,,,,,,,,,,,,,0.0,,0.0,,1.0,7203.7,,,,,,,,,,,,,,,,,,,,,,,,,,,1.91,,,,,,,,,,,,,,,,,,,,,,""
5616990815,"Jun 27, 2021, 6:44:12 AM",Kopsi twn aetwn olimpos,Run,,5368,12.51,,,,,,activities/5976461396.gpx.gz,,,5368.0,5226.0,12515.0,6.1,2.395,336.2,1139.4,283.6,1086.8,45.9,-6.4,,,123.0,77.0,,,,,,,,,,,,,,,,,,,0.0,,0.0,,1.0,14756.7,,,,,,,,,,,,,,,,,,,,,,,,,,,2.331,9071.9,,,,,,,,,,,,,,,,,,,,,""
5616990979,"Jun 27, 2021, 6:26:47 AM",Morning Run,Run,,639,1.38,,,,,,activities/5976461560.gpx.gz,,,639.0,602.0,1387.6,4.1,2.305,62.9,68.4,1061.3,1096.4,14.0,-0.4,,,86.0,81.0,,,,,,,,,,,,,,,,,,,,,0.0,,1.0,1621.7,,,,,,,,,,,,,,,,,,,,,,,,,,,2.172,,,,,,,,,,,,,,,,,,,,,,""
5616990672,"Jun 25, 2021, 10:39:22 AM",Afternoon Run,Run,,1573,2.75,,,,,,activities/5976461441.gpx.gz,,,1573.0,862.0,2754.4,5.0,3.195,6.9,7.6,102.6,107.2,3.0,0.0,,,93.0,85.0,,,,,,,,,,,,,,,,,,,,,0.0,,1.0,2766.7,,,,,,,,,,,,,,,,,,,,,,,,,,,1.751,,,,,,,,,,,,,,,,,,,,,,""
5616990543,"Jun 24, 2021, 4:25:57 PM",Evening Run,Run,,3166,6.50,,,,,,activities/5976461352.gpx.gz,,,3166.0,1904.0,6503.2,5.5,3.416,123.7,122.8,255.8,268.6,19.3,0.0,,,99.0,86.0,,,,,,,,,,,,,,,,,,,0.0,,0.0,,1.0,6783.4,,,,,,,,,,,,,,,,,,,,,,,,,,,2.054,,,,,,,,,,,,,,,,,,,,,,""
5616990519,"Jun 23, 2021, 3:37:39 PM",Evening Run,Run,,4422,7.02,,,,,,activities/5976461341.gpx.gz,,,4422.0,4163.0,7026.3,4.3,1.688,483.0,478.4,497.3,961.8,30.3,0.1,,,123.0,69.0,,,,,,,,,,,,,,,,,,,0.0,,0.0,,1.0,9811.8,,,,,,,,,,,,,,,,,,,,,,,,,,,1.589,,,,,,,,,,,,,,,,,,,,,,""
5616990537,"Jun 22, 2021, 4:49:17 PM",Evening Run,Run,,3115,7.03,,,,,,activities/5976461370.gpx.gz,,,3115.0,2366.0,7029.7,5.3,2.971,54.2,57.3,110.9,115.4,4.4,0.0,,,102.0,84.0,,,,,,,,,,,,,,,,,,,0.0,,0.0,,1.0,7079.8,,,,,,,,,,,,,,,,,,,,,,,,,,,2.257,,,,,,,,,,,,,,,,,,,,,,""
5616991053,"Jun 20, 2021, 6:05:29 AM",Themistocles run,Run,,6482,12.72,,,,,,activities/5976461414.gpx.gz,,,6482.0,6364.0,12727.8,4.6,2.0,758.1,758.2,96.2,415.4,49.5,0.0,,,123.0,70.0,,,,,,,,,,,,,,,,,,,0.0,,0.0,,1.0,17332.7,,,,,,,,,,,,,,,,,,,,,,,,,,,1.964,10420.3,,,,,,,,,,,,,,,,,,,,,""
5616990771,"Jun 18, 2021, 4:49:54 PM",Evening Run,Run,,4083,9.22,,,,,,activities/5976461403.gpx.gz,,,4083.0,2714.0,9223.1,5.5,3.398,175.3,175.0,255.0,267.3,15.9,0.0,,,100.0,87.0,,,,,,,,,,,,,,,,,,,0.0,,0.0,,1.0,9607.0,,,,,,,,,,,,,,,,,,,,,,,,,,,2.259,,,,,,,,,,,,,,,,,,,,,,""
5616993074,"Jun 17, 2021, 5:22:07 PM",Evening Run,Run,,3464,8.03,,,,,,activities/5976463918.gpx.gz,,,3464.0,2708.0,8032.5,5.5,2.966,58.5,61.2,110.9,115.4,7.1,0.0,,,102.0,84.0,,,,,,,,,,,,,,,,,,,,,0.0,,1.0,8089.4,,,,,,,,,,,,,,,,,,,,,,,,,,,2.319,,,,,,,,,,,,,,,,,,,,,,""
5616990759,"Jun 16, 2021, 4:38:36 PM",Evening Run,Run,,4671,10.54,,,,,,activities/5976461493.gpx.gz,,,4671.0,4520.0,10539.8,3.8,2.332,273.6,279.8,274.2,435.6,34.1,-0.1,,,110.0,80.0,,,,,,,,,,,,,,,,,,,0.0,,0.0,,1.0,11714.4,,,,,,,,,,,,,,,,,,,,,,,,,,,2.256,,,,,,,,,,,,,,,,,,,,,,""
5616991045,"Jun 13, 2021, 6:29:56 AM",Dolomites,Run,,10339,20.66,,,,,,activities/5976461541.gpx.gz,,,10339.0,10045.0,20659.5,5.6,2.057,1218.4,1199.7,841.9,1684.8,49.3,0.1,,,123.0,71.0,,,,,,,,,,,,,,,,,,,0.0,,0.0,,1.0,27438.0,,,,,,,,,,,,,,,,,,,,,,,,,,,1.998,,,,,,,,,,,,,,,,,,,,,,""
5616991346,"Jun 13, 2021, 6:09:32 AM",Morning Run,Run,,571,1.47,,,,,,activities/5976461440.gpx.gz,,,571.0,567.0,1474.9,3.1,2.601,14.0,14.6,834.1,844.8,3.8,0.0,,,84.0,82.0,,,,,,,,,,,,,,,,,,,,,0.0,,1.0,1492.2,,,,,,,,,,,,,,,,,,,,,,,,,,,2.583,,,,,,,,,,,,,,,,,,,,,,""
5616990507,"Jun 12, 2021, 5:16:59 PM",Evening Run,Run,,2119,4.30,,,,,,activities/5976461348.gpx.gz,,,2119.0,1551.0,4299.0,5.3,2.772,150.6,153.4,844.7,1001.4,20.2,-0.1,,,93.0,82.0,,,,,,,,,,,,,,,,,,,0.0,,0.0,,1.0,4865.1,,,,,,,,,,,,,,,,,,,,,,,,,,,2.029,,,,,,,,,,,,,,,,,,,,,,""
5616990794,"Jun 9, 2021, 2:09:27 PM",Afternoon Run,Run,,4943,12.07,,,,,,activities/5976461395.gpx.gz,,,4943.0,4943.0,12077.0,3.2,2.443,200.8,200.8,274.1,369.0,15.0,0.0,,,85.0,81.0,,,,,,,,,,,,,,,,,,,0.0,,0.0,,1.0,12473.7,,,,,,,,,,,,,,,,,,,,,,,,,,,2.443,,,,,,,,,,,,,,,,,,,,,,""
5616990748,"Jun 7, 2021, 4:29:49 PM",Evening Run,Run,,3041,6.62,,,,,,activities/5976461372.gpx.gz,,,3041.0,2288.0,6622.6,5.9,2.894,16.2,14.1,81.5,91.0,6.2,0.0,,,100.0,84.0,,,,,,,,,,,,,,,,,,,0.0,,0.0,,1.0,6660.7,,,,,,,,,,,,,,,,,,,,,,,,,,,2.178,,,,,,,,,,,,,,,,,,,,,,""
5616991282,"Jun 5, 2021, 5:08:04 AM",Morning Run,Run,,6492,8.93,,,,,,activities/5976461409.gpx.gz,,,6492.0,5746.0,8934.2,3.3,1.555,763.6,753.3,274.8,987.7,42.6,0.1,,,120.0,69.0,,,,,,,,,,,,,,,,,,,0.0,,0.0,,1.0,14221.6,,,,,,,,,,,,,,,,,,,,,,,,,,,1.376,,,,,,,,,,,,,,,,,,,,,,""
5616990875,"Jun 3, 2021, 5:29:26 PM",Evening Run,Run,,3077,8.52,,,,,,activities/5976461369.gpx.gz,,,3077.0,2820.0,8527.8,5.5,3.024,65.8,66.3,110.9,115.2,5.3,0.0,,,94.0,85.0,,,,,,,,,,,,,,,,,,,,,0.0,,1.0,8591.6,,,,,,,,,,,,,,,,,,,,,,,,,,,2.771,,,,,,,,,,,,,,,,,,,,,,""
5616990839,"Jun 2, 2021, 3:19:19 PM",Evening Run,Run,,7349,10.46,,,,,,activities/5976461428.gpx.gz,,,7349.0,6035.0,10462.4,4.9,1.734,701.1,701.2,497.6,1127.4,37.1,0.0,,,110.0,71.0,,,,,,,,,,,,,,,,,,,0.0,,0.0,,1.0,14773.0,,,,,,,,,,,,,,,,,,,,,,,,,,,1.424,,,,,,,,,,,,,,,,,,,,,,""
5616990674,"Jun 1, 2021, 4:47:44 PM",Evening Run,Run,,3238,7.52,,,,,,activities/5976461374.gpx.gz,,,3238.0,2459.0,7521.4,6.1,3.059,50.9,53.9,110.8,115.4,6.7,0.0,,,110.0,86.0,,,,,,,,,,,,,,,,,,,0.0,,0.0,,1.0,7580.4,,,,,,,,,,,,,,,,,,,,,,,,,,,2.323,,,,,,,,,,,,,,,,,,,,,,""
5616991176,"May 29, 2021, 12:35:07 PM",Afternoon Run,Run,,3645,6.05,,,,,,activities/5976461465.gpx.gz,,,3645.0,2881.0,6058.3,15.1,2.103,374.0,305.8,280.9,512.5,50.0,1.1,,,125.0,79.0,,,,,,,,,,,,,,,,,,,,,0.0,,1.0,8664.7,,,,,,,,,,,,,,,,,,,,,,,,,,,1.662,,,,,,,,,,,,,,,,,,,,,,""
5616990855,"May 27, 2021, 10:30:56 AM",Afternoon Run,Run,,3383,8.09,,,,,,activities/5976461467.gpx.gz,,,3383.0,2719.0,8090.3,4.4,2.975,63.0,64.0,110.9,115.0,4.4,0.0,,,92.0,87.0,,,,,,,,,,,,,,,,,,,,,0.0,,1.0,8145.2,,,,,,,,,,,,,,,,,,,,,,,,,,,2.391,,,,,,,,,,,,,,,,,,,,,,""
5616990953,"May 26, 2021, 1:50:05 PM",Skalakia,Run,,5494,5.88,,,,,,activities/5976461393.gpx.gz,,,5494.0,3784.0,5879.6,3.6,1.554,597.9,545.7,497.5,1036.7,43.3,0.9,,,125.0,67.0,,,,,,,,,,,,,,,,,,,0.0,,0.0,,1.0,10559.1,,,,,,,,,,,,,,,,,,,,,,,,,,,1.07,5879.6,,,,,,,,,,,,,,,,,,,,,""
5616990604,"May 25, 2021, 4:57:33 PM",Evening Run,Run,,3671,8.17,,,,,,activities/5976461375.gpx.gz,,,3671.0,2768.0,8178.5,5.4,2.955,65.8,68.0,110.8,114.9,3.1,0.0,,,102.0,86.0,,,,,,,,,,,,,,,,,,,,,0.0,,1.0,8245.7,,,,,,,,,,,,,,,,,,,,,,,,,,,2.228,,,,,,,,,,,,,,,,,,,,,,""
5616991162,"May 23, 2021, 6:12:25 AM",Morning Run,Run,,9700,20.95,,,,,,activities/5976461391.gpx.gz,,,9700.0,8239.0,20952.6,4.2,2.543,551.2,573.0,110.2,435.4,34.6,-0.1,,,114.0,81.0,,,,,,,,,,,,,,,,,,,0.0,,0.0,,1.0,22748.4,,,,,,,,,,,,,,,,,,,,,,,,,,,2.16,,,,,,,,,,,,,,,,,,,,,,""
5616991463,"May 22, 2021, 4:55:54 AM",Morning Run,Run,,5398,8.70,,,,,,activities/5976461514.gpx.gz,,,5398.0,4426.0,8701.7,3.7,1.966,493.0,442.0,399.2,677.0,32.0,0.6,,,124.0,78.0,,,,,,,,,,,,,,,,,,,0.0,,0.0,,1.0,11278.1,,,,,,,,,,,,,,,,,,,,,,,,,,,1.612,,,,,,,,,,,,,,,,,,,,,,""
5616993018,"May 21, 2021, 1:31:07 PM",Afternoon Run,Run,,2028,0,,,,,,activities/5976463907.tcx.gz,,,2028.0,2028.0,0.0,0.0,0.0,0.0,,,,0.0,0.0,,,,,,,,,,,,,,,,,,,,,,,,,0.0,,1.0,,,,,,,,,,,,,,,,,,,,,,,,,,,,0.0,,,,,,,,,,,,,,,,,,,,,,""
5616990590,"May 20, 2021, 5:30:54 PM",Evening Run,Run,,2615,7.01,,,,,,activities/5976461429.gpx.gz,,,2615.0,2372.0,7014.8,4.9,2.957,57.8,62.0,110.8,115.3,3.9,-0.1,,,92.0,85.0,,,,,,,,,,,,,,,,,,,,,0.0,,1.0,7064.0,,,,,,,,,,,,,,,,,,,,,,,,,,,2.683,,,,,,,,,,,,,,,,,,,,,,""
5616990944,"May 19, 2021, 1:49:28 PM",Afternoon Run,Run,,6904,13.30,,,,,,activities/5976461552.gpx.gz,,,6904.0,5689.0,13308.3,4.2,2.339,557.2,559.0,387.2,886.2,33.3,0.0,,,118.0,77.0,,,,,,,,,,,,,,,,,,,0.0,,0.0,,1.0,15656.4,,,,,,,,,,,,,,,,,,,,,,,,,,,1.928,,,,,,,,,,,,,,,,,,,,,,""
5616990936,"May 18, 2021, 5:28:01 PM",Evening Run,Run,,5247,9.18,,,,,,activities/5976461509.gpx.gz,,,5247.0,2924.0,9184.8,6.5,3.141,64.6,64.6,110.7,114.7,3.3,0.0,,,96.0,85.0,,,,,,,,,,,,,,,,,,,,,0.0,,1.0,9257.8,,,,,,,,,,,,,,,,,,,,,,,,,,,1.75,,,,,,,,,,,,,,,,,,,,,,""
5616990696,"May 17, 2021, 5:26:41 PM",Evening Run,Run,,2537,0,,,,,,activities/5976461388.tcx.gz,,,2537.0,2537.0,0.0,0.0,0.0,0.0,,,,0.0,0.0,,,,,,,,,,,,,,,,,,,,,,,,,0.0,,1.0,,,,,,,,,,,,,,,,,,,,,,,,,,,,0.0,,,,,,,,,,,,,,,,,,,,,,""
5616991529,"May 16, 2021, 7:20:27 AM",Morning Run,Run,,9409,16.09,,,,,,activities/5976461538.gpx.gz,,,9409.0,7696.0,16090.5,9.3,2.091,754.9,762.3,400.0,1055.9,36.0,0.0,,,99.0,77.0,,,,,,,,,,,,,,,,,,,0.0,,0.0,,1.0,19746.8,,,,,,,,,,,,,,,,,,,,,,,,,,,1.71,,,,,,,,,,,,,,,,,,,,,,""
5616990844,"May 15, 2021, 5:48:26 AM",Skalakia,Run,"",7284,9.43,,,,,,activities/5976461392.gpx.gz,,,7284.0,5346.0,9431.5,3.7,1.764,638.3,639.5,497.3,1066.6,42.0,0.0,,,120.0,74.0,,,,,,,,,,,,,,,,,,,0.0,,0.0,,1.0,13484.6,,,,,,,,,,,,,,,,,,,,,,,,,,,1.295,9413.3,,,,,,,,,,,,,,,,,,,,,""
5616990582,"May 14, 2021, 10:16:50 AM",Afternoon Ride,Ride,,2399,12.01,,,,,,activities/5976461351.gpx.gz,,,2399.0,2304.0,12018.5,8.6,5.216,102.1,89.3,78.0,118.7,4.1,0.1,,,,,,,,,,,,,,,,,,,,,,,,,0.0,,1.0,,,,,,,,,,,,,,,,,,,,,,,,,,,,5.01,,,,,,,,,,,,,,,,,,,,,,""
5616990848,"May 13, 2021, 1:17:40 PM",Afternoon Run,Run,,2911,6.86,,,,,,activities/5976461420.gpx.gz,,,2911.0,1932.0,6867.8,5.0,3.555,53.0,52.6,110.9,114.8,3.6,0.0,,,95.0,88.0,,,,,,,,,,,,,,,,,,,,,0.0,,1.0,6930.0,,,,,,,,,,,,,,,,,,,,,,,,,,,2.359,,,,,,,,,,,,,,,,,,,,,,""
5616990943,"May 12, 2021, 2:00:31 PM",Άι Γιώργη,Run,,6351,10.67,,,,,,activities/5976461540.gpx.gz,,,6351.0,4847.0,10675.0,4.1,2.202,548.1,447.1,390.9,936.6,34.0,0.9,,,118.0,75.0,,,,,,,,,,,,,,,,,,,0.0,,0.0,,1.0,13294.6,,,,,,,,,,,,,,,,,,,,,,,,,,,1.681,,,,,,,,,,,,,,,,,,,,,,""
5616990912,"May 11, 2021, 4:02:54 PM",Evening Run,Run,,3324,8.48,,,,,,activities/5976461364.gpx.gz,,,3324.0,2853.0,8483.8,4.8,2.974,178.8,176.2,255.1,266.9,8.0,0.0,,,91.0,85.0,,,,,,,,,,,,,,,,,,,,,0.0,,1.0,8853.8,,,,,,,,,,,,,,,,,,,,,,,,,,,2.552,,,,,,,,,,,,,,,,,,,,,,""
5616990834,"May 11, 2021, 7:27:32 AM",Morning Run,Run,,2195,0,,,,,,activities/5976461380.tcx.gz,,,2195.0,2195.0,0.0,0.0,0.0,0.0,,,,0.0,0.0,,,,,,,,,,,,,,,,,,,,,,,,,0.0,,1.0,,,,,,,,,,,,,,,,,,,,,,,,,,,,0.0,,,,,,,,,,,,,,,,,,,,,,""
5616990576,"May 10, 2021, 6:29:05 PM",Night Run,Run,,1338,0,,,,,,activities/5976461350.tcx.gz,,,1338.0,1338.0,0.0,0.0,0.0,0.0,,,,0.0,0.0,,,,,,,,,,,,,,,,,,,,,,,,,0.0,,1.0,,,,,,,,,,,,,,,,,,,,,,,,,,,,0.0,,,,,,,,,,,,,,,,,,,,,,""
5616991014,"May 10, 2021, 4:14:11 PM",Evening Run,Run,,5073,11.28,,,,,,activities/5976461621.gpx.gz,,,5073.0,4061.0,11280.8,3.8,2.778,155.8,199.5,267.9,369.0,14.4,-0.4,,,87.0,84.0,,,,,,,,,,,,,,,,,,,0.0,,0.0,,1.0,11497.9,,,,,,,,,,,,,,,,,,,,,,,,,,,2.224,,,,,,,,,,,,,,,,,,,,,,""
5616991107,"May 8, 2021, 6:04:28 AM",Morning Run,Run,,7639,9.31,,,,,,activities/5976461951.gpx.gz,,,7639.0,5243.0,9311.2,3.8,1.776,650.1,724.4,274.9,837.3,43.1,-0.8,,,125.0,70.0,,,,,,,,,,,,,,,,,,,0.0,,0.0,,1.0,13497.8,,,,,,,,,,,,,,,,,,,,,,,,,,,1.219,,,,,,,,,,,,,,,,,,,,,,""
5616991693,"May 6, 2021, 2:17:50 PM",Afternoon Ride,Ride,,9041,30.01,,,,,,activities/5976461834.gpx.gz,,,9041.0,5303.0,30016.9,10.0,5.66,260.5,271.5,33.5,201.2,8.5,0.0,,,,,,,,,,,,,,,,,,,,,,,,,0.0,,1.0,,,,,,,,,,,,,,,,,,,,,,,,,,,,3.32,,,,,,,,,,,,,,,,,,,,,,""
5616991042,"May 5, 2021, 4:19:12 PM",Evening Run,Run,,4374,12.48,,,,,,activities/5976461424.gpx.gz,,,4374.0,3893.0,12488.5,5.6,3.208,290.5,291.4,207.4,219.9,11.2,0.0,,,92.0,87.0,,,,,,,,,,,,,,,,,,,,,0.0,,1.0,13145.4,,,,,,,,,,,,,,,,,,,,,,,,,,,2.855,,,,,,,,,,,,,,,,,,,,,,""
5616990835,"May 4, 2021, 7:05:07 AM",Morning Run,Run,,4033,0,,,,,,activities/5976461500.tcx.gz,,,4033.0,4033.0,0.0,0.0,0.0,0.0,,,,0.0,0.0,,,,,,,,,,,,,,,,,,,,,,,,,0.0,,1.0,,,,,,,,,,,,,,,,,,,,,,,,,,,,0.0,,,,,,,,,,,,,,,,,,,,,,""
5616990633,"May 3, 2021, 9:56:23 AM",Lunch Run,Run,,3329,3.07,,,,,,activities/5976461365.gpx.gz,,,3329.0,1243.0,3075.4,9.9,2.474,29.3,340.7,213.4,533.5,32.8,-10.1,,,88.0,69.0,,,,,,,,,,,,,,,,,,,,,0.0,,1.0,3198.7,,,,,,,,,,,,,,,,,,,,,,,,,,,0.924,,,,,,,,,,,,,,,,,,,,,,""
5616991140,"May 3, 2021, 8:35:04 AM",Anifores xwrio,Run,,4795,8.90,,,,,,activities/5976461438.gpx.gz,,,4795.0,4195.0,8899.3,3.8,2.121,514.6,279.7,269.2,532.9,48.1,2.6,,,118.0,73.0,,,,,,,,,,,,,,,,,,,0.0,,0.0,,1.0,11738.3,,,,,,,,,,,,,,,,,,,,,,,,,,,1.856,0.0,,,,,,,,,,,,,,,,,,,,,""
5616990987,"May 2, 2021, 3:51:21 PM",Evening Run,Run,,4927,9.21,,,,,,activities/5976461528.gpx.gz,,,4927.0,3857.0,9209.6,3.7,2.388,449.3,496.4,197.6,537.8,48.3,-0.5,,,123.0,77.0,,,,,,,,,,,,,,,,,,,0.0,,0.0,,1.0,11698.3,,,,,,,,,,,,,,,,,,,,,,,,,,,1.869,0.0,,,,,,,,,,,,,,,,,,,,,""
5616990978,"May 2, 2021, 5:30:15 AM",Morning Run,Run,,2528,5.44,,,,,,activities/5976461478.gpx.gz,,,2528.0,2452.0,5447.2,3.7,2.222,275.4,236.0,197.6,446.2,30.3,0.7,,,125.0,75.0,,,,,,,,,,,,,,,,,,,,,0.0,,1.0,6766.3,,,,,,,,,,,,,,,,,,,,,,,,,,,2.155,,,,,,,,,,,,,,,,,,,,,,""
5616991169,"May 1, 2021, 8:18:42 AM",Lunch Ride,Ride,,3879,20.00,,,,,,activities/5976462033.gpx.gz,,,3879.0,3550.0,20000.9,10.2,5.634,176.4,179.8,81.7,199.2,7.6,0.0,,,,,,,,,,,,,,,,,,,,,,,,,0.0,,1.0,,,,,,,,,,,,,,,,,,,,,,,,,,,,5.156,,,,,,,,,,,,,,,,,,,,,,""
5616991021,"Apr 30, 2021, 4:53:13 PM",Evening Run,Run,,3519,9.89,,,,,,activities/5976461561.gpx.gz,,,3519.0,3519.0,9897.9,3.3,2.813,227.9,231.9,208.2,218.9,10.3,0.0,,,87.0,84.0,,,,,,,,,,,,,,,,,,,0.0,,0.0,,1.0,10385.6,,,,,,,,,,,,,,,,,,,,,,,,,,,2.813,,,,,,,,,,,,,,,,,,,,,,""
5616991414,"Apr 30, 2021, 8:16:06 AM",Lunch Run,Run,,2898,0,,,,,,activities/5976461437.tcx.gz,,,2898.0,2898.0,0.0,0.0,0.0,0.0,,,,0.0,0.0,,,,,,,,,,,,,,,,,,,,,,,,,0.0,,1.0,,,,,,,,,,,,,,,,,,,,,,,,,,,,0.0,,,,,,,,,,,,,,,,,,,,,,""
5616990974,"Apr 29, 2021, 2:08:42 PM",Stavros souli,Run,"",6659,7.91,,,,,,activities/5976461423.gpx.gz,,,6659.0,4747.0,7916.2,4.3,1.668,623.5,702.2,497.2,1190.5,49.5,-1.0,,,125.0,70.0,,,,,,,,,,,,,,,,,,,0.0,,0.0,,1.0,12054.2,,,,,,,,,,,,,,,,,,,,,,,,,,,1.189,,,,,,,,,,,,,,,,,,,,,,""
5616990867,"Apr 27, 2021, 3:54:45 PM",Evening Run,Run,,3921,10.19,,,,,,activities/5976461512.gpx.gz,,,3921.0,3255.0,10192.9,5.0,3.131,200.1,199.0,256.1,267.7,11.8,0.0,,,94.0,86.0,,,,,,,,,,,,,,,,,,,0.0,,0.0,,1.0,10603.3,,,,,,,,,,,,,,,,,,,,,,,,,,,2.6,,,,,,,,,,,,,,,,,,,,,,""
5616990665,"Apr 26, 2021, 3:09:39 PM",Evening Run,Run,,3905,8.64,,,,,,activities/5976461367.gpx.gz,,,3905.0,2174.0,8643.0,5.9,3.976,206.0,198.4,254.4,272.9,11.4,0.1,,,99.0,87.0,,,,,,,,,,,,,,,,,,,0.0,,0.0,,1.0,9207.5,,,,,,,,,,,,,,,,,,,,,,,,,,,2.213,,,,,,,,,,,,,,,,,,,,,,""
5616990803,"Apr 25, 2021, 6:01:03 AM",Skalakia kazino xouni,Run,,5459,8.13,,,,,,activities/5976461417.gpx.gz,,,5459.0,4664.0,8132.2,3.5,1.744,618.1,615.5,497.3,1066.8,42.9,0.0,,,124.0,71.0,,,,,,,,,,,,,,,,,,,0.0,,0.0,,1.0,12168.4,,,,,,,,,,,,,,,,,,,,,,,,,,,1.49,8110.1,,,,,,,,,,,,,,,,,,,,,""
5616990669,"Apr 24, 2021, 9:53:44 AM",Lunch Run,Run,,3434,0,,,,,,activities/5976461360.tcx.gz,,,3434.0,3434.0,0.0,0.0,0.0,0.0,,,,0.0,0.0,,,,,,,,,,,,,,,,,,,,,,,,,0.0,,1.0,,,,,,,,,,,,,,,,,,,,,,,,,,,,0.0,,,,,,,,,,,,,,,,,,,,,,""
5616990751,"Apr 23, 2021, 9:04:51 AM",Lunch Ride,Ride,,3823,20.05,,,,,,activities/5976461340.gpx.gz,,,3823.0,3559.0,20058.9,9.0,5.636,151.3,154.8,83.9,201.1,4.7,0.0,,,,,,,,,,,,,,,,,,,,,,,0.0,,0.0,,1.0,,,,,,,,,,,,,,,,,,,,,,,,,,,,5.247,,,,,,,,,,,,,,,,,,,,,,""
5616991400,"Apr 22, 2021, 8:50:52 AM",Lunch Run,Run,,3287,8.28,,,,,,activities/5976461434.gpx.gz,,,3287.0,2356.0,8282.0,5.0,3.515,144.1,141.8,255.6,266.9,9.9,0.0,,,94.0,87.0,,,,,,,,,,,,,,,,,,,0.0,,0.0,,1.0,8556.6,,,,,,,,,,,,,,,,,,,,,,,,,,,2.52,,,,,,,,,,,,,,,,,,,,,,""
5616990690,"Apr 21, 2021, 2:29:34 PM",Afternoon Run,Run,,4964,6.91,,,,,,activities/5976461408.gpx.gz,,,4964.0,4141.0,6909.1,4.4,1.668,526.0,585.8,486.8,1066.7,49.8,-0.9,,,113.0,70.0,,,,,,,,,,,,,,,,,,,0.0,,0.0,,1.0,10582.8,,,,,,,,,,,,,,,,,,,,,,,,,,,1.392,,,,,,,,,,,,,,,,,,,,,,""
5616990811,"Apr 21, 2021, 2:07:40 PM",Afternoon Run,Run,,1124,2.74,,,,,,activities/5976461371.gpx.gz,,,1124.0,1124.0,2742.2,3.5,2.44,111.5,59.9,498.2,604.3,14.1,1.9,,,87.0,84.0,,,,,,,,,,,,,,,,,,,0.0,,0.0,,1.0,3166.9,,,,,,,,,,,,,,,,,,,,,,,,,,,2.44,,,,,,,,,,,,,,,,,,,,,,""
5616990881,"Apr 20, 2021, 8:19:52 AM",Lunch Run,Run,,2815,7.15,,,,,,activities/5976461378.tcx.gz,,,2815.0,2815.0,7154.6,3.6,2.542,0.0,,,,0.0,0.0,,,92.0,87.0,,,,,,,,,,,,,,,,,,,,,0.0,,1.0,,,,,,,,,,,,,,,,,,,,,,,,,,,,2.542,,,,,,,,,,,,,,,,,,,,,,""
5616991020,"Apr 19, 2021, 8:42:52 AM",Lunch Run,Run,,3232,0,,,,,,activities/5976461765.tcx.gz,,,3232.0,3232.0,0.0,0.0,0.0,0.0,,,,0.0,0.0,,,,,,,,,,,,,,,,,,,,,,,,,0.0,,1.0,,,,,,,,,,,,,,,,,,,,,,,,,,,,0.0,,,,,,,,,,,,,,,,,,,,,,""
5616990761,"Apr 18, 2021, 5:49:07 AM",Morning Ride,Ride,,11234,60.07,,,,,,activities/5976461373.gpx.gz,,,11234.0,10645.0,60071.7,10.9,5.643,495.4,488.7,80.2,259.0,6.2,0.0,,,,,,,,,,,,,,,,,,,,,,,0.0,,0.0,,1.0,,,,,,,,,,,,,,,,,,,,,,,,,,,,5.347,,,,,,,,,,,,,,,,,,,,,,""
5616993150,"Apr 17, 2021, 5:50:10 AM",Morning Run,Run,,7094,9.42,,,,,,activities/5976463966.gpx.gz,,,7094.0,5352.0,9420.6,3.9,1.76,777.7,774.6,274.2,987.0,46.7,0.0,,,121.0,70.0,,,,,,,,,,,,,,,,,,,0.0,,0.0,,1.0,14700.5,,,,,,,,,,,,,,,,,,,,,,,,,,,1.328,,,,,,,,,,,,,,,,,,,,,,""
5616991190,"Apr 16, 2021, 9:49:34 AM",Lunch Run,Run,,3715,0,,,,,,activities/5976461530.tcx.gz,,,3715.0,3715.0,0.0,0.0,0.0,0.0,,,,0.0,0.0,,,,,,,,,,,,,,,,,,,,,,,,,0.0,,1.0,,,,,,,,,,,,,,,,,,,,,,,,,,,,0.0,,,,,,,,,,,,,,,,,,,,,,""
5616990701,"Apr 16, 2021, 8:33:49 AM",Lunch Ride,Ride,,3331,17.04,,,,,,activities/5976461483.gpx.gz,,,3331.0,3147.0,17042.5,9.4,5.415,128.5,128.5,84.5,170.1,4.5,0.0,,,,,,,,,,,,,,,,,,,,,,,0.0,,0.0,,1.0,,,,,,,,,,,,,,,,,,,,,,,,,,,,5.116,,,,,,,,,,,,,,,,,,,,,,""
5616990664,"Apr 15, 2021, 8:48:07 AM",Lunch Run,Run,,4126,10.10,,,,,,activities/5976461432.gpx.gz,,,4126.0,3050.0,10106.2,5.5,3.314,194.0,193.7,255.0,267.3,10.8,0.0,,,97.0,88.0,,,,,,,,,,,,,,,,,,,0.0,,0.0,,1.0,10474.0,,,,,,,,,,,,,,,,,,,,,,,,,,,2.449,,,,,,,,,,,,,,,,,,,,,,""
5616991137,"Apr 14, 2021, 1:55:58 PM",Afternoon Run,Run,,9237,13.82,,,,,,activities/5976461450.gpx.gz,,,9237.0,7819.0,13826.3,4.5,1.768,934.0,934.0,480.9,1338.2,44.8,0.0,,,118.0,73.0,,,,,,,,,,,,,,,,,,,0.0,,0.0,,1.0,19802.1,,,,,,,,,,,,,,,,,,,,,,,,,,,1.497,,,,,,,,,,,,,,,,,,,,,,""
5617295450,"Apr 13, 2021, 8:26:05 AM",Lunch Run,Run,"",2894,0.91,,,,,,activities/5976776859.gpx.gz,,,2894.0,235.0,914.4,8.3,3.891,11.8,5.4,87.9,97.6,4.3,0.7,,,99.0,93.0,,,,,,,,,,,,,,,,,,,,,0.0,,1.0,944.0,,,,,,,,,,,,,,,,,,,,,,,,,,,0.316,,,,,,,,,,,,,,,,,,,,,,""
5617295429,"Apr 12, 2021, 8:27:10 AM",Lunch Run,Run,"",3576,0,,,,,,activities/5976776837.tcx.gz,,,3576.0,3576.0,0.0,0.0,0.0,0.0,,,,0.0,0.0,,,,,,,,,,,,,,,,,,,,,,,,,0.0,,1.0,,,,,,,,,,,,,,,,,,,,,,,,,,,,0.0,,,,,,,,,,,,,,,,,,,,,,""
5617295473,"Apr 11, 2021, 6:48:57 AM",Mpafi ride,Ride,"",20835,63.02,,,,,,activities/5976776819.gpx.gz,,,20835.0,13926.0,63023.5,12.7,4.526,1150.8,1151.2,83.9,1152.3,10.0,0.0,,,,,,,,,,,,,,,,,,,,,,,0.0,,0.0,,1.0,,,,,,,,,,,,,,,,,,,,,,,,,,,,3.025,135.4,,,,,,,,,,,,,,,,,,,,,""
5617295393,"Apr 10, 2021, 6:16:32 AM",Morning Run,Run,"",6198,7.88,,,,,,activities/5976776769.gpx.gz,,,6198.0,4559.0,7888.1,4.2,1.73,707.8,720.2,272.6,985.1,43.7,-0.2,,,101.0,69.0,,,,,,,,,,,,,,,,,,,0.0,,0.0,,1.0,12851.5,,,,,,,,,,,,,,,,,,,,,,,,,,,1.273,,,,,,,,,,,,,,,,,,,,,,""
5617333785,"Apr 9, 2021, 8:33:33 AM",Lunch Run,Run,"",2567,6.00,179.0,17,,,,activities/5976816642.fit.gz,,,2567.0,2079.0,6004.7,4.2,2.888,33.0,348.0,80.2,99.5,10.4,0.1,,,92.0,88.0,,133.0,,,233.0,,,17.0,,,,,,,,,,,,,0.0,,1.0,6050.8,,,,,,,,,,,,,,,,,,,,,,,,,,,2.339,,,,,,,,,,,,,,,,,,,,,,""
5617333727,"Apr 8, 2021, 11:58:19 AM",Afternoon Ride,Ride,"",414,3.16,137.0,1,,,,activities/5976816630.fit.gz,,,414.0,392.0,3165.6,13.5,8.076,0.0,158.0,103.9,253.8,0.1,-4.7,,,,,,122.0,,,39.0,,,1.0,,,,,,,,,,,0.0,,0.0,,1.0,,,,,,,,,,,,,,,,,,,,,,,,,,,,7.646,,,,,,,,,,,,,,,,,,,,,,""
5617333741,"Apr 8, 2021, 11:40:07 AM",Afternoon Run,Run,"",938,3.00,155.0,13,,,,activities/5976816624.fit.gz,,,938.0,938.0,3003.5,4.2,3.202,68.4,90.0,255.0,268.7,13.5,0.0,,,91.0,88.0,,143.0,,,128.0,,,13.0,,,,,,,,,,,,,0.0,,1.0,3161.2,,,,,,,,,,,,,,,,,,,,,,,,,,,3.202,,,,,,,,,,,,,,,,,,,,,,""
5617333743,"Apr 8, 2021, 8:42:17 AM",Lunch Ride,Ride,"",10507,20.00,150.0,37,,,,activities/5976816616.fit.gz,,,10507.0,5625.0,20007.5,9.2,3.557,468.2,354.0,112.4,442.6,36.8,0.7,,,,,,128.0,,,475.0,,,37.0,,,,,,,,,,,0.0,,0.0,,1.0,,,,,,,,,,,,,,,,,,,,,,,,,,,,1.904,,,,,,,,,,,,,,,,,,,,,,""
5904520518,"Apr 7, 2021, 1:35:22 PM",Afternoon Run,Run,"",9267,14.00,193.0,223,,"",,activities/6277310010.tcx.gz,,,9267.0,7992.0,14003.0,4.2,1.752,939.6,948.6,487.1,1342.4,49.5,-0.1,,,,,,154.0,,,1068.0,,,223.0,,,,,,,,,,,,,0.0,,1.0,20259.6,,,,,,,,,,,,,,,,,,,,,,,,,,0.0,1.511,,,,,,,,,,,,,,,,,,,,,,""
5617329254,"Apr 3, 2021, 5:50:13 AM",Morning Run,Run,"",8422,12.00,189.0,120,,,,activities/5976811887.fit.gz,,,8422.0,6692.0,12001.5,3.9,1.793,700.8,952.0,493.7,1081.8,49.2,0.0,,,125.0,72.0,,138.0,,,798.0,,,120.0,,,,,,,,,,,0.0,,0.0,,1.0,16416.6,,,,,,,,,,,,,,,,,,,,,,,,,,,1.425,,,,,,,,,,,,,,,,,,,,,,""
5617329217,"Apr 2, 2021, 6:56:56 AM",Morning Run,Run,"",2367,6.00,179.0,75,,,,activities/5976811874.fit.gz,,,2367.0,2062.0,6003.7,4.3,2.912,14.3,208.0,102.4,109.6,3.8,0.0,,,91.0,88.0,,162.0,,,347.0,,,75.0,,,,,,,,,,,,,0.0,,1.0,6020.9,,,,,,,,,,,,,,,,,,,,,,,,,,,2.536,,,,,,,,,,,,,,,,,,,,,,""
5617295360,"Mar 31, 2021, 2:36:26 PM",Afternoon Run,Run,"",5774,11.15,,,,,,activities/5976776740.gpx.gz,,,5774.0,4541.0,11153.7,4.2,2.456,450.5,451.7,97.3,207.3,18.4,0.0,,,123.0,80.0,,,,,,,,,,,,,,,,,,,0.0,,0.0,,1.0,12831.8,,,,,,,,,,,,,,,,,,,,,,,,,,,1.932,,,,,,,,,,,,,,,,,,,,,,""
5617295312,"Mar 30, 2021, 4:36:16 PM",Evening Run,Run,"",6659,0,,,,,,activities/5976776717.tcx.gz,,,6659.0,6659.0,0.0,0.0,0.0,0.0,,,,0.0,0.0,,,,,,,,,,,,,,,,,,,,,,,,,0.0,,1.0,,,,,,,,,,,,,,,,,,,,,,,,,,,,0.0,,,,,,,,,,,,,,,,,,,,,,""
5617295313,"Mar 30, 2021, 8:18:17 AM",Lunch Ride,Ride,"",4210,20.03,,,,,,activities/5976776707.gpx.gz,,,4210.0,3959.0,20034.0,8.7,5.06,138.3,137.2,80.3,140.2,4.3,0.0,,,,,,,,,,,,,,,,,,,,,,,0.0,,0.0,,1.0,,,,,,,,,,,,,,,,,,,,,,,,,,,,4.759,,,,,,,,,,,,,,,,,,,,,,""
5617295269,"Mar 29, 2021, 8:23:21 AM",Lunch Run,Run,"",4994,0,,,,,,activities/5976776689.tcx.gz,,,4994.0,4994.0,0.0,0.0,0.0,0.0,,,,0.0,0.0,,,,,,,,,,,,,,,,,,,,,,,,,0.0,,1.0,,,,,,,,,,,,,,,,,,,,,,,,,,,,0.0,,,,,,,,,,,,,,,,,,,,,,""
5617295328,"Mar 28, 2021, 5:52:41 AM",Morning Run,Run,"",8099,12.97,,,,,,activities/5976776661.gpx.gz,,,8099.0,6567.0,12972.0,3.8,1.975,773.1,773.0,97.4,415.6,47.5,0.0,,,124.0,74.0,,,,,,,,,,,,,,,,,,,0.0,,0.0,,1.0,17483.8,,,,,,,,,,,,,,,,,,,,,,,,,,,1.602,,,,,,,,,,,,,,,,,,,,,,""
5617295244,"Mar 27, 2021, 7:40:25 AM",Morning Run,Run,"",9818,9.98,,,,,,activities/5976776627.gpx.gz,,,9818.0,7629.0,9987.1,3.3,1.309,1064.4,1050.5,497.4,1031.9,43.3,0.1,,,118.0,65.0,,,,,,,,,,,,,,,,,,,0.0,,0.0,,1.0,18597.3,,,,,,,,,,,,,,,,,,,,,,,,,,,1.017,,,,,,,,,,,,,,,,,,,,,,""
5617295176,"Mar 26, 2021, 3:24:00 PM",Afternoon Run,Run,"",3344,8.10,,,,,,activities/5976776584.gpx.gz,,,3344.0,2577.0,8105.2,5.5,3.145,154.5,153.8,256.1,267.8,10.0,0.0,,,101.0,86.0,,,,,,,,,,,,,,,,,,,,,0.0,,1.0,8425.5,,,,,,,,,,,,,,,,,,,,,,,,,,,2.424,,,,,,,,,,,,,,,,,,,,,,""
5617295155,"Mar 25, 2021, 6:47:17 AM",Morning Run,Run,"",6613,0,,,,,,activities/5976776563.tcx.gz,,,6613.0,6613.0,0.0,0.0,0.0,0.0,,,,0.0,0.0,,,,,,,,,,,,,,,,,,,,,,,,,0.0,,1.0,,,,,,,,,,,,,,,,,,,,,,,,,,,,0.0,,,,,,,,,,,,,,,,,,,,,,""
5617295143,"Mar 24, 2021, 3:49:50 PM",Afternoon Run,Run,"",4450,10.57,,,,,,activities/5976776536.gpx.gz,,,4450.0,3151.0,10569.9,5.5,3.354,0.0,0.4,101.3,103.8,1.5,0.0,,,96.0,89.0,,,,,,,,,,,,,,,,,,,0.0,,0.0,,1.0,10566.3,,,,,,,,,,,,,,,,,,,,,,,,,,,2.375,,,,,,,,,,,,,,,,,,,,,,""
5617295108,"Mar 23, 2021, 5:09:49 PM",Evening Run,Run,"",2607,6.08,,,,,,activities/5976776506.gpx.gz,,,2607.0,2080.0,6087.3,4.5,2.927,28.8,27.6,102.4,109.6,11.1,0.0,,,100.0,88.0,,,,,,,,,,,,,,,,,,,,,0.0,,1.0,6131.4,,,,,,,,,,,,,,,,,,,,,,,,,,,2.335,,,,,,,,,,,,,,,,,,,,,,""
5617295083,"Mar 22, 2021, 5:35:31 PM",Evening Run,Run,"",4824,0,,,,,,activities/5976776491.tcx.gz,,,4824.0,4824.0,0.0,0.0,0.0,0.0,,,,0.0,0.0,,,,,,,,,,,,,,,,,,,,,,,,,0.0,,1.0,,,,,,,,,,,,,,,,,,,,,,,,,,,,0.0,,,,,,,,,,,,,,,,,,,,,,""
5617295087,"Mar 21, 2021, 7:17:09 AM",Petroup,Run,"",7735,19.98,,,,,,activities/5976776463.gpx.gz,,,7735.0,7050.0,19982.2,4.3,2.834,462.7,480.9,87.1,410.0,12.0,-0.1,,,92.0,86.0,,,,,,,,,,,,,,,,,,,0.0,,0.0,,1.0,20905.4,,,,,,,,,,,,,,,,,,,,,,,,,,,2.583,13777.8,,,,,,,,,,,,,,,,,,,,,""
5617288946,"Mar 20, 2021, 11:28:31 AM",Afternoon Run,Run,"",1865,0,,,,,,activities/5976770192.tcx.gz,,,1865.0,1865.0,0.0,0.0,0.0,0.0,,,,0.0,0.0,,,,,,,,,,,,,,,,,,,,,,,,,0.0,,1.0,,,,,,,,,,,,,,,,,,,,,,,,,,,,0.0,,,,,,,,,,,,,,,,,,,,,,""
5617288981,"Mar 20, 2021, 8:58:25 AM",Morning Run,Run,"",5478,7.21,,,,,,activities/5976770172.gpx.gz,,,5478.0,3688.0,7213.2,3.7,1.956,441.5,441.8,241.4,435.6,47.5,0.0,,,123.0,77.0,,,,,,,,,,,,,,,,,,,0.0,,0.0,,1.0,9700.1,,,,,,,,,,,,,,,,,,,,,,,,,,,1.317,,,,,,,,,,,,,,,,,,,,,,""
5617288948,"Mar 19, 2021, 5:24:33 PM",Evening Run,Run,"",4582,0,,,,,,activities/5976770135.tcx.gz,,,4582.0,4582.0,0.0,0.0,0.0,0.0,,,,0.0,0.0,,,,,,,,,,,,,,,,,,,,,,,,,0.0,,1.0,,,,,,,,,,,,,,,,,,,,,,,,,,,,0.0,,,,,,,,,,,,,,,,,,,,,,""
5617288900,"Mar 19, 2021, 3:46:31 PM",Afternoon Run,Run,"",3390,8.05,,,,,,activities/5976770113.gpx.gz,,,3390.0,2511.0,8049.2,11.5,3.206,156.8,154.6,255.7,269.6,10.6,0.0,,,110.0,89.0,,,,,,,,,,,,,,,,,,,,,0.0,,1.0,8411.7,,,,,,,,,,,,,,,,,,,,,,,,,,,2.374,,,,,,,,,,,,,,,,,,,,,,""
5617288879,"Mar 18, 2021, 3:14:11 PM",Afternoon Ride,Ride,"",2609,11.58,,,,,,activities/5976770071.gpx.gz,,,2609.0,2384.0,11583.3,8.7,4.859,121.2,72.9,24.1,102.2,11.6,0.4,,,,,,,,,,,,,,,,,,,,,,,0.0,,0.0,,1.0,,,,,,,,,,,,,,,,,,,,,,,,,,,,4.44,,,,,,,,,,,,,,,,,,,,,,""
5617288835,"Mar 18, 2021, 2:10:04 PM",Afternoon Run,Run,"",3780,0,,,,,,activities/5976770056.tcx.gz,,,3780.0,3780.0,0.0,0.0,0.0,0.0,,,,0.0,0.0,,,,,,,,,,,,,,,,,,,,,,,,,0.0,,1.0,,,,,,,,,,,,,,,,,,,,,,,,,,,,0.0,,,,,,,,,,,,,,,,,,,,,,""
5617288801,"Mar 18, 2021, 1:22:08 PM",Afternoon Ride,Ride,"",2329,10.94,,,,,,activities/5976770024.gpx.gz,,,2329.0,2064.0,10940.9,9.4,5.301,57.3,107.2,45.7,100.0,4.6,-0.5,,,,,,,,,,,,,,,,,,,,,,,0.0,,0.0,,1.0,,,,,,,,,,,,,,,,,,,,,,,,,,,,4.698,,,,,,,,,,,,,,,,,,,,,,""
5617288814,"Mar 17, 2021, 4:12:51 PM",Evening Run,Run,"",4324,8.38,,,,,,activities/5976770003.gpx.gz,,,4324.0,2089.0,8382.3,6.0,4.013,5.2,6.6,101.3,104.4,10.4,0.0,,,103.0,92.0,,,,,,,,,,,,,,,,,,,,,0.0,,1.0,8382.4,,,,,,,,,,,,,,,,,,,,,,,,,,,1.939,,,,,,,,,,,,,,,,,,,,,,""
5617288758,"Mar 16, 2021, 5:59:45 PM",Evening Run,Run,"",3322,5.04,,,,,,activities/5976769971.gpx.gz,,,3322.0,1516.0,5048.5,5.3,3.33,18.0,18.5,102.3,109.6,5.2,0.0,,,110.0,88.0,,,,,,,,,,,,,,,,,,,,,0.0,,1.0,5075.2,,,,,,,,,,,,,,,,,,,,,,,,,,,1.52,,,,,,,,,,,,,,,,,,,,,,""
5617288759,"Mar 14, 2021, 8:32:49 AM",Morning Run,Run,"",9619,17.15,,,,,,activities/5976769938.gpx.gz,,,9619.0,6251.0,17151.6,4.4,2.744,365.9,385.9,112.7,448.4,22.6,-0.1,,,94.0,86.0,,,,,,,,,,,,,,,,,,,0.0,,0.0,,1.0,17878.9,,,,,,,,,,,,,,,,,,,,,,,,,,,1.783,,,,,,,,,,,,,,,,,,,,,,""
5617288733,"Mar 13, 2021, 6:22:24 AM",Morning Run,Run,"",14433,13.77,,,,,,activities/5976769894.gpx.gz,,,14433.0,8818.0,13771.3,4.9,1.562,843.5,937.8,497.5,1277.6,45.4,-0.7,,,121.0,70.0,,,,,,,,,,,,,,,,,,,0.0,,0.0,,1.0,19336.0,,,,,,,,,,,,,,,,,,,,,,,,,,,0.954,,,,,,,,,,,,,,,,,,,,,,""
5617288646,"Mar 12, 2021, 2:51:33 PM",Afternoon Run,Run,"",3095,7.08,,,,,,activities/5976769835.gpx.gz,,,3095.0,2263.0,7085.7,5.6,3.131,141.8,130.6,255.1,269.0,11.3,0.2,,,121.0,87.0,,,,,,,,,,,,,,,,,,,,,0.0,,1.0,7389.0,,,,,,,,,,,,,,,,,,,,,,,,,,,2.289,,,,,,,,,,,,,,,,,,,,,,""
5617288605,"Mar 11, 2021, 4:57:00 PM",Evening Run,Run,"",4492,0,,,,,,activities/5976769796.tcx.gz,,,4492.0,4492.0,0.0,0.0,0.0,0.0,,,,0.0,0.0,,,,,,,,,,,,,,,,,,,,,,,,,0.0,,1.0,,,,,,,,,,,,,,,,,,,,,,,,,,,,0.0,,,,,,,,,,,,,,,,,,,,,,""
5617288604,"Mar 11, 2021, 2:47:55 PM",Afternoon Ride,Ride,"",2590,11.13,,,,,,activities/5976769782.gpx.gz,,,2590.0,2464.0,11136.0,8.4,4.519,107.9,56.2,46.5,101.0,10.9,0.5,,,,,,,,,,,,,,,,,,,,,,,,,0.0,,1.0,,,,,,,,,,,,,,,,,,,,,,,,,,,,4.3,,,,,,,,,,,,,,,,,,,,,,""
5617288563,"Mar 11, 2021, 1:47:01 PM",Afternoon Run,Run,"",3431,0,,,,,,activities/5976769755.tcx.gz,,,3431.0,3431.0,0.0,0.0,0.0,0.0,,,,0.0,0.0,,,,,,,,,,,,,,,,,,,,,,,,,0.0,,1.0,,,,,,,,,,,,,,,,,,,,,,,,,,,,0.0,,,,,,,,,,,,,,,,,,,,,,""
5617288557,"Mar 11, 2021, 12:58:50 PM",Afternoon Ride,Ride,"",2636,13.03,,,,,,activities/5976769735.gpx.gz,,,2636.0,2455.0,13030.3,10.1,5.308,84.4,136.7,45.8,102.3,8.5,-0.4,,,,,,,,,,,,,,,,,,,,,,,0.0,,0.0,,1.0,,,,,,,,,,,,,,,,,,,,,,,,,,,,4.943,,,,,,,,,,,,,,,,,,,,,,""
5617288513,"Mar 10, 2021, 5:46:09 PM",Evening Run,Run,"",5114,0,,,,,,activities/5976769721.tcx.gz,,,5114.0,5114.0,0.0,0.0,0.0,0.0,,,,0.0,0.0,,,,,,,,,,,,,,,,,,,,,,,,,0.0,,1.0,,,,,,,,,,,,,,,,,,,,,,,,,,,,0.0,,,,,,,,,,,,,,,,,,,,,,""
5617288514,"Mar 10, 2021, 2:54:58 PM",Afternoon Run,Run,"",3606,8.14,,,,,,activities/5976769697.gpx.gz,,,3606.0,2522.0,8143.4,5.7,3.229,162.9,161.5,256.1,268.2,11.0,0.0,,,100.0,87.0,,,,,,,,,,,,,,,,,,,,,0.0,,1.0,8480.9,,,,,,,,,,,,,,,,,,,,,,,,,,,2.258,,,,,,,,,,,,,,,,,,,,,,""
5904210491,"Mar 7, 2021, 7:43:57 AM",30ari,Run,"",11142,30.01,184.0,412,,"",,activities/6276987276.tcx.gz,,,11142.0,10379.0,30010.3,4.3,2.891,695.1,734.9,167.0,415.3,11.2,-0.1,,,,,,164.0,,,1724.0,,,412.0,,,,,,,,,,,0.0,,0.0,,1.0,31208.4,,,,,,,,,,,,,,,,,,,,,,,,,,0.0,2.693,29887.6,,,,,,,,,,,,,,,,,,,,,""
6008595062,"Mar 6, 2021, 10:45:58 AM",Lunch Ride,Ride,"",6883,25.23,145.0,22,,"",,activities/6008595062.gpx,,,6883.0,4826.0,25232.4,9.9,5.228,188.0,187.5,80.6,147.8,6.4,0.0,,,,,,123.0,,,,,,22.0,,,,,,,,,,,,,0.0,,1.0,,,,,,,,,,,,,,,,,,,,,,,,,,,0.0,3.666,,,,,,,,,,,,,,,,,,,,,,""
5904474817,"Mar 3, 2021, 4:20:09 PM",Evening Run,Run,"",4185,10.01,162.0,19,,"",,activities/6277262392.tcx.gz,,,4185.0,2851.0,10011.0,5.5,3.511,0.0,0.8,101.3,103.1,1.3,0.0,,,,,,133.0,,,325.0,,,19.0,,,,,,,,,,,,,0.0,,1.0,10005.3,,,,,,,,,,,,,,,,,,,,,,,,,,0.0,2.392,,,,,,,,,,,,,,,,,,,,,,""
5904447773,"Feb 28, 2021, 6:58:25 AM",Morning Run,Run,"",7630,13.99,180.0,153,,"",,activities/6277234238.tcx.gz,,,7630.0,6658.0,13996.1,3.9,2.102,657.4,655.4,463.7,1053.4,26.3,0.0,,,,,,150.0,,,963.0,,,153.0,,,,,,,,,,,,,0.0,,1.0,17140.4,,,,,,,,,,,,,,,,,,,,,,,,,,0.0,1.834,,,,,,,,,,,,,,,,,,,,,,""
5904447766,"Feb 27, 2021, 6:37:06 AM",Morning Run,Run,"",7977,10.00,199.0,121,,"",,activities/6277234226.tcx.gz,,,7977.0,5818.0,10007.3,3.7,1.72,795.1,800.1,270.8,988.9,49.7,0.0,,,,,,147.0,,,830.0,,,121.0,,,,,,,,,,,,,0.0,,1.0,15295.1,,,,,,,,,,,,,,,,,,,,,,,,,,0.0,1.255,,,,,,,,,,,,,,,,,,,,,,""
5904440569,"Feb 26, 2021, 3:57:20 PM",Afternoon Run,Run,"",2633,8.01,169.0,62,,"",,activities/6277226946.tcx.gz,,,2633.0,2588.0,8009.9,5.7,3.095,166.2,165.2,255.2,266.8,13.6,0.0,,,,,,151.0,,,414.0,,,62.0,,,,,,,,,,,,,0.0,,1.0,8403.2,,,,,,,,,,,,,,,,,,,,,,,,,,0.0,3.042,,,,,,,,,,,,,,,,,,,,,,""
5904440592,"Feb 24, 2021, 4:12:15 PM",Evening Run,Run,"",4435,10.02,177.0,74,,"",,activities/6277226933.tcx.gz,,,4435.0,2886.0,10022.2,6.5,3.473,89.1,86.0,78.5,102.2,23.9,0.0,,,,,,153.0,,,446.0,,,74.0,,,,,,,,,,,,,0.0,,1.0,10164.8,,,,,,,,,,,,,,,,,,,,,,,,,,0.0,2.26,,,,,,,,,,,,,,,,,,,,,,""
5904440580,"Feb 23, 2021, 6:03:00 PM",Evening Run,Run,"",3402,8.00,166.0,38,,"",,activities/6277226924.tcx.gz,,,3402.0,2432.0,8008.5,6.1,3.293,22.3,35.9,85.0,107.4,30.1,-0.2,,,,,,144.0,,,336.0,,,38.0,,,,,,,,,,,,,0.0,,1.0,7993.1,,,,,,,,,,,,,,,,,,,,,,,,,,0.0,2.354,,,,,,,,,,,,,,,,,,,,,,""
5904440667,"Feb 21, 2021, 7:20:25 AM",Morning Run,Run,"",8745,21.10,189.0,197,,"",,activities/6277226911.tcx.gz,,,8745.0,7207.0,21103.6,4.5,2.928,540.9,586.7,96.5,414.3,49.5,-0.2,,,,,,155.0,,,1045.0,,,197.0,,,,,,,,,,,0.0,,0.0,,1.0,22358.3,,,,,,,,,,,,,,,,,,,,,,,,,,0.0,2.413,,,,,,,,,,,,,,,,,,,,,,""
5904440610,"Feb 20, 2021, 7:56:23 AM",Morning Run,Run,"",4696,7.04,188.0,69,,"",,activities/6277226902.tcx.gz,,,4696.0,3719.0,7044.8,3.8,1.894,430.5,426.3,237.7,435.5,50.0,0.1,,,,,,146.0,,,500.0,,,69.0,,,,,,,,,,,0.0,,0.0,,1.0,9424.9,,,,,,,,,,,,,,,,,,,,,,,,,,0.0,1.5,,,,,,,,,,,,,,,,,,,,,,""
5904415186,"Feb 19, 2021, 4:20:54 PM",Evening Run,Run,"",3586,10.01,180.0,88,,"",,activities/6277200486.tcx.gz,,,3586.0,2944.0,10009.1,7.3,3.4,70.2,73.2,89.4,101.4,4.7,0.0,,,,,,156.0,,,451.0,,,88.0,,,,,,,,,,,,,0.0,,1.0,10086.1,,,,,,,,,,,,,,,,,,,,,,,,,,0.0,2.791,,,,,,,,,,,,,,,,,,,,,,""
5904415188,"Feb 17, 2021, 11:17:55 AM",Afternoon Run,Run,"",5990,11.01,186.0,162,,"",,activities/6277200453.tcx.gz,,,5990.0,3910.0,11013.0,4.5,2.817,261.8,186.9,250.0,341.5,22.6,0.7,,,,,,166.0,,,656.0,,,162.0,,,,,,,,,,,0.0,,0.0,,1.0,11653.7,,,,,,,,,,,,,,,,,,,,,,,,,,0.0,1.839,,,,,,,,,,,,,,,,,,,,,,""
5904415129,"Feb 16, 2021, 9:25:07 AM",Lunch Run,Run,"",17158,4.00,191.0,42,,"",,activities/6277200436.tcx.gz,,,17158.0,1734.0,4001.1,3.3,2.307,168.1,122.2,124.6,289.8,36.7,1.1,,,,,,153.0,,,275.0,,,42.0,,,,,,,,,,,,,0.0,,1.0,4604.3,,,,,,,,,,,,,,,,,,,,,,,,,,0.0,0.233,,,,,,,,,,,,,,,,,,,,,,""
5904381500,"Feb 13, 2021, 8:22:20 AM",Morning Run,Run,"",4085,5.39,169.0,19,,"",,activities/6277165561.tcx.gz,,,4085.0,2725.0,5393.7,4.2,1.979,350.9,347.3,229.8,435.6,46.3,0.1,,,,,,126.0,,,291.0,,,19.0,,,,,,,,,,,0.0,,0.0,,1.0,7494.9,,,,,,,,,,,,,,,,,,,,,,,,,,0.0,1.32,,,,,,,,,,,,,,,,,,,,,,""
5904387140,"Feb 12, 2021, 4:16:20 PM",Evening Run,Run,"",5194,11.00,187.0,65,,"",,activities/6277171479.tcx.gz,,,5194.0,3192.0,11006.3,5.4,3.448,92.5,99.5,80.5,101.4,33.9,-0.1,,,,,,148.0,,,439.0,,,65.0,,,,,,,,,,,,,0.0,,1.0,11141.4,,,,,,,,,,,,,,,,,,,,,,,,,,0.0,2.119,,,,,,,,,,,,,,,,,,,,,,""
5904387148,"Feb 10, 2021, 3:22:42 PM",Afternoon Run,Run,"",4211,9.01,197.0,90,,"",,activities/6277171454.tcx.gz,,,4211.0,2740.0,9014.0,5.1,3.29,0.0,-0.1,101.3,103.1,3.3,0.0,,,,,,158.0,,,413.0,,,90.0,,,,,,,,,,,0.0,,0.0,,1.0,9009.6,,,,,,,,,,,,,,,,,,,,,,,,,,0.0,2.141,,,,,,,,,,,,,,,,,,,,,,""
5904387073,"Feb 9, 2021, 11:18:13 AM",Afternoon Run,Run,"",2494,5.60,182.0,34,,"",,activities/6277171439.tcx.gz,,,2494.0,1693.0,5601.3,5.2,3.309,6.0,6.2,102.0,108.7,5.9,0.0,,,,,,148.0,,,237.0,,,34.0,,,,,,,,,,,,,0.0,,1.0,5611.5,,,,,,,,,,,,,,,,,,,,,,,,,,0.0,2.246,,,,,,,,,,,,,,,,,,,,,,""
5904381521,"Feb 7, 2021, 7:27:45 AM",Morning Run,Run,"",8720,16.00,181.0,126,,"",,activities/6277165553.tcx.gz,,,8720.0,6618.0,16007.4,4.1,2.419,342.5,397.3,113.2,410.9,29.0,-0.3,,,,,,147.0,,,730.0,,,126.0,,,,,,,,,,,0.0,,0.0,,1.0,16900.1,,,,,,,,,,,,,,,,,,,,,,,,,,0.0,1.836,,,,,,,,,,,,,,,,,,,,,,""
5904365958,"Feb 6, 2021, 6:16:40 AM",Morning Run,Run,"",5902,9.07,191.0,121,,"",,activities/6277149362.tcx.gz,,,5902.0,4859.0,9078.8,4.4,1.868,443.8,437.7,228.4,365.5,49.0,0.1,,,,,,152.0,,,670.0,,,121.0,,,,,,,,,,,0.0,,0.0,,1.0,11644.1,,,,,,,,,,,,,,,,,,,,,,,,,,0.0,1.538,,,,,,,,,,,,,,,,,,,,,,""
5904365850,"Feb 5, 2021, 3:48:55 PM",Afternoon Run,Run,"",3688,6.03,145.0,7,,"",,activities/6277149342.tcx.gz,,,3688.0,1777.0,6030.3,6.1,3.394,29.0,28.2,99.7,111.6,20.7,0.0,,,,,,119.0,,,159.0,,,7.0,,,,,,,,,,,,,0.0,,1.0,6279.6,,,,,,,,,,,,,,,,,,,,,,,,,,0.0,1.635,,,,,,,,,,,,,,,,,,,,,,""
5904365835,"Feb 4, 2021, 6:47:16 AM",Morning Run,Run,"",2165,7.01,161.0,19,,"",,activities/6277149331.tcx.gz,,,2165.0,2165.0,7010.0,4.8,3.238,123.3,128.2,255.3,265.0,9.9,-0.1,,,,,,137.0,,,265.0,,,19.0,,,,,,,,,,,,,0.0,,1.0,7259.8,,,,,,,,,,,,,,,,,,,,,,,,,,0.0,3.238,,,,,,,,,,,,,,,,,,,,,,""
5904365851,"Feb 3, 2021, 3:43:57 PM",Afternoon Run,Run,"",1420,4.00,141.0,4,,"",,activities/6277149316.tcx.gz,,,1420.0,1055.0,4008.6,8.8,3.8,17.6,14.3,101.4,109.7,3.8,0.1,,,,,,122.0,,,104.0,,,4.0,,,,,,,,,,,,,0.0,,1.0,4030.0,,,,,,,,,,,,,,,,,,,,,,,,,,0.0,2.823,,,,,,,,,,,,,,,,,,,,,,""
5904365814,"Feb 2, 2021, 6:42:58 AM",Morning Run,Run,"",2950,6.28,150.0,19,,"",,activities/6277149303.tcx.gz,,,2950.0,2184.0,6279.4,5.9,2.875,31.1,14.4,80.5,105.2,27.9,0.3,,,,,,136.0,,,259.0,,,19.0,,,,,,,,,,,,,0.0,,1.0,6356.3,,,,,,,,,,,,,,,,,,,,,,,,,,0.0,2.129,,,,,,,,,,,,,,,,,,,,,,""
5904365956,"Jan 31, 2021, 7:09:47 AM",Morning Run,Run,"",7109,10.52,196.0,165,,"",,activities/6277149285.tcx.gz,,,7109.0,5528.0,10520.4,4.3,1.903,663.3,751.9,250.0,979.3,44.2,-0.8,,,,,,158.0,,,826.0,,,165.0,,,,,,,,,,,0.0,,0.0,,1.0,15037.6,,,,,,,,,,,,,,,,,,,,,,,,,,0.0,1.48,,,,,,,,,,,,,,,,,,,,,,""
5904365902,"Jan 30, 2021, 11:43:04 AM",Afternoon Run,Run,"",5465,7.01,188.0,81,,"",,activities/6277149277.tcx.gz,,,5465.0,2013.0,7009.5,5.4,3.482,33.3,32.3,84.8,100.9,44.7,0.0,,,,,,164.0,,,321.0,,,81.0,,,,,,,,,,,,,0.0,,1.0,7077.4,,,,,,,,,,,,,,,,,,,,,,,,,,0.0,1.283,,,,,,,,,,,,,,,,,,,,,,""
5904365889,"Jan 28, 2021, 2:11:42 PM",Afternoon Run,Run,"",8118,15.01,184.0,208,,"",,activities/6277149267.tcx.gz,,,8118.0,5443.0,15010.1,25.1,2.758,218.3,385.6,102.9,402.5,16.8,-1.1,,,,,,163.0,,,903.0,,,208.0,,,,,,,,,,,0.0,,0.0,,1.0,15266.3,,,,,,,,,,,,,,,,,,,,,,,,,,2.0,1.849,11853.7,,,,,,,,,,,,,,,,,,,,,""
5904210434,"Jan 24, 2021, 10:36:34 AM",21pb,Run,"",5993,21.11,181.0,197,,"",,activities/6276987256.tcx.gz,,,5993.0,5897.0,21115.6,4.5,3.581,0.0,-0.2,101.3,103.1,2.5,0.0,,,,,,160.0,,,872.0,,,197.0,,,,,,,,,,,0.0,,0.0,,1.0,21206.7,,,,,,,,,,,,,,,,,,,,,,,,,,0.0,3.523,,,,,,,,,,,,,,,,,,,,,,""
5904365847,"Jan 23, 2021, 8:05:57 AM",Morning Run,Run,"",4277,7.01,188.0,41,,"",,activities/6277149240.tcx.gz,,,4277.0,3500.0,7009.7,4.2,2.003,282.6,353.4,97.6,248.4,47.3,-1.0,,,,,,131.0,,,401.0,,,41.0,,,,,,,,,,,0.0,,0.0,,1.0,8975.1,,,,,,,,,,,,,,,,,,,,,,,,,,0.0,1.639,,,,,,,,,,,,,,,,,,,,,,""
5904252186,"Jan 21, 2021, 2:28:17 PM",Afternoon Ride,Ride,"",12726,40.00,162.0,61,,"",,activities/6277030921.tcx.gz,,,12726.0,7553.0,40007.8,9.3,5.297,310.7,307.6,62.7,153.0,49.7,0.0,,,,,,132.0,,,653.0,,,61.0,,,,,,,,,,,0.0,,0.0,,1.0,,,,,,,,,,,,,,,,,,,,,,,,,,,0.0,3.144,,,,,,,,,,,,,,,,,,,,,,""
9030496076,"Jan 20, 2021, 2:11:03 PM",poik xaidari,Run,"",6859,16.79,186.0,214,,"",,activities/9688293256.gpx.gz,,,6859.0,5541.0,16797.4,5.061,3.031,408.3,405.7,104.9,411.8,12.0,0.0,,,96.0,87.0,,164.0,,,,,,214.0,,,,,,,,,,,,,0.0,,1.0,17652.9,,,,,,,,,,,,,,,,,,,,,,,,,,0.0,2.449,11354.7,,,,,,,,,,,,,,,,,,,,,""
5904342126,"Jan 13, 2021, 4:25:07 PM",Evening Run,Run,"",3539,10.00,181.0,93,,"",,activities/6277124493.tcx.gz,,,3539.0,3456.0,10006.1,7.5,2.895,36.6,44.3,80.3,109.7,3.5,-0.1,,,,,,154.0,,,507.0,,,93.0,,,,,,,,,,,,,0.0,,1.0,10021.1,,,,,,,,,,,,,,,,,,,,,,,,,,0.0,2.827,,,,,,,,,,,,,,,,,,,,,,""
5904342150,"Jan 10, 2021, 9:37:25 AM",Lunch Run,Run,"",5804,15.00,187.0,200,,"",,activities/6277124482.tcx.gz,,,5804.0,5604.0,15002.0,3.7,2.677,229.8,313.7,102.4,367.5,35.6,-0.6,,,,,,161.0,,,807.0,,,200.0,,,,,,,,,,,0.0,,0.0,,1.0,15520.9,,,,,,,,,,,,,,,,,,,,,,,,,,0.0,2.585,,,,,,,,,,,,,,,,,,,,,,""
5904342166,"Jan 9, 2021, 7:16:45 AM",Morning Run,Run,"",8738,15.49,192.0,181,,"",,activities/6277124474.tcx.gz,,,8738.0,6597.0,15497.6,4.9,2.349,374.2,617.2,488.1,1046.4,35.8,-1.6,,,,,,154.0,,,936.0,,,181.0,,,,,,,,,,,0.0,,0.0,,1.0,16988.8,,,,,,,,,,,,,,,,,,,,,,,,,,0.0,1.774,,,,,,,,,,,,,,,,,,,,,,""
6008595077,"Jan 8, 2021, 9:49:37 AM",Lunch Ride,Ride,"",7625,41.03,166.0,90,,"",,activities/6008595077.gpx,,,7625.0,7330.0,41036.1,9.9,5.598,321.5,312.3,80.6,215.5,4.9,0.0,,,,,,139.0,,,,,,90.0,,,,,,,,,,,0.0,,0.0,,1.0,,,,,,,,,,,,,,,,,,,,,,,,,,,0.0,5.382,,,,,,,,,,,,,,,,,,,,,,""
5904342220,"Jan 6, 2021, 2:43:52 PM",Afternoon Run,Run,"",2439,6.01,173.0,22,,"",,activities/6277124462.tcx.gz,,,2439.0,2078.0,6016.8,4.6,2.895,34.1,34.0,3.9,17.9,12.5,0.0,,,,,,138.0,,,269.0,,,22.0,,,,,,,,,,,,,0.0,,1.0,6084.0,,,,,,,,,,,,,,,,,,,,,,,,,,0.0,2.467,,,,,,,,,,,,,,,,,,,,,,""
5904342102,"Jan 5, 2021, 3:52:03 PM",Afternoon Run,Run,"",4724,6.99,175.0,48,,"",,activities/6277124441.tcx.gz,,,4724.0,2305.0,6995.3,6.9,3.035,0.0,0.2,101.3,103.1,4.9,0.0,,,,,,148.0,,,336.0,,,48.0,,,,,,,,,,,0.0,,0.0,,1.0,6992.5,,,,,,,,,,,,,,,,,,,,,,,,,,0.0,1.481,,,,,,,,,,,,,,,,,,,,,,""
5904342293,"Jan 3, 2021, 9:51:40 AM",Lunch Run,Run,"",13875,15.01,205.0,202,,"",,activities/6277124421.tcx.gz,,,13875.0,9794.0,15011.3,4.2,1.533,978.2,997.8,478.6,1280.1,50.0,-0.1,,,,,,142.0,,,1269.0,,,202.0,,,,,,,,,,,0.0,,0.0,,1.0,21349.7,,,,,,,,,,,,,,,,,,,,,,,,,,0.0,1.082,,,,,,,,,,,,,,,,,,,,,,""
5904252215,"Dec 24, 2020, 10:03:50 AM",Kamini to sea,Ride,"",16229,71.72,174.0,256,,"",,activities/6277030900.tcx.gz,,,16229.0,12894.0,71719.1,11.3,5.562,408.2,416.6,-0.8,198.9,21.4,0.0,,,,,,146.0,,,1346.0,,,256.0,,,,,,,,,,,0.0,,0.0,,1.0,,,,,,,,,,,,,,,,,,,,,,,,,,,0.0,4.419,442.6,,,,,,,,,,,,,,,,,,,,,""
5904252195,"Dec 19, 2020, 9:11:13 AM",Kamini to alonaki,Ride,"",16196,70.00,175.0,223,,"",,activities/6277030887.tcx.gz,,,16196.0,12254.0,70005.6,10.8,5.713,402.8,406.6,3.8,198.4,6.9,0.0,,,,,,145.0,,,1202.0,,,223.0,,,,,,,,,,,0.0,,0.0,,1.0,,,,,,,,,,,,,,,,,,,,,,,,,,,0.0,4.322,0.0,,,,,,,,,,,,,,,,,,,,,""
5904568731,"Dec 13, 2020, 8:42:04 AM",Morning Run,Run,"",7927,16.00,182.0,241,,"",,activities/6277360074.tcx.gz,,,7927.0,6159.0,16005.9,4.8,2.599,353.4,353.8,104.9,410.9,13.3,0.0,,,,,,164.0,,,961.0,,,241.0,,,,,,,,,,,,,0.0,,1.0,16691.1,,,,,,,,,,,,,,,,,,,,,,,,,,0.0,2.019,,,,,,,,,,,,,,,,,,,,,,""
6008595032,"Dec 12, 2020, 10:50:42 AM",Lunch Ride,Ride,"",13831,50.10,181.0,234,,"",,activities/6008595032.gpx,,,13831.0,10268.0,50108.5,10.8,4.88,733.2,727.3,80.5,706.5,17.1,0.0,,,,,,150.0,,,,,,234.0,,,,,,,,,,,,,0.0,,1.0,,,,,,,,,,,,,,,,,,,,,,,,,,,0.0,3.623,,,,,,,,,,,,,,,,,,,,,,""
5904568759,"Dec 6, 2020, 8:11:29 AM",Morning Run,Run,"",10633,16.00,188.0,162,,"",,activities/6277360066.tcx.gz,,,10633.0,6482.0,16004.1,3.6,2.469,292.1,439.8,103.6,432.1,30.2,-0.9,,,,,,153.0,,,859.0,,,162.0,,,,,,,,,,,,,0.0,,1.0,16465.2,,,,,,,,,,,,,,,,,,,,,,,,,,0.0,1.505,,,,,,,,,,,,,,,,,,,,,,""
5904568663,"Dec 2, 2020, 3:25:28 PM",Afternoon Run,Run,"",2991,8.00,177.0,103,,"",,activities/6277360057.tcx.gz,,,2991.0,2301.0,8004.5,5.3,3.479,124.7,231.0,148.3,266.1,15.4,-1.3,,,,,,167.0,,,380.0,,,103.0,,,,,,,,,,,,,0.0,,1.0,8129.4,,,,,,,,,,,,,,,,,,,,,,,,,,0.0,2.676,,,,,,,,,,,,,,,,,,,,,,""
5904252254,"Nov 28, 2020, 11:02:53 AM",Afternoon Ride,Ride,"",11177,55.01,177.0,203,,"",,activities/6277030870.tcx.gz,,,11177.0,9286.0,55010.4,9.8,5.924,422.2,418.6,80.6,151.4,9.6,0.0,,,,,,148.0,,,982.0,,,203.0,,,,,,,,,,,0.0,,0.0,,1.0,,,,,,,,,,,,,,,,,,,,,,,,,,,0.0,4.922,,,,,,,,,,,,,,,,,,,,,,""
5904568582,"Nov 22, 2020, 8:14:39 AM",Morning Run,Run,"",7917,16.01,195.0,183,,"",,activities/6277360050.tcx.gz,,,7917.0,6155.0,16009.2,4.2,2.601,322.5,369.4,128.8,449.5,17.1,-0.3,,,,,,157.0,,,866.0,,,183.0,,,,,,,,,,,,,0.0,,1.0,16625.6,,,,,,,,,,,,,,,,,,,,,,,,,,0.0,2.022,,,,,,,,,,,,,,,,,,,,,,""
5904568626,"Nov 15, 2020, 11:39:14 AM",Afternoon Run,Run,"",9957,15.01,192.0,168,,"",,activities/6277360026.tcx.gz,,,9957.0,6904.0,15010.0,4.0,2.174,529.4,558.0,104.7,449.4,40.0,-0.2,,,,,,152.0,,,827.0,,,168.0,,,,,,,,,,,,,0.0,,1.0,17256.5,,,,,,,,,,,,,,,,,,,,,,,,,,0.0,1.507,,,,,,,,,,,,,,,,,,,,,,""
5904252279,"Nov 14, 2020, 8:19:27 AM",Morning Ride,Ride,"",23759,55.10,175.0,212,,"",,activities/6277030855.tcx.gz,,,23759.0,15471.0,55099.6,12.0,3.561,1026.1,1026.1,99.3,449.5,41.0,0.0,,,,,,139.0,,,1398.0,,,212.0,,,,,,,,,,,0.0,,0.0,,1.0,,,,,,,,,,,,,,,,,,,,,,,,,,,0.0,2.319,,,,,,,,,,,,,,,,,,,,,,""
5904568618,"Nov 12, 2020, 11:33:54 AM",Afternoon Run,Run,"",10182,15.00,184.0,133,,"",,activities/6277360014.tcx.gz,,,10182.0,6341.0,15003.6,4.2,2.366,425.5,455.8,99.3,402.6,41.0,-0.2,,,,,,149.0,,,789.0,,,133.0,,,,,,,,,,,,,0.0,,1.0,16506.1,,,,,,,,,,,,,,,,,,,,,,,,,,0.0,1.474,,,,,,,,,,,,,,,,,,,,,,""
6008619581,"Nov 8, 2020, 10:33:54 AM",Lunch Ride,Ride,"",18377,32.79,169.0,120,,"",,activities/6008619581.gpx,,,18377.0,10419.0,32789.4,8.4,3.147,721.9,715.9,89.2,410.8,12.4,0.0,,,,,,135.0,,,,,,120.0,,,,,,,,,,,0.0,,0.0,,1.0,,,,,,,,,,,,,,,,,,,,,,,,,,,0.0,1.784,,,,,,,,,,,,,,,,,,,,,,""
5904568728,"Nov 1, 2020, 9:29:51 AM",Parnassos ,Run,"",18926,15.24,199.0,86,,"",,activities/6277359977.tcx.gz,,,18926.0,8022.0,15245.5,16.1,1.9,1063.8,1068.5,498.3,1371.7,49.8,0.0,,,,,,129.0,,,1010.0,,,86.0,,,,,,,,,,,0.0,,0.0,,1.0,21881.9,,,,,,,,,,,,,,,,,,,,,,,,,,0.0,0.806,458.7,,,,,,,,,,,,,,,,,,,,,""
5904568706,"Oct 11, 2020, 7:31:37 AM",Tiheio 21,Run,"",9385,19.32,198.0,395,,"",,activities/6277359958.tcx.gz,,,9385.0,9164.0,19321.6,4.9,2.108,793.4,801.4,541.5,1103.6,44.4,0.0,,,,,,167.0,,,1385.0,,,395.0,,,,,,,,,,,0.0,,0.0,,1.0,23290.8,,,,,,,,,,,,,,,,,,,,,,,,,,0.0,2.059,,,,,,,,,,,,,,,,,,,,,,""
5904568544,"Sep 26, 2020, 5:26:08 AM",Ανάβαση Υμηττού ασφαλτος,Run,"",4434,9.90,195.0,138,,"",,activities/6277359945.tcx.gz,,,4434.0,4434.0,9900.5,3.6,2.233,641.4,-3.3,283.9,928.6,13.6,6.5,,,,,,160.0,,,642.0,,,138.0,,,,,,,,,,,0.0,,0.0,,1.0,12509.0,,,,,,,,,,,,,,,,,,,,,,,,,,0.0,2.233,0.0,,,,,,,,,,,,,,,,,,,,,""
6008619584,"Sep 25, 2020, 11:22:16 AM",Afternoon Ride,Ride,"",11478,28.61,164.0,64,,"",,activities/6008619584.gpx,,,11478.0,5474.0,28616.3,9.7,5.228,216.4,211.3,62.7,147.7,9.7,0.0,,,,,,136.0,,,,,,64.0,,,,,,,,,,,,,0.0,,1.0,,,,,,,,,,,,,,,,,,,,,,,,,,,0.0,2.493,,,,,,,,,,,,,,,,,,,,,,""
5904568590,"Sep 20, 2020, 7:06:39 AM",Divris 10 ,Run,"",4009,9.14,206.0,120,,"",,activities/6277359927.tcx.gz,,,4009.0,3929.0,9144.1,4.9,2.327,435.6,437.8,814.8,1154.3,43.9,0.0,,,,,,157.0,,,553.0,,,120.0,,,,,,,,,,,0.0,,0.0,,1.0,11506.2,,,,,,,,,,,,,,,,,,,,,,,,,,0.0,2.281,2606.8,,,,,,,,,,,,,,,,,,,,,""
5904568573,"Sep 13, 2020, 12:39:54 PM",Olympos,Run,"",6165,8.11,193.0,93,,"",,activities/6277359918.tcx.gz,,,6165.0,4243.0,8118.5,4.0,1.913,31.4,1540.8,1172.6,2682.0,49.8,-18.6,,,,,,150.0,,,566.0,,,93.0,,,,,,,,,,,0.0,,0.0,,1.0,10068.8,,,,,,,,,,,,,,,,,,,,,,,,,,0.0,1.317,8118.5,,,,,,,,,,,,,,,,,,,,,""
6769003417,"Sep 13, 2020, 5:04:11 AM",mytikas Hike,Run,"",26687,18.74,172.0,74,,"",,activities/6769003417.gpx,,,26687.0,7664.0,18739.6,17.6,2.445,1703.7,252.4,1205.7,2825.2,49.8,7.7,,,,,,134.0,,,,,,74.0,,,,,,,,,,,0.0,,0.0,,1.0,31175.5,,,,,,,,,,,,,,,,,,,,,,,,,,0.0,0.702,18300.3,,,,,,,,,,,,,,,,,,,,,""
5904568641,"Sep 12, 2020, 7:49:13 AM",Enipeas,Run,"",8978,10.50,184.0,154,,"",,activities/6277359899.tcx.gz,,,8978.0,6149.0,10500.8,19.4,1.708,661.9,661.0,545.2,1002.9,45.7,0.0,,,,,,153.0,,,837.0,,,154.0,,,,,,,,,,,0.0,,0.0,,1.0,15005.5,,,,,,,,,,,,,,,,,,,,,,,,,,2.0,1.17,10466.8,,,,,,,,,,,,,,,,,,,,,""
5904568666,"Sep 6, 2020, 5:45:03 AM",Morning Run,Run,"",13128,20.30,196.0,375,,"",,activities/6277359889.tcx.gz,,,13128.0,10611.0,20299.9,3.6,1.913,1065.0,995.8,409.0,1017.3,45.5,0.3,,,,,,161.0,,,1396.0,,,375.0,,,,,,,,,,,,,0.0,,1.0,25617.9,,,,,,,,,,,,,,,,,,,,,,,,,,0.0,1.546,,,,,,,,,,,,,,,,,,,,,,""
5904568416,"Sep 1, 2020, 3:58:21 PM",Evening Run,Run,"",3983,8.00,188.0,148,,"",,activities/6277359874.tcx.gz,,,3983.0,3936.0,8006.8,3.6,2.034,295.0,386.9,182.8,435.6,40.5,-1.1,,,,,,163.0,,,597.0,,,148.0,,,,,,,,,,,,,0.0,,1.0,9574.5,,,,,,,,,,,,,,,,,,,,,,,,,,0.0,2.01,,,,,,,,,,,,,,,,,,,,,,""
5904568529,"Aug 23, 2020, 3:29:21 PM",Evening Run,Run,"",8394,14.00,196.0,237,,"",,activities/6277359858.tcx.gz,,,8394.0,6975.0,14001.8,3.8,2.007,617.2,615.5,476.1,989.8,46.7,0.0,,,,,,160.0,,,1006.0,,,237.0,,,,,,,,,,,,,0.0,,1.0,16699.6,,,,,,,,,,,,,,,,,,,,,,,,,,0.0,1.668,,,,,,,,,,,,,,,,,,,,,,""
6008619528,"Aug 17, 2020, 3:42:28 PM",Evening Ride,Ride,"",7923,33.32,181.0,185,,"",,activities/6008619528.gpx,,,7923.0,6286.0,33325.1,11.0,5.301,421.7,416.6,34.5,199.1,22.6,0.0,,,,,,156.0,,,,,,185.0,,,,,,,,,,,,,0.0,,1.0,,,,,,,,,,,,,,,,,,,,,,,,,,,0.0,4.206,,,,,,,,,,,,,,,,,,,,,,""
6008619520,"Aug 17, 2020, 3:42:28 PM",Evening Ride,Ride,"",7923,33.32,181.0,185,,"",,activities/6008619520.gpx,,,7923.0,6286.0,33325.1,11.0,5.301,421.7,416.6,34.5,199.1,22.6,0.0,,,,,,156.0,,,,,,185.0,,,,,,,,,,,0.0,,0.0,,1.0,,,,,,,,,,,,,,,,,,,,,,,,,,,0.0,4.206,,,,,,,,,,,,,,,,,,,,,,""
6769003433,"Aug 7, 2020, 4:55:36 AM",agios arsenis,Run,"",14306,13.06,174.0,31,,"",,activities/6769003433.gpx,,,14306.0,5068.0,13067.7,14.1,2.578,920.3,937.3,616.6,1324.5,49.3,-0.1,,,,,,128.0,,,,,,31.0,,,,,,,,,,,0.0,,0.0,,1.0,21340.6,,,,,,,,,,,,,,,,,,,,,,,,,,0.0,0.913,5286.1,,,,,,,,,,,,,,,,,,,,,""
6334556281,"Jul 22, 2020, 7:24:32 PM",crew,Run,"",5914,8.68,188.0,156,,"",,activities/6334556281.gpx,,,5914.0,4894.0,8684.4,3.728,1.774,485.4,491.0,375.3,860.8,39.8,-0.1,,,124.0,73.0,,158.0,,,,,,156.0,,,,,,,,,,,,,0.0,,1.0,11154.3,,,,,,,,,,,,,,,,,,,,,,,,,,0.0,1.468,8684.4,,,,,,,,,,,,,,,,,,,,,""
6334556301,"Jul 19, 2020, 6:41:32 AM",crew,Run,"",10268,14.29,187.0,224,,"",,activities/6334556301.gpx,,,10268.0,6837.0,14297.3,3.734,2.091,636.0,638.0,415.1,860.8,42.3,0.0,,,125.0,78.0,,159.0,,,,,,224.0,,,,,,,,,,,,,0.0,,1.0,17225.8,,,,,,,,,,,,,,,,,,,,,,,,,,0.0,1.392,11856.3,,,,,,,,,,,,,,,,,,,,,""
6334556253,"Jul 12, 2020, 6:37:26 AM",skyros,Run,"",1568,4.65,194.0,71,,"",,activities/6334556253.gpx,,,1568.0,1534.0,4656.1,3.61,3.035,15.9,15.0,6.9,14.2,3.6,0.0,,,123.0,88.0,,169.0,,,,,,71.0,,,,,,,,,,,,,0.0,,1.0,4670.2,,,,,,,,,,,,,,,,,,,,,,,,,,0.0,2.969,0.0,,,,,,,,,,,,,,,,,,,,,""
6008619582,"Jun 19, 2020, 11:19:34 AM",Afternoon Ride,Ride,"",16186,40.09,165.0,101,,"",,activities/6008619582.gpx,,,16186.0,8664.0,40092.9,9.5,4.628,366.6,363.1,59.7,175.2,46.7,0.0,,,,,,137.0,,,,,,101.0,,,,,,,,,,,,,0.0,,1.0,,,,,,,,,,,,,,,,,,,,,,,,,,,0.0,2.477,,,,,,,,,,,,,,,,,,,,,,""
6334546821,"Jun 17, 2020, 7:30:22 PM",poikilo crew,Run,"",6492,14.06,183.0,167,,"",,activities/6334546821.gpx,,,6492.0,4967.0,14060.8,4.725,2.831,339.6,339.5,168.4,435.7,22.8,0.0,,,123.0,86.0,,160.0,,,,,,167.0,,,,,,,,,,,,,0.0,,1.0,14893.5,,,,,,,,,,,,,,,,,,,,,,,,,,0.0,2.166,7114.9,,,,,,,,,,,,,,,,,,,,,""
6008619553,"Jun 13, 2020, 3:36:31 PM",Evening Ride,Ride,"",8570,40.85,172.0,119,,"",,activities/6008619553.gpx,,,8570.0,7559.0,40854.2,9.5,5.405,337.3,350.4,72.7,154.4,5.5,0.0,,,,,,142.0,,,,,,119.0,,,,,,,,,,,,,0.0,,1.0,,,,,,,,,,,,,,,,,,,,,,,,,,,0.0,4.767,,,,,,,,,,,,,,,,,,,,,,""
6008619500,"Jun 5, 2020, 11:06:49 AM",Afternoon Run,Ride,"",2404,10.94,157.0,20,,"",,activities/6008619500.gpx,,,2404.0,2308.0,10939.1,9.6,4.74,79.2,122.3,62.7,180.1,5.7,-0.4,,,,,,128.0,,,,,,20.0,,,,,,,,,,,,,0.0,,1.0,10960.4,,,,,,,,,,,,,,,,,,,,,,,,,,0.0,4.55,,,,,,,,,,,,,,,,,,,,,,""
6334546795,"May 17, 2020, 5:26:58 PM",Evening Run,Run,"",3717,8.97,172.0,36,,"",,activities/6334546795.gpx,,,3717.0,3717.0,8975.4,3.044,2.415,62.2,291.3,114.6,369.1,8.5,-2.6,,,99.0,83.0,,138.0,,,,,,36.0,,,,,,,,,,,,,0.0,,1.0,8680.0,,,,,,,,,,,,,,,,,,,,,,,,,,0.0,2.415,6486.1,,,,,,,,,,,,,,,,,,,,,""
6334546812,"May 7, 2020, 5:05:07 PM",Evening Run,Run,"",5514,11.23,193.0,167,,"",,activities/6334546812.gpx,,,5514.0,4878.0,11233.1,3.032,2.303,176.0,269.2,105.2,327.8,11.9,-0.8,,,92.0,85.0,,160.0,,,,,,167.0,,,,,,,,,,,,,0.0,,1.0,11443.2,,,,,,,,,,,,,,,,,,,,,,,,,,0.0,2.037,7675.8,,,,,,,,,,,,,,,,,,,,,""
6769003439,"May 2, 2020, 3:45:49 PM",Evening Run,Run,"",5486,15.95,181.0,218,,"",,activities/6769003439.gpx,,,5486.0,5486.0,15952.6,3.876,2.908,91.9,101.5,85.0,116.2,6.3,-0.1,,,91.0,88.0,,165.0,,,,,,218.0,,,,,,,,,,,,,0.0,,1.0,16021.9,,,,,,,,,,,,,,,,,,,,,,,,,,0.0,2.908,8694.1,,,,,,,,,,,,,,,,,,,,,""
6008619562,"Apr 25, 2020, 9:02:37 AM",Lunch Ride,Ride,"",17316,51.67,174.0,282,,"",,activities/6008619562.gpx,,,17316.0,14648.0,51675.3,11.6,3.528,1003.2,1011.9,104.8,449.4,14.0,0.0,,,,,,146.0,,,,,,282.0,,,,,,,,,,,0.0,,0.0,,1.0,,,,,,,,,,,,,,,,,,,,,,,,,,,0.0,2.984,,,,,,,,,,,,,,,,,,,,,,""
6008619580,"Apr 20, 2020, 11:27:02 AM",Afternoon Ride,Ride,"",12316,41.16,177.0,254,,"",,activities/6008619580.gpx,,,12316.0,11598.0,41165.8,10.6,3.549,863.7,871.6,104.8,443.4,11.9,0.0,,,,,,149.0,,,,,,254.0,,,,,,,,,,,0.0,,0.0,,1.0,,,,,,,,,,,,,,,,,,,,,,,,,,,0.0,3.342,,,,,,,,,,,,,,,,,,,,,,""
6044460301,"Apr 18, 2020, 4:10:24 PM",Evening Run,Run,"",5929,12.08,175.0,65,,"",,activities/6044460301.gpx,,,5929.0,4510.0,12080.5,3.6,2.679,172.7,360.5,113.2,410.9,9.4,-1.6,,,91.0,85.0,,143.0,,,,,,65.0,,,,,,,,,,,,,0.0,,1.0,12050.6,,,,,,,,,,,,,,,,,,,,,,,,,,0.0,2.038,,,,,,,,,,,,,,,,,,,,,,""
6044467785,"Apr 14, 2020, 3:47:00 PM",Evening Run,Run,"",6969,15.02,181.0,135,,"",,activities/6044467785.gpx,,,6969.0,5823.0,15025.7,3.6,2.58,311.6,323.2,93.2,368.6,15.0,-0.1,,,92.0,86.0,,151.0,,,,,,135.0,,,,,,,,,,,,,0.0,,1.0,15660.0,,,,,,,,,,,,,,,,,,,,,,,,,,0.0,2.156,,,,,,,,,,,,,,,,,,,,,,""
6044467760,"Apr 13, 2020, 4:32:57 PM",Evening Run,Run,"",4609,12.09,202.0,122,,"",,activities/6044467760.gpx,,,4609.0,4470.0,12097.5,11.6,2.706,255.2,268.8,90.7,352.4,12.3,-0.1,,,92.0,86.0,,154.0,,,,,,122.0,,,,,,,,,,,,,0.0,,1.0,12556.5,,,,,,,,,,,,,,,,,,,,,,,,,,0.0,2.625,,,,,,,,,,,,,,,,,,,,,,""
6008619548,"Apr 12, 2020, 10:21:09 AM",Afternoon Ride,Ride,"",10657,30.09,170.0,146,,"",,activities/6008619548.gpx,,,10657.0,8746.0,30098.2,7.5,3.441,714.8,565.1,104.7,442.5,13.2,0.5,,,,,,143.0,,,,,,146.0,,,,,,,,,,,,,0.0,,1.0,,,,,,,,,,,,,,,,,,,,,,,,,,,0.0,2.824,,,,,,,,,,,,,,,,,,,,,,""
6008619570,"Apr 11, 2020, 9:28:39 AM",Lunch Ride,Ride,"",15670,43.25,182.0,260,,"",,activities/6008619570.gpx,,,15670.0,12787.0,43249.2,11.9,3.382,856.1,864.2,104.7,449.5,12.2,0.0,,,,,,148.0,,,,,,260.0,,,,,,,,,,,,,0.0,,1.0,,,,,,,,,,,,,,,,,,,,,,,,,,,0.0,2.76,,,,,,,,,,,,,,,,,,,,,,""
6334535646,"Apr 9, 2020, 5:11:36 PM",Evening Run,Run,"",2662,8.02,186.0,107,,"",,activities/6334535646.gpx,,,2662.0,2490.0,8020.3,4.332,3.221,92.9,244.3,103.9,264.1,10.5,-1.9,,,93.0,87.0,,166.0,,,,,,107.0,,,,,,,,,,,,,0.0,,1.0,7923.2,,,,,,,,,,,,,,,,,,,,,,,,,,0.0,3.013,127.9,,,,,,,,,,,,,,,,,,,,,""
6044460304,"Apr 2, 2020, 5:07:06 PM",Evening Run,Run,"",3665,11.14,209.0,171,,"",,activities/6044460304.gpx,,,3665.0,3328.0,11148.6,5.1,3.35,134.7,309.1,80.1,263.3,9.6,-1.6,,,100.0,89.0,,171.0,,,,,,171.0,,,,,,,,,,,,,0.0,,1.0,11112.6,,,,,,,,,,,,,,,,,,,,,,,,,,0.0,3.042,,,,,,,,,,,,,,,,,,,,,,""
6044453007,"Mar 28, 2020, 9:52:32 AM",Lunch Run,Run,"",9525,16.07,181.0,98,,"",,activities/6044453007.gpx,,,9525.0,8622.0,16076.4,4.4,1.865,403.2,420.9,104.7,449.5,27.2,-0.1,,,124.0,69.0,,136.0,,,,,,98.0,,,,,,,,,,,,,0.0,,1.0,17272.2,,,,,,,,,,,,,,,,,,,,,,,,,,0.0,1.688,,,,,,,,,,,,,,,,,,,,,,""
6044452986,"Mar 22, 2020, 10:49:00 AM",Lunch Run,Run,"",6674,9.01,184.0,37,,"",,activities/6044452986.gpx,,,6674.0,6041.0,9009.4,3.8,1.491,317.4,389.8,202.8,449.3,25.9,-0.8,,,124.0,64.0,,126.0,,,,,,37.0,,,,,,,,,,,,,0.0,,1.0,10220.3,,,,,,,,,,,,,,,,,,,,,,,,,,0.0,1.35,,,,,,,,,,,,,,,,,,,,,,""
6334535585,"Mar 20, 2020, 10:41:35 AM",tritsi,Run,"",6684,14.48,190.0,231,,"",,activities/6334535585.gpx,,,6684.0,5252.0,14484.6,3.869,2.758,95.7,90.9,84.8,116.0,8.4,0.0,,,93.0,87.0,,167.0,,,,,,231.0,,,,,,,,,,,,,0.0,,1.0,14599.7,,,,,,,,,,,,,,,,,,,,,,,,,,0.0,2.167,6572.3,,,,,,,,,,,,,,,,,,,,,""
5904280463,"Mar 10, 2020, 12:18:21 PM",Afternoon Run,Run,"",3737,2.00,,,,"",,activities/6277060629.tcx.gz,,,3737.0,3737.0,2000.0,0.7,0.535,0.0,,,,0.0,0.0,,,,,,,,,336.0,,,,,,,,,,,,,,,,0.0,,1.0,,,,,,,,,,,,,,,,,,,,,,,,,,,0.0,0.535,,,,,,,,,,,,,,,,,,,,,,""
6044453006,"Mar 8, 2020, 3:48:28 PM",Afternoon Run,Run,"",5311,15.47,185.0,210,,"",,activities/6044453006.gpx,,,5311.0,5311.0,15474.2,3.9,2.914,99.3,96.0,86.1,116.2,6.2,0.0,,,91.0,86.0,,165.0,,,,,,210.0,,,,,,,,,,,,,0.0,,1.0,15578.1,,,,,,,,,,,,,,,,,,,,,,,,,,0.0,2.914,,,,,,,,,,,,,,,,,,,,,,""
5904280472,"Feb 25, 2020, 12:11:33 PM",Afternoon Run,Run,"",3146,1.50,,,,"",,activities/6277060613.tcx.gz,,,3146.0,3146.0,1500.0,0.8,0.477,0.0,,,,0.0,0.0,,,,,,,,,253.0,,,,,,,,,,,,,,,,0.0,,1.0,,,,,,,,,,,,,,,,,,,,,,,,,,,0.0,0.477,,,,,,,,,,,,,,,,,,,,,,""
6768984443,"Feb 23, 2020, 3:23:34 PM",tritsi parko Run,Run,"",5125,15.03,193.0,241,,"",,activities/6768984443.gpx,,,5125.0,5125.0,15029.7,3.888,2.933,109.2,106.4,85.9,116.2,6.4,0.0,,,92.0,87.0,,169.0,,,,,,241.0,,,,,,,,,,,,,0.0,,1.0,15149.7,,,,,,,,,,,,,,,,,,,,,,,,,,0.0,2.933,11764.9,,,,,,,,,,,,,,,,,,,,,""
5904280460,"Feb 21, 2020, 12:26:29 PM",Afternoon Run,Run,"",2192,1.20,,,,"",,activities/6277060606.tcx.gz,,,2192.0,2192.0,1200.0,0.7,0.547,0.0,,,,0.0,0.0,,,,,,,,,201.0,,,,,,,,,,,,,,,,0.0,,1.0,,,,,,,,,,,,,,,,,,,,,,,,,,,0.0,0.547,,,,,,,,,,,,,,,,,,,,,,""
5904280470,"Feb 20, 2020, 12:28:52 PM",Afternoon Run,Run,"",2395,1.20,,,,"",,activities/6277060594.tcx.gz,,,2395.0,2395.0,1200.0,0.8,0.501,0.0,,,,0.0,0.0,,,,,,,,,195.0,,,,,,,,,,,,,,,,0.0,,1.0,,,,,,,,,,,,,,,,,,,,,,,,,,,0.0,0.501,,,,,,,,,,,,,,,,,,,,,,""
6044452993,"Feb 16, 2020, 8:00:04 AM",ymittos 15 race,Run,"",5045,15.08,201.0,316,,"",,activities/6044452993.gpx,,,5045.0,5045.0,15079.2,4.2,2.989,284.6,277.4,87.6,350.5,14.1,0.0,,,99.0,86.0,,182.0,,,,,,316.0,,,,,,,,,,,,,0.0,,1.0,15641.6,,,,,,,,,,,,,,,,,,,,,,,,,,0.0,2.989,,,,,,,,,,,,,,,,,,,,,,""
6044439798,"Feb 9, 2020, 9:00:07 AM",Salomon,Run,"",4691,10.65,199.0,240,,"",,activities/6044439798.gpx,,,4691.0,4642.0,10649.5,4.2,2.294,347.5,347.5,385.7,544.3,28.8,0.0,,,117.0,79.0,,172.0,,,,,,240.0,,,,,,,,,,,0.0,,0.0,,1.0,12152.4,,,,,,,,,,,,,,,,,,,,,,,,,,0.0,2.27,0.0,,,,,,,,,,,,,,,,,,,,,""
6334535521,"Feb 4, 2020, 6:59:05 PM",Evening Run,Run,"",3234,9.61,182.0,145,,"",,activities/6334535521.gpx,,,3234.0,3234.0,9610.3,3.592,2.972,78.8,79.2,110.9,115.0,3.3,0.0,,,92.0,89.0,,168.0,,,,,,145.0,,,,,,,,,,,,,0.0,,1.0,9672.4,,,,,,,,,,,,,,,,,,,,,,,,,,0.0,2.972,0.0,,,,,,,,,,,,,,,,,,,,,""
5904297268,"Feb 4, 2020, 12:16:31 PM",Afternoon Run,Run,"",2374,1.30,,,,"",,activities/6277078003.tcx.gz,,,2374.0,2374.0,1300.0,0.7,0.548,0.0,,,,0.0,0.0,,,,,,,,,215.0,,,,,,,,,,,,,,,,0.0,,1.0,,,,,,,,,,,,,,,,,,,,,,,,,,,0.0,0.548,,,,,,,,,,,,,,,,,,,,,,""
6334535517,"Feb 2, 2020, 3:22:36 PM",Afternoon Run,Run,"",2441,6.95,169.0,55,,"",,activities/6334535517.gpx,,,2441.0,2395.0,6956.9,3.972,2.905,77.0,63.2,84.8,105.1,11.1,0.2,,,94.0,88.0,,150.0,,,,,,55.0,,,,,,,,,,,,,0.0,,1.0,7076.8,,,,,,,,,,,,,,,,,,,,,,,,,,0.0,2.85,0.0,,,,,,,,,,,,,,,,,,,,,""
5904297276,"Jan 28, 2020, 12:21:16 PM",Afternoon Run,Run,"",2599,1.30,,,,"",,activities/6277077992.tcx.gz,,,2599.0,2599.0,1300.0,0.7,0.5,0.0,,,,0.0,0.0,,,,,,,,,220.0,,,,,,,,,,,,,,,,0.0,,1.0,,,,,,,,,,,,,,,,,,,,,,,,,,,0.0,0.5,,,,,,,,,,,,,,,,,,,,,,""
6044439788,"Jan 19, 2020, 8:50:45 AM",Levados,Run,"",4978,10.37,200.0,206,,"",,activities/6044439788.gpx,,,4978.0,4622.0,10370.3,7.8,2.244,690.9,681.0,172.2,575.8,48.9,0.1,,,123.0,76.0,,167.0,,,,,,206.0,,,,,,,,,,,0.0,,0.0,,1.0,14663.2,,,,,,,,,,,,,,,,,,,,,,,,,,0.0,2.083,672.4,,,,,,,,,,,,,,,,,,,,,""
5904297262,"Jan 16, 2020, 12:14:03 PM",Afternoon Run,Run,"",2181,1.20,,,,"",,activities/6277077981.tcx.gz,,,2181.0,2181.0,1200.0,0.7,0.55,0.0,,,,0.0,0.0,,,,,,,,,197.0,,,,,,,,,,,,,,,,0.0,,1.0,,,,,,,,,,,,,,,,,,,,,,,,,,,0.0,0.55,,,,,,,,,,,,,,,,,,,,,,""
5904297273,"Jan 14, 2020, 12:00:21 PM",Afternoon Run,Run,"",2391,1.30,,,,"",,activities/6277077966.tcx.gz,,,2391.0,2391.0,1300.0,0.6,0.544,0.0,,,,0.0,0.0,,,,,,,,,212.0,,,,,,,,,,,,,,,,0.0,,1.0,,,,,,,,,,,,,,,,,,,,,,,,,,,0.0,0.544,,,,,,,,,,,,,,,,,,,,,,""
5904297261,"Jan 9, 2020, 12:31:29 PM",Afternoon Run,Run,"",2339,1.20,,,,"",,activities/6277077960.tcx.gz,,,2339.0,2339.0,1200.0,0.6,0.513,0.0,,,,0.0,0.0,,,,,,,,,192.0,,,,,,,,,,,,,,,,0.0,,1.0,,,,,,,,,,,,,,,,,,,,,,,,,,,0.0,0.513,,,,,,,,,,,,,,,,,,,,,,""
5904297259,"Jan 7, 2020, 11:48:38 AM",Afternoon Run,Run,"",2460,1.30,,,,"",,activities/6277077946.tcx.gz,,,2460.0,2460.0,1300.0,0.7,0.528,0.0,,,,0.0,0.0,,,,,,,,,234.0,,,,,,,,,,,,,,,,0.0,,1.0,,,,,,,,,,,,,,,,,,,,,,,,,,,0.0,0.528,,,,,,,,,,,,,,,,,,,,,,""
6044439759,"Jan 5, 2020, 7:41:11 AM",Race tatoi,Run,"",2867,6.22,189.0,80,,"",,activities/6044439759.gpx,,,2867.0,2402.0,6219.3,9.6,2.589,191.4,193.6,481.8,619.1,47.7,0.0,,,118.0,81.0,,160.0,,,,,,80.0,,,,,,,,,,,0.0,,0.0,,1.0,6892.2,,,,,,,,,,,,,,,,,,,,,,,,,,0.0,2.169,4639.5,,,,,,,,,,,,,,,,,,,,,""
6044439775,"Jan 2, 2020, 8:36:58 AM",Ag arsenis,Run,"",10118,8.11,190.0,67,,"",,activities/6044439775.gpx,,,10118.0,6436.0,8111.0,7.3,1.26,690.1,731.4,612.6,1292.5,50.0,-0.5,,,124.0,63.0,,135.0,,,,,,67.0,,,,,,,,,,,0.0,,0.0,,1.0,13147.1,,,,,,,,,,,,,,,,,,,,,,,,,,0.0,0.802,3623.1,,,,,,,,,,,,,,,,,,,,,""
6044423890,"Dec 25, 2019, 7:33:04 AM",Morning Run,Run,"",3097,3.15,165.0,10,,"",,activities/6044423890.gpx,,,3097.0,2318.0,3155.2,3.0,1.361,105.8,105.1,197.6,299.2,28.0,0.0,,,124.0,60.0,,118.0,,,,,,10.0,,,,,,,,,,,,,0.0,,1.0,3662.9,,,,,,,,,,,,,,,,,,,,,,,,,,0.0,1.019,,,,,,,,,,,,,,,,,,,,,,""
6768984408,"Nov 17, 2019, 12:17:07 PM",tritsi run,Run,"",3204,9.56,182.0,150,,"",,activities/6768984408.gpx,,,3204.0,3204.0,9560.5,3.929,2.984,71.8,61.7,86.1,111.6,13.1,0.1,,,90.0,87.0,,169.0,,,,,,150.0,,,,,,,,,,,,,0.0,,1.0,9662.1,,,,,,,,,,,,,,,,,,,,,,,,,,0.0,2.984,8615.4,,,,,,,,,,,,,,,,,,,,,""
5904297252,"Nov 5, 2019, 12:08:50 PM",Afternoon Run,Run,"",2326,1.17,,,,"",,activities/6277077919.tcx.gz,,,2326.0,2326.0,1175.0,0.8,0.505,0.0,,,,0.0,0.0,,,,,,,,,201.0,,,,,,,,,,,,,,,,0.0,,1.0,,,,,,,,,,,,,,,,,,,,,,,,,,,0.0,0.505,,,,,,,,,,,,,,,,,,,,,,""
6769003403,"Nov 3, 2019, 8:37:57 AM",parnitha Hike,Hike,"",11750,12.89,154.0,20,,"",,activities/6769003403.gpx,,,11750.0,6328.0,12892.6,10.503,2.037,544.1,548.4,1031.6,1286.1,29.7,0.0,,,,,,110.0,,,,,,20.0,,,,,,,,,,,,,0.0,,1.0,,,,,,,,,,,,,,,,,,,,,,,,,,,0.0,1.097,12706.8,,,,,,,,,,,,,,,,,,,,,""
5904297179,"Nov 1, 2019, 6:10:07 PM",Evening Run,Run,"",2245,1.00,,,,"",,activities/6277077915.tcx.gz,,,2245.0,2245.0,1000.0,0.6,0.445,0.0,,,,0.0,0.0,,,,,,,,,195.0,,,,,,,,,,,,,,,,0.0,,1.0,,,,,,,,,,,,,,,,,,,,,,,,,,,0.0,0.445,,,,,,,,,,,,,,,,,,,,,,""
6044423908,"Oct 28, 2019, 7:24:27 AM",trelos race,Run,"",4619,10.62,188.0,259,,"",,activities/6044423908.gpx,,,4619.0,4596.0,10619.8,4.7,2.311,507.8,594.5,249.0,839.8,40.5,-0.8,,,118.0,77.0,,174.0,,,,,,259.0,,,,,,,,,,,,,0.0,,1.0,13289.8,,,,,,,,,,,,,,,,,,,,,,,,,,0.0,2.299,,,,,,,,,,,,,,,,,,,,,,""
6044423922,"Oct 26, 2019, 6:04:38 AM",trelos,Run,"",6804,7.56,185.0,105,,"",,activities/6044423922.gpx,,,6804.0,4569.0,7561.4,3.7,1.655,611.5,638.6,272.7,838.7,45.0,-0.4,,,124.0,71.0,,151.0,,,,,,105.0,,,,,,,,,,,,,0.0,,1.0,11876.6,,,,,,,,,,,,,,,,,,,,,,,,,,0.0,1.111,,,,,,,,,,,,,,,,,,,,,,""
6044423921,"Oct 20, 2019, 7:49:05 AM",Morning Run,Run,"",4480,10.25,181.0,119,,"",,activities/6044423921.gpx,,,4480.0,4049.0,10252.4,2.9,2.532,21.4,21.4,5.6,21.9,3.7,0.0,,,90.0,86.0,,155.0,,,,,,119.0,,,,,,,,,,,,,0.0,,1.0,10261.6,,,,,,,,,,,,,,,,,,,,,,,,,,0.0,2.288,,,,,,,,,,,,,,,,,,,,,,""
6044423879,"Oct 20, 2019, 7:03:27 AM",Morning Run,Run,"",1324,4.80,186.0,81,,"",,activities/6044423879.gpx,,,1324.0,1324.0,4808.2,4.8,3.632,10.0,10.8,2.0,9.1,3.9,0.0,,,95.0,91.0,,176.0,,,,,,81.0,,,,,,,,,,,,,0.0,,1.0,4815.7,,,,,,,,,,,,,,,,,,,,,,,,,,0.0,3.632,,,,,,,,,,,,,,,,,,,,,,""
6044423891,"Oct 13, 2019, 6:12:35 AM",Morning Run,Run,"",2275,7.78,185.0,61,,"",,activities/6044423891.gpx,,,2275.0,2275.0,7782.3,4.6,3.421,46.9,72.9,182.5,216.4,10.9,-0.3,,,92.0,89.0,,154.0,,,,,,61.0,,,,,,,,,,,,,0.0,,1.0,7806.9,,,,,,,,,,,,,,,,,,,,,,,,,,0.0,3.421,,,,,,,,,,,,,,,,,,,,,,""
6334517445,"Oct 11, 2019, 5:44:39 PM",Evening Run,Run,"",2248,6.57,164.0,52,,"",,activities/6334517445.gpx,,,2248.0,2248.0,6578.8,3.459,2.927,34.1,36.5,50.8,53.6,2.8,0.0,,,92.0,88.0,,151.0,,,,,,52.0,,,,,,,,,,,,,0.0,,1.0,6585.5,,,,,,,,,,,,,,,,,,,,,,,,,,0.0,2.927,0.0,,,,,,,,,,,,,,,,,,,,,""
6044423915,"Oct 6, 2019, 7:36:46 AM",Alpamayo race,Run,"",3375,7.00,190.0,183,,"",,activities/6044423915.gpx,,,3375.0,3367.0,7002.1,5.1,2.08,328.2,328.4,581.1,851.9,37.9,0.0,,,125.0,76.0,,172.0,,,,,,183.0,,,,,,,,,,,0.0,,0.0,,1.0,8807.7,,,,,,,,,,,,,,,,,,,,,,,,,,0.0,2.075,5098.4,,,,,,,,,,,,,,,,,,,,,""
6044423804,"Sep 29, 2019, 7:18:48 AM",Morning Run,Run,"",3806,7.99,179.0,101,,"",,activities/6044423804.gpx,,,3806.0,2793.0,7994.6,3.9,2.862,120.0,122.7,125.3,211.0,10.4,0.0,,,114.0,85.0,,162.0,,,,,,101.0,,,,,,,,,,,,,0.0,,1.0,8204.1,,,,,,,,,,,,,,,,,,,,,,,,,,0.0,2.101,,,,,,,,,,,,,,,,,,,,,,""
5904280479,"Sep 26, 2019, 11:24:33 AM",Afternoon Run,Run,"",3214,1.07,,,,"",,activities/6277060580.tcx.gz,,,3214.0,3214.0,1075.0,0.4,0.334,0.0,,,,0.0,0.0,,,,,,,,,215.0,,,,,,,,,,,,,,,,0.0,,1.0,,,,,,,,,,,,,,,,,,,,,,,,,,,0.0,0.334,,,,,,,,,,,,,,,,,,,,,,""
6334517447,"Sep 24, 2019, 5:54:25 PM",Evening Run,Run,"",3173,9.91,179.0,111,,"",,activities/6334517447.gpx,,,3173.0,3173.0,9917.9,3.812,3.126,81.3,78.7,111.0,115.0,3.4,0.0,,,91.0,88.0,,161.0,,,,,,111.0,,,,,,,,,,,,,0.0,,1.0,10002.5,,,,,,,,,,,,,,,,,,,,,,,,,,0.0,3.126,0.0,,,,,,,,,,,,,,,,,,,,,""
6044423801,"Sep 22, 2019, 7:42:48 AM",Tyros,Run,"",1272,4.64,184.0,78,,"",,activities/6044423801.gpx,,,1272.0,1260.0,4642.1,5.2,3.684,0.0,-0.4,2.7,4.4,2.4,0.0,,,99.0,91.0,,176.0,,,,,,78.0,,,,,,,,,,,0.0,,0.0,,1.0,4644.7,,,,,,,,,,,,,,,,,,,,,,,,,,0.0,3.649,,,,,,,,,,,,,,,,,,,,,,""
6334517397,"Sep 18, 2019, 5:23:19 PM",Evening Run,Run,"",2111,7.04,185.0,75,,"",,activities/6334517397.gpx,,,2111.0,2014.0,7044.5,4.456,3.498,57.6,60.2,111.0,115.1,4.5,0.0,,,93.0,90.0,,163.0,,,,,,75.0,,,,,,,,,,,,,0.0,,1.0,7093.9,,,,,,,,,,,,,,,,,,,,,,,,,,0.0,3.337,0.0,,,,,,,,,,,,,,,,,,,,,""
6334517387,"Sep 16, 2019, 5:40:55 PM",Evening Run,Run,"",1892,6.44,180.0,93,,"",,activities/6334517387.gpx,,,1892.0,1892.0,6440.1,4.117,3.404,50.6,48.1,111.1,114.8,3.2,0.0,,,94.0,90.0,,169.0,,,,,,93.0,,,,,,,,,,,,,0.0,,1.0,6497.1,,,,,,,,,,,,,,,,,,,,,,,,,,0.0,3.404,0.0,,,,,,,,,,,,,,,,,,,,,""
6334517400,"Sep 13, 2019, 3:38:47 PM",Evening Run,Run,"",2381,7.00,185.0,58,,"",,activities/6334517400.gpx,,,2381.0,2351.0,7003.8,4.168,2.979,59.5,55.1,86.3,117.7,7.5,0.1,,,94.0,90.0,,153.0,,,,,,58.0,,,,,,,,,,,,,0.0,,1.0,7071.1,,,,,,,,,,,,,,,,,,,,,,,,,,0.0,2.942,6593.4,,,,,,,,,,,,,,,,,,,,,""
6044423803,"Sep 10, 2019, 4:22:07 PM",Evening Run,Run,"",2585,7.09,187.0,96,,"",,activities/6044423803.gpx,,,2585.0,2421.0,7091.5,3.8,2.929,57.8,53.2,86.3,118.1,6.6,0.1,,,118.0,88.0,,165.0,,,,,,96.0,,,,,,,,,,,,,0.0,,1.0,7161.7,,,,,,,,,,,,,,,,,,,,,,,,,,0.0,2.743,,,,,,,,,,,,,,,,,,,,,,""
6334493628,"Sep 6, 2019, 5:01:05 PM",Evening Run,Run,"",3047,9.71,184.0,126,,"",,activities/6334493628.gpx,,,3047.0,3047.0,9718.5,5.181,3.19,77.9,75.4,111.0,114.9,3.2,0.0,,,95.0,88.0,,166.0,,,,,,126.0,,,,,,,,,,,,,0.0,,1.0,9796.9,,,,,,,,,,,,,,,,,,,,,,,,,,0.0,3.19,0.0,,,,,,,,,,,,,,,,,,,,,""
6768943022,"Sep 1, 2019, 8:58:56 AM",nauplio,Run,"",1492,4.00,166.0,38,,"",,activities/6768943022.gpx,,,1492.0,1492.0,4005.7,3.201,2.685,24.8,40.0,4.4,27.6,6.2,-0.4,,,88.0,84.0,,153.0,,,,,,38.0,,,,,,,,,,,,,0.0,,1.0,4017.1,,,,,,,,,,,,,,,,,,,,,,,,,,0.0,2.685,4005.7,,,,,,,,,,,,,,,,,,,,,""
6044423829,"Aug 31, 2019, 3:36:50 PM",Nemea,Run,"",3795,12.26,183.0,207,,"",,activities/6044423829.gpx,,,3795.0,3795.0,12260.1,4.4,3.231,102.5,102.5,260.3,322.2,12.7,0.0,,,96.0,89.0,,172.0,,,,,,207.0,,,,,,,,,,,0.0,,0.0,,1.0,12415.6,,,,,,,,,,,,,,,,,,,,,,,,,,0.0,3.231,,,,,,,,,,,,,,,,,,,,,,""
6044423794,"Aug 25, 2019, 6:41:09 AM",Morning Run,Run,"",1709,4.55,187.0,73,,"",,activities/6044423794.gpx,,,1709.0,1662.0,4556.9,5.3,2.742,13.0,10.6,1.6,8.7,4.0,0.1,,,91.0,87.0,,167.0,,,,,,73.0,,,,,,,,,,,,,0.0,,1.0,4574.4,,,,,,,,,,,,,,,,,,,,,,,,,,0.0,2.666,,,,,,,,,,,,,,,,,,,,,,""
6334493637,"Aug 19, 2019, 4:44:21 PM",Evening Run,Run,"",5147,14.93,176.0,170,,"",,activities/6334493637.gpx,,,5147.0,5147.0,14929.0,3.608,2.901,313.8,307.8,210.0,218.9,10.4,0.0,,,89.0,85.0,,161.0,,,,,,170.0,,,,,,,,,,,,,0.0,,1.0,15653.0,,,,,,,,,,,,,,,,,,,,,,,,,,0.0,2.901,0.0,,,,,,,,,,,,,,,,,,,,,""
6044423799,"Aug 14, 2019, 4:43:09 PM",Evening Run,Run,"",1720,5.03,177.0,56,,"",,activities/6044423799.gpx,,,1720.0,1690.0,5037.8,9.7,2.981,83.0,84.2,51.6,86.1,10.8,0.0,,,88.0,85.0,,159.0,,,,,,56.0,,,,,,,,,,,,,0.0,,1.0,5181.9,,,,,,,,,,,,,,,,,,,,,,,,,,0.0,2.929,,,,,,,,,,,,,,,,,,,,,,""
6334493631,"Aug 8, 2019, 4:29:23 PM",Evening Run,Run,"",3163,9.93,188.0,153,,"",,activities/6334493631.gpx,,,3163.0,3163.0,9933.9,4.801,3.141,228.8,228.3,209.1,220.4,10.0,0.0,,,90.0,86.0,,169.0,,,,,,153.0,,,,,,,,,,,,,0.0,,1.0,10437.9,,,,,,,,,,,,,,,,,,,,,,,,,,0.0,3.141,0.0,,,,,,,,,,,,,,,,,,,,,""
6334493641,"Aug 1, 2019, 4:56:20 AM",xwrio,Run,"",7636,4.55,156.0,9,,"",,activities/6334493641.gpx,,,7636.0,3128.0,4558.0,5.3,1.457,344.5,349.2,293.7,627.4,48.7,-0.1,,,121.0,64.0,,107.0,,,,,,9.0,,,,,,,,,,,,,0.0,,1.0,7255.2,,,,,,,,,,,,,,,,,,,,,,,,,,0.0,0.597,0.0,,,,,,,,,,,,,,,,,,,,,""
6044423787,"Jul 25, 2019, 8:28:24 AM",Lunch Run,Run,"",1308,4.25,184.0,62,,"",,activities/6044423787.gpx,,,1308.0,1308.0,4250.5,3.9,3.25,21.0,20.9,107.8,111.4,3.1,0.0,,,91.0,88.0,,169.0,,,,,,62.0,,,,,,,,,,,,,0.0,,1.0,4261.3,,,,,,,,,,,,,,,,,,,,,,,,,,0.0,3.25,,,,,,,,,,,,,,,,,,,,,,""
6044423813,"Jun 29, 2019, 3:05:33 PM",Evening Run,Run,"",1463,4.92,159.0,16,,"",,activities/6044423813.gpx,,,1463.0,1463.0,4920.1,4.4,3.363,25.5,25.5,5.1,15.7,11.8,0.0,,,99.0,90.0,,141.0,,,,,,16.0,,,,,,,,,,,,,0.0,,1.0,4976.4,,,,,,,,,,,,,,,,,,,,,,,,,,0.0,3.363,,,,,,,,,,,,,,,,,,,,,,""
6044423819,"Jun 9, 2019, 6:10:33 AM",Souli race,Run,"",5169,10.28,192.0,288,,"",,activities/6044423819.gpx,,,5169.0,5103.0,10283.4,8.3,2.015,712.9,160.2,45.7,603.6,49.7,5.4,,,123.0,72.0,,174.0,,,,,,288.0,,,,,,,,,,,0.0,,0.0,,1.0,14254.3,,,,,,,,,,,,,,,,,,,,,,,,,,0.0,1.989,,,,,,,,,,,,,,,,,,,,,,""
6768943010,"Jun 1, 2019, 9:07:40 AM",psatha run,Run,"",1406,3.41,171.0,19,,"",,activities/6768943010.gpx,,,1406.0,1406.0,3416.9,3.472,2.43,3.5,3.8,1.4,5.2,1.8,0.0,,,85.0,83.0,,143.0,,,,,,19.0,,,,,,,,,,,,,0.0,,1.0,3419.3,,,,,,,,,,,,,,,,,,,,,,,,,,0.0,2.43,0.0,,,,,,,,,,,,,,,,,,,,,""
6334493585,"May 28, 2019, 5:28:10 PM",Evening Run,Run,"",3379,9.91,174.0,103,,"",,activities/6334493585.gpx,,,3379.0,3379.0,9910.0,3.577,2.933,82.9,86.1,110.9,115.1,3.4,0.0,,,89.0,86.0,,158.0,,,,,,103.0,,,,,,,,,,,,,0.0,,1.0,9974.8,,,,,,,,,,,,,,,,,,,,,,,,,,0.0,2.933,0.0,,,,,,,,,,,,,,,,,,,,,""
6044423806,"May 1, 2019, 3:19:07 PM",Evening Run,Run,"",2361,5.95,177.0,73,,"",,activities/6044423806.gpx,,,2361.0,2357.0,5952.9,3.6,2.526,119.1,77.9,158.0,210.1,12.1,0.7,,,88.0,85.0,,158.0,,,,,,73.0,,,,,,,,,,,,,0.0,,1.0,6281.1,,,,,,,,,,,,,,,,,,,,,,,,,,0.0,2.521,,,,,,,,,,,,,,,,,,,,,,""
6768942954,"Apr 21, 2019, 10:05:17 AM",psatha,Run,"",2481,2.51,172.0,19,,"",,activities/6768942954.gpx,,,2481.0,1313.0,2514.3,5.423,1.915,145.3,31.8,102.7,216.2,33.0,4.5,,,123.0,72.0,,137.0,,,,,,19.0,,,,,,,,,,,,,0.0,,1.0,3368.1,,,,,,,,,,,,,,,,,,,,,,,,,,0.0,1.013,0.0,,,,,,,,,,,,,,,,,,,,,""
6334493590,"Apr 7, 2019, 7:20:07 AM",8 poikilo,Run,"",3824,8.26,187.0,190,,"",,activities/6334493590.gpx,,,3824.0,3824.0,8267.5,4.114,2.162,405.3,405.7,182.0,435.7,44.7,0.0,,,124.0,77.0,,170.0,,,,,,190.0,,,,,,,,,,,,,0.0,,1.0,10373.8,,,,,,,,,,,,,,,,,,,,,,,,,,0.0,2.162,6333.2,,,,,,,,,,,,,,,,,,,,,""
6044423805,"Mar 31, 2019, 7:15:37 AM",10 race agious,Run,"",3207,10.26,175.0,76,,"",,activities/6044423805.gpx,,,3207.0,3207.0,10268.3,4.9,3.202,74.4,74.5,75.0,107.2,4.1,0.0,,,99.0,89.0,,151.0,,,,,,76.0,,,,,,,,,,,0.0,,0.0,,1.0,10329.2,,,,,,,,,,,,,,,,,,,,,,,,,,0.0,3.202,3082.4,,,,,,,,,,,,,,,,,,,,,""
6044423811,"Mar 17, 2019, 9:52:03 AM",Lunch Run,Run,"",3128,8.89,186.0,159,,"",,activities/6044423811.gpx,,,3128.0,3128.0,8896.9,4.3,2.844,135.7,182.7,125.0,209.7,18.3,-0.5,,,89.0,85.0,,171.0,,,,,,159.0,,,,,,,,,,,,,0.0,,1.0,9111.1,,,,,,,,,,,,,,,,,,,,,,,,,,0.0,2.844,,,,,,,,,,,,,,,,,,,,,,""
6008619556,"Feb 27, 2019, 11:38:29 AM",Lunch Ride,Ride,"",10913,43.36,166.0,63,,"",,activities/6008619556.gpx,,,10913.0,8163.0,43361.0,8.9,5.312,207.3,208.2,163.8,253.6,5.5,0.0,,,,,,130.0,,,,,,63.0,,,,,,,,,,,,,0.0,,1.0,,,,,,,,,,,,,,,,,,,,,,,,,,,0.0,3.973,,,,,,,,,,,,,,,,,,,,,,""
6334478608,"Feb 21, 2019, 7:41:06 AM",wuppertal,Run,"",1618,5.06,167.0,38,,"",,activities/6334478608.gpx,,,1618.0,1609.0,5061.5,5.209,3.146,0.0,-0.2,183.9,185.5,0.4,0.0,,,92.0,89.0,,152.0,,,,,,38.0,,,,,,,,,,,,,0.0,,1.0,5062.9,,,,,,,,,,,,,,,,,,,,,,,,,,0.0,3.128,2895.5,,,,,,,,,,,,,,,,,,,,,""
6044423731,"Feb 17, 2019, 8:00:26 AM",Morning Run,Run,"",2923,8.44,184.0,86,,"",,activities/6044423731.gpx,,,2923.0,2894.0,8446.5,7.0,2.919,221.9,214.5,87.5,301.7,10.9,0.1,,,91.0,86.0,,156.0,,,,,,86.0,,,,,,,,,,,,,0.0,,1.0,8945.6,,,,,,,,,,,,,,,,,,,,,,,,,,0.0,2.89,,,,,,,,,,,,,,,,,,,,,,""
6044423734,"Feb 11, 2019, 11:23:47 AM",Afternoon Run,Run,"",2378,5.45,180.0,81,,"",,activities/6044423734.gpx,,,2378.0,2369.0,5449.5,3.4,2.3,70.9,69.4,160.6,181.5,11.3,0.0,,,92.0,84.0,,160.0,,,,,,81.0,,,,,,,,,,,,,0.0,,1.0,5622.4,,,,,,,,,,,,,,,,,,,,,,,,,,0.0,2.292,,,,,,,,,,,,,,,,,,,,,,""
6044423826,"Jan 27, 2019, 9:50:34 AM",Pavliani,Run,"",12206,13.22,190.0,131,,"",,activities/6044423826.gpx,,,12206.0,6778.0,13219.3,3.7,1.95,323.0,493.5,962.8,1252.5,49.2,-1.3,,,124.0,75.0,,147.0,,,,,,131.0,,,,,,,,,,,0.0,,0.0,,1.0,14565.8,,,,,,,,,,,,,,,,,,,,,,,,,,0.0,1.083,1406.0,,,,,,,,,,,,,,,,,,,,,""
6769003410,"Jan 13, 2019, 10:10:49 AM",araxova Hike,Hike,"",14892,9.88,145.0,15,,"",,activities/6769003410.gpx,,,14892.0,5535.0,9884.4,10.405,1.786,263.6,264.1,1115.2,1360.7,33.3,0.0,,,,,,106.0,,,,,,15.0,,,,,,,,,,,,,0.0,,1.0,,,,,,,,,,,,,,,,,,,,,,,,,,,0.0,0.664,210.5,,,,,,,,,,,,,,,,,,,,,""
6768942961,"Dec 9, 2018, 7:05:53 AM",the toc merython,Run,"",3134,9.69,194.0,166,,"",,activities/6768942961.gpx,,,3134.0,3116.0,9689.7,4.794,3.11,150.1,149.9,71.0,113.2,16.6,0.0,,,97.0,89.0,,173.0,,,,,,166.0,,,,,,,,,,,,,0.0,,1.0,9943.7,,,,,,,,,,,,,,,,,,,,,,,,,,0.0,3.092,0.0,,,,,,,,,,,,,,,,,,,,,""
6008619493,"Dec 4, 2018, 5:51:09 PM",Evening Run,Ride,"",2124,10.32,153.0,17,,"",,activities/6008619493.gpx,,,2124.0,2021.0,10321.3,8.4,5.107,75.5,40.5,6.6,68.8,3.8,0.3,,,,,,130.0,,,,,,17.0,,,,,,,,,,,,,0.0,,1.0,10446.6,,,,,,,,,,,,,,,,,,,,,,,,,,0.0,4.859,,,,,,,,,,,,,,,,,,,,,,""
6008619422,"Dec 4, 2018, 10:19:06 AM",Lunch Ride,Ride,"",2177,10.43,150.0,16,,"",,activities/6008619422.gpx,,,2177.0,1733.0,10429.9,8.2,6.018,40.6,75.2,6.2,67.6,4.7,-0.3,,,,,,136.0,,,,,,16.0,,,,,,,,,,,,,0.0,,1.0,,,,,,,,,,,,,,,,,,,,,,,,,,,0.0,4.791,,,,,,,,,,,,,,,,,,,,,,""
6008619427,"Nov 22, 2018, 6:31:49 PM",Evening Run,Ride,"",2195,10.36,155.0,23,,"",,activities/6008619427.gpx,,,2195.0,2138.0,10366.8,8.383,4.849,76.2,41.4,6.6,68.7,3.9,0.3,,,,,,138.0,,,,,,23.0,,,,,,,,,,,,,0.0,,1.0,10491.3,,,,,,,,,,,,,,,,,,,,,,,,,,0.0,4.723,0.0,,,,,,,,,,,,,,,,,,,,,""
6008619429,"Nov 22, 2018, 11:08:28 AM",Afternoon Ride,Ride,"",2266,10.50,155.0,17,,"",,activities/6008619429.gpx,,,2266.0,1795.0,10508.4,9.1,5.854,40.9,76.1,6.2,68.0,6.4,-0.3,,,,,,136.0,,,,,,17.0,,,,,,,,,,,,,0.0,,1.0,,,,,,,,,,,,,,,,,,,,,,,,,,,0.0,4.637,,,,,,,,,,,,,,,,,,,,,,""
6008619417,"Nov 20, 2018, 5:39:12 PM",Evening Run,Ride,"",2050,10.32,97.0,3,,"",,activities/6008619417.gpx,,,2050.0,1982.0,10321.9,9.5,5.208,75.7,40.2,6.6,68.7,3.5,0.3,,,,,,79.0,,,,,,3.0,,,,,,,,,,,,,0.0,,1.0,10445.8,,,,,,,,,,,,,,,,,,,,,,,,,,0.0,5.035,,,,,,,,,,,,,,,,,,,,,,""
